
CondaVerificationError: The package for xorg-libx11 located at /home/raahimnawaz/miniforge3/pkgs/xorg-libx11-1.8.13-he1eb515_0
appears to be corrupted. The path 'include/X11/Xcms.h'
specified in the package manifest cannot be found.

CondaVerificationError: The package for xorg-libx11 located at /home/raahimnawaz/miniforge3/pkgs/xorg-libx11-1.8.13-he1eb515_0
appears to be corrupted. The path 'include/X11/Xlib.h'
specified in the package manifest cannot be found.

CondaVerificationError: The package for xorg-libx11 located at /home/raahimnawaz/miniforge3/pkgs/xorg-libx11-1.8.13-he1eb515_0
appears to be corrupted. The path 'include/X11/Xlibint.h'
specified in the package manifest cannot be found.

CondaVerificationError: The package for xorg-libx11 located at /home/raahimnawaz/miniforge3/pkgs/xorg-libx11-1.8.13-he1eb515_0
appears to be corrupted. The path 'include/X11/extensions/XKBgeom.h'
specified in the package manifest cannot be found.

CondaVerificationError: The package for xorg-libx11 located at /home/raahimnawaz/miniforge3/pkgs/xorg-libx11-1.8.13-he1eb515_0
appears to be corrupted. The path 'lib/libX11-xcb.so'
specified in the package manifest cannot be found.

CondaVerificationError: The package for xorg-libx11 located at /home/raahimnawaz/miniforge3/pkgs/xorg-libx11-1.8.13-he1eb515_0
appears to be corrupted. The path 'lib/libX11-xcb.so.1'
specified in the package manifest cannot be found.

CondaVerificationError: The package for xorg-libx11 located at /home/raahimnawaz/miniforge3/pkgs/xorg-libx11-1.8.13-he1eb515_0
appears to be corrupted. The path 'lib/libX11.so'
specified in the package manifest cannot be found.

CondaVerificationError: The package for xorg-libx11 located at /home/raahimnawaz/miniforge3/pkgs/xorg-libx11-1.8.13-he1eb515_0
appears to be corrupted. The path 'lib/libX11.so.6'
specified in the package manifest cannot be found.

CondaVerificationError: The package for xorg-libx11 located at /home/raahimnawaz/miniforge3/pkgs/xorg-libx11-1.8.13-he1eb515_0
appears to be corrupted. The path 'share/X11/locale/armscii-8/XI18N_OBJS'
specified in the package manifest cannot be found.

CondaVerificationError: The package for xorg-libx11 located at /home/raahimnawaz/miniforge3/pkgs/xorg-libx11-1.8.13-he1eb515_0
appears to be corrupted. The path 'share/X11/locale/en_US.UTF-8/Compose'
specified in the package manifest cannot be found.

CondaVerificationError: The package for xorg-libx11 located at /home/raahimnawaz/miniforge3/pkgs/xorg-libx11-1.8.13-he1eb515_0
appears to be corrupted. The path 'share/X11/locale/en_US.UTF-8/XI18N_OBJS'
specified in the package manifest cannot be found.

CondaVerificationError: The package for xorg-libx11 located at /home/raahimnawaz/miniforge3/pkgs/xorg-libx11-1.8.13-he1eb515_0
appears to be corrupted. The path 'share/X11/locale/en_US.UTF-8/XLC_LOCALE'
specified in the package manifest cannot be found.

CondaVerificationError: The package for xorg-libx11 located at /home/raahimnawaz/miniforge3/pkgs/xorg-libx11-1.8.13-he1eb515_0
appears to be corrupted. The path 'share/X11/locale/fi_FI.UTF-8/XLC_LOCALE'
specified in the package manifest cannot be found.

CondaVerificationError: The package for xorg-libx11 located at /home/raahimnawaz/miniforge3/pkgs/xorg-libx11-1.8.13-he1eb515_0
appears to be corrupted. The path 'share/X11/locale/georgian-academy/Compose'
specified in the package manifest cannot be found.

CondaVerificationError: The package for xorg-libx11 located at /home/raahimnawaz/miniforge3/pkgs/xorg-libx11-1.8.13-he1eb515_0
appears to be corrupted. The path 'share/X11/locale/georgian-ps/XI18N_OBJS'
specified in the package manifest cannot be found.

CondaVerificationError: The package for xorg-libx11 located at /home/raahimnawaz/miniforge3/pkgs/xorg-libx11-1.8.13-he1eb515_0
appears to be corrupted. The path 'share/X11/locale/ibm-cp1133/XI18N_OBJS'
specified in the package manifest cannot be found.

CondaVerificationError: The package for xorg-libx11 located at /home/raahimnawaz/miniforge3/pkgs/xorg-libx11-1.8.13-he1eb515_0
appears to be corrupted. The path 'share/X11/locale/iscii-dev/XLC_LOCALE'
specified in the package manifest cannot be found.

CondaVerificationError: The package for xorg-libx11 located at /home/raahimnawaz/miniforge3/pkgs/xorg-libx11-1.8.13-he1eb515_0
appears to be corrupted. The path 'share/X11/locale/isiri-3342/XLC_LOCALE'
specified in the package manifest cannot be found.

CondaVerificationError: The package for xorg-libx11 located at /home/raahimnawaz/miniforge3/pkgs/xorg-libx11-1.8.13-he1eb515_0
appears to be corrupted. The path 'share/X11/locale/iso8859-1/Compose'
specified in the package manifest cannot be found.

CondaVerificationError: The package for xorg-libx11 located at /home/raahimnawaz/miniforge3/pkgs/xorg-libx11-1.8.13-he1eb515_0
appears to be corrupted. The path 'share/X11/locale/iso8859-1/XI18N_OBJS'
specified in the package manifest cannot be found.

CondaVerificationError: The package for xorg-libx11 located at /home/raahimnawaz/miniforge3/pkgs/xorg-libx11-1.8.13-he1eb515_0
appears to be corrupted. The path 'share/X11/locale/iso8859-1/XLC_LOCALE'
specified in the package manifest cannot be found.

CondaVerificationError: The package for xorg-libx11 located at /home/raahimnawaz/miniforge3/pkgs/xorg-libx11-1.8.13-he1eb515_0
appears to be corrupted. The path 'share/X11/locale/iso8859-10/Compose'
specified in the package manifest cannot be found.

CondaVerificationError: The package for xorg-libx11 located at /home/raahimnawaz/miniforge3/pkgs/xorg-libx11-1.8.13-he1eb515_0
appears to be corrupted. The path 'share/X11/locale/iso8859-11/Compose'
specified in the package manifest cannot be found.

CondaVerificationError: The package for xorg-libx11 located at /home/raahimnawaz/miniforge3/pkgs/xorg-libx11-1.8.13-he1eb515_0
appears to be corrupted. The path 'share/X11/locale/iso8859-11/XI18N_OBJS'
specified in the package manifest cannot be found.

CondaVerificationError: The package for xorg-libx11 located at /home/raahimnawaz/miniforge3/pkgs/xorg-libx11-1.8.13-he1eb515_0
appears to be corrupted. The path 'share/X11/locale/iso8859-11/XLC_LOCALE'
specified in the package manifest cannot be found.

CondaVerificationError: The package for xorg-libx11 located at /home/raahimnawaz/miniforge3/pkgs/xorg-libx11-1.8.13-he1eb515_0
appears to be corrupted. The path 'share/X11/locale/iso8859-13/Compose'
specified in the package manifest cannot be found.

CondaVerificationError: The package for xorg-libx11 located at /home/raahimnawaz/miniforge3/pkgs/xorg-libx11-1.8.13-he1eb515_0
appears to be corrupted. The path 'share/X11/locale/iso8859-13/XI18N_OBJS'
specified in the package manifest cannot be found.

CondaVerificationError: The package for xorg-libx11 located at /home/raahimnawaz/miniforge3/pkgs/xorg-libx11-1.8.13-he1eb515_0
appears to be corrupted. The path 'share/X11/locale/iso8859-14/XI18N_OBJS'
specified in the package manifest cannot be found.

CondaVerificationError: The package for xorg-libx11 located at /home/raahimnawaz/miniforge3/pkgs/xorg-libx11-1.8.13-he1eb515_0
appears to be corrupted. The path 'share/X11/locale/iso8859-15/XLC_LOCALE'
specified in the package manifest cannot be found.

CondaVerificationError: The package for xorg-libx11 located at /home/raahimnawaz/miniforge3/pkgs/xorg-libx11-1.8.13-he1eb515_0
appears to be corrupted. The path 'share/X11/locale/iso8859-2/Compose'
specified in the package manifest cannot be found.

CondaVerificationError: The package for xorg-libx11 located at /home/raahimnawaz/miniforge3/pkgs/xorg-libx11-1.8.13-he1eb515_0
appears to be corrupted. The path 'share/X11/locale/iso8859-2/XLC_LOCALE'
specified in the package manifest cannot be found.

CondaVerificationError: The package for xorg-libx11 located at /home/raahimnawaz/miniforge3/pkgs/xorg-libx11-1.8.13-he1eb515_0
appears to be corrupted. The path 'share/X11/locale/iso8859-3/XI18N_OBJS'
specified in the package manifest cannot be found.

CondaVerificationError: The package for xorg-libx11 located at /home/raahimnawaz/miniforge3/pkgs/xorg-libx11-1.8.13-he1eb515_0
appears to be corrupted. The path 'share/X11/locale/iso8859-3/XLC_LOCALE'
specified in the package manifest cannot be found.

CondaVerificationError: The package for xorg-libx11 located at /home/raahimnawaz/miniforge3/pkgs/xorg-libx11-1.8.13-he1eb515_0
appears to be corrupted. The path 'share/X11/locale/iso8859-5/XI18N_OBJS'
specified in the package manifest cannot be found.

CondaVerificationError: The package for xorg-libx11 located at /home/raahimnawaz/miniforge3/pkgs/xorg-libx11-1.8.13-he1eb515_0
appears to be corrupted. The path 'share/X11/locale/iso8859-6/Compose'
specified in the package manifest cannot be found.

CondaVerificationError: The package for xorg-libx11 located at /home/raahimnawaz/miniforge3/pkgs/xorg-libx11-1.8.13-he1eb515_0
appears to be corrupted. The path 'share/X11/locale/iso8859-7/Compose'
specified in the package manifest cannot be found.

CondaVerificationError: The package for xorg-libx11 located at /home/raahimnawaz/miniforge3/pkgs/xorg-libx11-1.8.13-he1eb515_0
appears to be corrupted. The path 'share/X11/locale/iso8859-7/XI18N_OBJS'
specified in the package manifest cannot be found.

CondaVerificationError: The package for xorg-libx11 located at /home/raahimnawaz/miniforge3/pkgs/xorg-libx11-1.8.13-he1eb515_0
appears to be corrupted. The path 'share/X11/locale/iso8859-8/Compose'
specified in the package manifest cannot be found.

CondaVerificationError: The package for xorg-libx11 located at /home/raahimnawaz/miniforge3/pkgs/xorg-libx11-1.8.13-he1eb515_0
appears to be corrupted. The path 'share/X11/locale/iso8859-9/XLC_LOCALE'
specified in the package manifest cannot be found.

CondaVerificationError: The package for xorg-libx11 located at /home/raahimnawaz/miniforge3/pkgs/xorg-libx11-1.8.13-he1eb515_0
appears to be corrupted. The path 'share/X11/locale/iso8859-9e/Compose'
specified in the package manifest cannot be found.

CondaVerificationError: The package for xorg-libx11 located at /home/raahimnawaz/miniforge3/pkgs/xorg-libx11-1.8.13-he1eb515_0
appears to be corrupted. The path 'share/X11/locale/iso8859-9e/XLC_LOCALE'
specified in the package manifest cannot be found.

CondaVerificationError: The package for xorg-libx11 located at /home/raahimnawaz/miniforge3/pkgs/xorg-libx11-1.8.13-he1eb515_0
appears to be corrupted. The path 'share/X11/locale/ja/Compose'
specified in the package manifest cannot be found.

CondaVerificationError: The package for xorg-libx11 located at /home/raahimnawaz/miniforge3/pkgs/xorg-libx11-1.8.13-he1eb515_0
appears to be corrupted. The path 'share/X11/locale/km_KH.UTF-8/XI18N_OBJS'
specified in the package manifest cannot be found.

CondaVerificationError: The package for xorg-libx11 located at /home/raahimnawaz/miniforge3/pkgs/xorg-libx11-1.8.13-he1eb515_0
appears to be corrupted. The path 'share/X11/locale/ko/Compose'
specified in the package manifest cannot be found.

CondaVerificationError: The package for xorg-libx11 located at /home/raahimnawaz/miniforge3/pkgs/xorg-libx11-1.8.13-he1eb515_0
appears to be corrupted. The path 'share/X11/locale/ko/XI18N_OBJS'
specified in the package manifest cannot be found.

CondaVerificationError: The package for xorg-libx11 located at /home/raahimnawaz/miniforge3/pkgs/xorg-libx11-1.8.13-he1eb515_0
appears to be corrupted. The path 'share/X11/locale/koi8-c/Compose'
specified in the package manifest cannot be found.

CondaVerificationError: The package for xorg-libx11 located at /home/raahimnawaz/miniforge3/pkgs/xorg-libx11-1.8.13-he1eb515_0
appears to be corrupted. The path 'share/X11/locale/koi8-c/XI18N_OBJS'
specified in the package manifest cannot be found.

CondaVerificationError: The package for xorg-libx11 located at /home/raahimnawaz/miniforge3/pkgs/xorg-libx11-1.8.13-he1eb515_0
appears to be corrupted. The path 'share/X11/locale/koi8-r/XI18N_OBJS'
specified in the package manifest cannot be found.

CondaVerificationError: The package for xorg-libx11 located at /home/raahimnawaz/miniforge3/pkgs/xorg-libx11-1.8.13-he1eb515_0
appears to be corrupted. The path 'share/X11/locale/koi8-r/XLC_LOCALE'
specified in the package manifest cannot be found.

CondaVerificationError: The package for xorg-libx11 located at /home/raahimnawaz/miniforge3/pkgs/xorg-libx11-1.8.13-he1eb515_0
appears to be corrupted. The path 'share/X11/locale/koi8-u/XI18N_OBJS'
specified in the package manifest cannot be found.

CondaVerificationError: The package for xorg-libx11 located at /home/raahimnawaz/miniforge3/pkgs/xorg-libx11-1.8.13-he1eb515_0
appears to be corrupted. The path 'share/X11/locale/koi8-u/XLC_LOCALE'
specified in the package manifest cannot be found.

CondaVerificationError: The package for xorg-libx11 located at /home/raahimnawaz/miniforge3/pkgs/xorg-libx11-1.8.13-he1eb515_0
appears to be corrupted. The path 'share/X11/locale/microsoft-cp1251/XI18N_OBJS'
specified in the package manifest cannot be found.

CondaVerificationError: The package for xorg-libx11 located at /home/raahimnawaz/miniforge3/pkgs/xorg-libx11-1.8.13-he1eb515_0
appears to be corrupted. The path 'share/X11/locale/microsoft-cp1251/XLC_LOCALE'
specified in the package manifest cannot be found.

CondaVerificationError: The package for xorg-libx11 located at /home/raahimnawaz/miniforge3/pkgs/xorg-libx11-1.8.13-he1eb515_0
appears to be corrupted. The path 'share/X11/locale/microsoft-cp1256/XLC_LOCALE'
specified in the package manifest cannot be found.

CondaVerificationError: The package for xorg-libx11 located at /home/raahimnawaz/miniforge3/pkgs/xorg-libx11-1.8.13-he1eb515_0
appears to be corrupted. The path 'share/X11/locale/mulelao-1/Compose'
specified in the package manifest cannot be found.

CondaVerificationError: The package for xorg-libx11 located at /home/raahimnawaz/miniforge3/pkgs/xorg-libx11-1.8.13-he1eb515_0
appears to be corrupted. The path 'share/X11/locale/nokhchi-1/XLC_LOCALE'
specified in the package manifest cannot be found.

CondaVerificationError: The package for xorg-libx11 located at /home/raahimnawaz/miniforge3/pkgs/xorg-libx11-1.8.13-he1eb515_0
appears to be corrupted. The path 'share/X11/locale/pt_BR.UTF-8/XI18N_OBJS'
specified in the package manifest cannot be found.

CondaVerificationError: The package for xorg-libx11 located at /home/raahimnawaz/miniforge3/pkgs/xorg-libx11-1.8.13-he1eb515_0
appears to be corrupted. The path 'share/X11/locale/pt_PT.UTF-8/XI18N_OBJS'
specified in the package manifest cannot be found.

CondaVerificationError: The package for xorg-libx11 located at /home/raahimnawaz/miniforge3/pkgs/xorg-libx11-1.8.13-he1eb515_0
appears to be corrupted. The path 'share/X11/locale/ru_RU.UTF-8/Compose'
specified in the package manifest cannot be found.

CondaVerificationError: The package for xorg-libx11 located at /home/raahimnawaz/miniforge3/pkgs/xorg-libx11-1.8.13-he1eb515_0
appears to be corrupted. The path 'share/X11/locale/th_TH.UTF-8/Compose'
specified in the package manifest cannot be found.

CondaVerificationError: The package for xorg-libx11 located at /home/raahimnawaz/miniforge3/pkgs/xorg-libx11-1.8.13-he1eb515_0
appears to be corrupted. The path 'share/X11/locale/th_TH.UTF-8/XLC_LOCALE'
specified in the package manifest cannot be found.

CondaVerificationError: The package for xorg-libx11 located at /home/raahimnawaz/miniforge3/pkgs/xorg-libx11-1.8.13-he1eb515_0
appears to be corrupted. The path 'share/X11/locale/vi_VN.tcvn/XI18N_OBJS'
specified in the package manifest cannot be found.

CondaVerificationError: The package for xorg-libx11 located at /home/raahimnawaz/miniforge3/pkgs/xorg-libx11-1.8.13-he1eb515_0
appears to be corrupted. The path 'share/X11/locale/vi_VN.viscii/Compose'
specified in the package manifest cannot be found.

CondaVerificationError: The package for xorg-libx11 located at /home/raahimnawaz/miniforge3/pkgs/xorg-libx11-1.8.13-he1eb515_0
appears to be corrupted. The path 'share/X11/locale/zh_CN.UTF-8/XI18N_OBJS'
specified in the package manifest cannot be found.

CondaVerificationError: The package for xorg-libx11 located at /home/raahimnawaz/miniforge3/pkgs/xorg-libx11-1.8.13-he1eb515_0
appears to be corrupted. The path 'share/X11/locale/zh_CN.gb18030/Compose'
specified in the package manifest cannot be found.

CondaVerificationError: The package for xorg-libx11 located at /home/raahimnawaz/miniforge3/pkgs/xorg-libx11-1.8.13-he1eb515_0
appears to be corrupted. The path 'share/X11/locale/zh_CN.gb18030/XI18N_OBJS'
specified in the package manifest cannot be found.

CondaVerificationError: The package for xorg-libx11 located at /home/raahimnawaz/miniforge3/pkgs/xorg-libx11-1.8.13-he1eb515_0
appears to be corrupted. The path 'share/X11/locale/zh_CN.gbk/Compose'
specified in the package manifest cannot be found.

CondaVerificationError: The package for xorg-libx11 located at /home/raahimnawaz/miniforge3/pkgs/xorg-libx11-1.8.13-he1eb515_0
appears to be corrupted. The path 'share/X11/locale/zh_HK.big5/XI18N_OBJS'
specified in the package manifest cannot be found.

SafetyError: The package for xorg-libx11 located at /home/raahimnawaz/miniforge3/pkgs/xorg-libx11-1.8.13-he1eb515_0
appears to be corrupted. The path 'share/X11/locale/zh_HK.big5/XLC_LOCALE'
has an incorrect size.
  reported size: 1047 bytes
  actual size: 0 bytes

CondaVerificationError: The package for xorg-libx11 located at /home/raahimnawaz/miniforge3/pkgs/xorg-libx11-1.8.13-he1eb515_0
appears to be corrupted. The path 'share/X11/locale/zh_HK.big5hkscs/XI18N_OBJS'
specified in the package manifest cannot be found.

CondaVerificationError: The package for xorg-libx11 located at /home/raahimnawaz/miniforge3/pkgs/xorg-libx11-1.8.13-he1eb515_0
appears to be corrupted. The path 'share/X11/locale/zh_HK.big5hkscs/XLC_LOCALE'
specified in the package manifest cannot be found.

CondaVerificationError: The package for xorg-libx11 located at /home/raahimnawaz/miniforge3/pkgs/xorg-libx11-1.8.13-he1eb515_0
appears to be corrupted. The path 'share/X11/locale/zh_TW.UTF-8/XLC_LOCALE'
specified in the package manifest cannot be found.

CondaVerificationError: The package for xorg-libx11 located at /home/raahimnawaz/miniforge3/pkgs/xorg-libx11-1.8.13-he1eb515_0
appears to be corrupted. The path 'share/X11/locale/zh_TW.big5/Compose'
specified in the package manifest cannot be found.

CondaVerificationError: The package for xorg-libx11 located at /home/raahimnawaz/miniforge3/pkgs/xorg-libx11-1.8.13-he1eb515_0
appears to be corrupted. The path 'share/X11/locale/zh_TW/Compose'
specified in the package manifest cannot be found.

CondaVerificationError: The package for jedi located at /home/raahimnawaz/miniforge3/pkgs/jedi-0.20.0-pyhcf101f3_0
appears to be corrupted. The path 'site-packages/jedi/third_party/typeshed/stubs/oauthlib/oauthlib/signals.pyi'
specified in the package manifest cannot be found.

CondaVerificationError: The package for jedi located at /home/raahimnawaz/miniforge3/pkgs/jedi-0.20.0-pyhcf101f3_0
appears to be corrupted. The path 'site-packages/jedi/third_party/typeshed/stubs/oauthlib/oauthlib/uri_validate.pyi'
specified in the package manifest cannot be found.

CondaVerificationError: The package for jedi located at /home/raahimnawaz/miniforge3/pkgs/jedi-0.20.0-pyhcf101f3_0
appears to be corrupted. The path 'site-packages/jedi/third_party/typeshed/stubs/objgraph/objgraph.pyi'
specified in the package manifest cannot be found.

CondaVerificationError: The package for jedi located at /home/raahimnawaz/miniforge3/pkgs/jedi-0.20.0-pyhcf101f3_0
appears to be corrupted. The path 'site-packages/jedi/third_party/typeshed/stubs/olefile/olefile/__init__.pyi'
specified in the package manifest cannot be found.

CondaVerificationError: The package for jedi located at /home/raahimnawaz/miniforge3/pkgs/jedi-0.20.0-pyhcf101f3_0
appears to be corrupted. The path 'site-packages/jedi/third_party/typeshed/stubs/olefile/olefile/olefile.pyi'
specified in the package manifest cannot be found.

CondaVerificationError: The package for jedi located at /home/raahimnawaz/miniforge3/pkgs/jedi-0.20.0-pyhcf101f3_0
appears to be corrupted. The path 'site-packages/jedi/third_party/typeshed/stubs/openpyxl/openpyxl/__init__.pyi'
specified in the package manifest cannot be found.

CondaVerificationError: The package for jedi located at /home/raahimnawaz/miniforge3/pkgs/jedi-0.20.0-pyhcf101f3_0
appears to be corrupted. The path 'site-packages/jedi/third_party/typeshed/stubs/openpyxl/openpyxl/_constants.pyi'
specified in the package manifest cannot be found.

CondaVerificationError: The package for jedi located at /home/raahimnawaz/miniforge3/pkgs/jedi-0.20.0-pyhcf101f3_0
appears to be corrupted. The path 'site-packages/jedi/third_party/typeshed/stubs/openpyxl/openpyxl/cell/__init__.pyi'
specified in the package manifest cannot be found.

CondaVerificationError: The package for jedi located at /home/raahimnawaz/miniforge3/pkgs/jedi-0.20.0-pyhcf101f3_0
appears to be corrupted. The path 'site-packages/jedi/third_party/typeshed/stubs/openpyxl/openpyxl/cell/_writer.pyi'
specified in the package manifest cannot be found.

CondaVerificationError: The package for jedi located at /home/raahimnawaz/miniforge3/pkgs/jedi-0.20.0-pyhcf101f3_0
appears to be corrupted. The path 'site-packages/jedi/third_party/typeshed/stubs/openpyxl/openpyxl/cell/cell.pyi'
specified in the package manifest cannot be found.

CondaVerificationError: The package for jedi located at /home/raahimnawaz/miniforge3/pkgs/jedi-0.20.0-pyhcf101f3_0
appears to be corrupted. The path 'site-packages/jedi/third_party/typeshed/stubs/openpyxl/openpyxl/cell/read_only.pyi'
specified in the package manifest cannot be found.

CondaVerificationError: The package for jedi located at /home/raahimnawaz/miniforge3/pkgs/jedi-0.20.0-pyhcf101f3_0
appears to be corrupted. The path 'site-packages/jedi/third_party/typeshed/stubs/openpyxl/openpyxl/cell/rich_text.pyi'
specified in the package manifest cannot be found.

CondaVerificationError: The package for jedi located at /home/raahimnawaz/miniforge3/pkgs/jedi-0.20.0-pyhcf101f3_0
appears to be corrupted. The path 'site-packages/jedi/third_party/typeshed/stubs/openpyxl/openpyxl/cell/text.pyi'
specified in the package manifest cannot be found.

CondaVerificationError: The package for jedi located at /home/raahimnawaz/miniforge3/pkgs/jedi-0.20.0-pyhcf101f3_0
appears to be corrupted. The path 'site-packages/jedi/third_party/typeshed/stubs/openpyxl/openpyxl/chart/_3d.pyi'
specified in the package manifest cannot be found.

CondaVerificationError: The package for jedi located at /home/raahimnawaz/miniforge3/pkgs/jedi-0.20.0-pyhcf101f3_0
appears to be corrupted. The path 'site-packages/jedi/third_party/typeshed/stubs/openpyxl/openpyxl/chart/__init__.pyi'
specified in the package manifest cannot be found.

CondaVerificationError: The package for jedi located at /home/raahimnawaz/miniforge3/pkgs/jedi-0.20.0-pyhcf101f3_0
appears to be corrupted. The path 'site-packages/jedi/third_party/typeshed/stubs/openpyxl/openpyxl/chart/_chart.pyi'
specified in the package manifest cannot be found.

CondaVerificationError: The package for jedi located at /home/raahimnawaz/miniforge3/pkgs/jedi-0.20.0-pyhcf101f3_0
appears to be corrupted. The path 'site-packages/jedi/third_party/typeshed/stubs/openpyxl/openpyxl/chart/area_chart.pyi'
specified in the package manifest cannot be found.

CondaVerificationError: The package for jedi located at /home/raahimnawaz/miniforge3/pkgs/jedi-0.20.0-pyhcf101f3_0
appears to be corrupted. The path 'site-packages/jedi/third_party/typeshed/stubs/openpyxl/openpyxl/chart/axis.pyi'
specified in the package manifest cannot be found.

CondaVerificationError: The package for jedi located at /home/raahimnawaz/miniforge3/pkgs/jedi-0.20.0-pyhcf101f3_0
appears to be corrupted. The path 'site-packages/jedi/third_party/typeshed/stubs/openpyxl/openpyxl/chart/bar_chart.pyi'
specified in the package manifest cannot be found.

CondaVerificationError: The package for jedi located at /home/raahimnawaz/miniforge3/pkgs/jedi-0.20.0-pyhcf101f3_0
appears to be corrupted. The path 'site-packages/jedi/third_party/typeshed/stubs/openpyxl/openpyxl/chart/bubble_chart.pyi'
specified in the package manifest cannot be found.

CondaVerificationError: The package for jedi located at /home/raahimnawaz/miniforge3/pkgs/jedi-0.20.0-pyhcf101f3_0
appears to be corrupted. The path 'site-packages/jedi/third_party/typeshed/stubs/openpyxl/openpyxl/chart/chartspace.pyi'
specified in the package manifest cannot be found.

CondaVerificationError: The package for jedi located at /home/raahimnawaz/miniforge3/pkgs/jedi-0.20.0-pyhcf101f3_0
appears to be corrupted. The path 'site-packages/jedi/third_party/typeshed/stubs/openpyxl/openpyxl/chart/data_source.pyi'
specified in the package manifest cannot be found.

CondaVerificationError: The package for jedi located at /home/raahimnawaz/miniforge3/pkgs/jedi-0.20.0-pyhcf101f3_0
appears to be corrupted. The path 'site-packages/jedi/third_party/typeshed/stubs/openpyxl/openpyxl/chart/descriptors.pyi'
specified in the package manifest cannot be found.

CondaVerificationError: The package for jedi located at /home/raahimnawaz/miniforge3/pkgs/jedi-0.20.0-pyhcf101f3_0
appears to be corrupted. The path 'site-packages/jedi/third_party/typeshed/stubs/openpyxl/openpyxl/chart/error_bar.pyi'
specified in the package manifest cannot be found.

CondaVerificationError: The package for jedi located at /home/raahimnawaz/miniforge3/pkgs/jedi-0.20.0-pyhcf101f3_0
appears to be corrupted. The path 'site-packages/jedi/third_party/typeshed/stubs/openpyxl/openpyxl/chart/label.pyi'
specified in the package manifest cannot be found.

CondaVerificationError: The package for jedi located at /home/raahimnawaz/miniforge3/pkgs/jedi-0.20.0-pyhcf101f3_0
appears to be corrupted. The path 'site-packages/jedi/third_party/typeshed/stubs/openpyxl/openpyxl/chart/layout.pyi'
specified in the package manifest cannot be found.

CondaVerificationError: The package for jedi located at /home/raahimnawaz/miniforge3/pkgs/jedi-0.20.0-pyhcf101f3_0
appears to be corrupted. The path 'site-packages/jedi/third_party/typeshed/stubs/openpyxl/openpyxl/chart/legend.pyi'
specified in the package manifest cannot be found.

CondaVerificationError: The package for jedi located at /home/raahimnawaz/miniforge3/pkgs/jedi-0.20.0-pyhcf101f3_0
appears to be corrupted. The path 'site-packages/jedi/third_party/typeshed/stubs/openpyxl/openpyxl/chart/line_chart.pyi'
specified in the package manifest cannot be found.

CondaVerificationError: The package for jedi located at /home/raahimnawaz/miniforge3/pkgs/jedi-0.20.0-pyhcf101f3_0
appears to be corrupted. The path 'site-packages/jedi/third_party/typeshed/stubs/openpyxl/openpyxl/chart/marker.pyi'
specified in the package manifest cannot be found.

CondaVerificationError: The package for jedi located at /home/raahimnawaz/miniforge3/pkgs/jedi-0.20.0-pyhcf101f3_0
appears to be corrupted. The path 'site-packages/jedi/third_party/typeshed/stubs/openpyxl/openpyxl/chart/picture.pyi'
specified in the package manifest cannot be found.

CondaVerificationError: The package for jedi located at /home/raahimnawaz/miniforge3/pkgs/jedi-0.20.0-pyhcf101f3_0
appears to be corrupted. The path 'site-packages/jedi/third_party/typeshed/stubs/openpyxl/openpyxl/chart/pie_chart.pyi'
specified in the package manifest cannot be found.

CondaVerificationError: The package for jedi located at /home/raahimnawaz/miniforge3/pkgs/jedi-0.20.0-pyhcf101f3_0
appears to be corrupted. The path 'site-packages/jedi/third_party/typeshed/stubs/openpyxl/openpyxl/chart/pivot.pyi'
specified in the package manifest cannot be found.

CondaVerificationError: The package for jedi located at /home/raahimnawaz/miniforge3/pkgs/jedi-0.20.0-pyhcf101f3_0
appears to be corrupted. The path 'site-packages/jedi/third_party/typeshed/stubs/openpyxl/openpyxl/chart/plotarea.pyi'
specified in the package manifest cannot be found.

CondaVerificationError: The package for jedi located at /home/raahimnawaz/miniforge3/pkgs/jedi-0.20.0-pyhcf101f3_0
appears to be corrupted. The path 'site-packages/jedi/third_party/typeshed/stubs/openpyxl/openpyxl/chart/print_settings.pyi'
specified in the package manifest cannot be found.

CondaVerificationError: The package for jedi located at /home/raahimnawaz/miniforge3/pkgs/jedi-0.20.0-pyhcf101f3_0
appears to be corrupted. The path 'site-packages/jedi/third_party/typeshed/stubs/openpyxl/openpyxl/chart/radar_chart.pyi'
specified in the package manifest cannot be found.

CondaVerificationError: The package for jedi located at /home/raahimnawaz/miniforge3/pkgs/jedi-0.20.0-pyhcf101f3_0
appears to be corrupted. The path 'site-packages/jedi/third_party/typeshed/stubs/openpyxl/openpyxl/chart/reader.pyi'
specified in the package manifest cannot be found.

CondaVerificationError: The package for jedi located at /home/raahimnawaz/miniforge3/pkgs/jedi-0.20.0-pyhcf101f3_0
appears to be corrupted. The path 'site-packages/jedi/third_party/typeshed/stubs/openpyxl/openpyxl/chart/reference.pyi'
specified in the package manifest cannot be found.

CondaVerificationError: The package for jedi located at /home/raahimnawaz/miniforge3/pkgs/jedi-0.20.0-pyhcf101f3_0
appears to be corrupted. The path 'site-packages/jedi/third_party/typeshed/stubs/openpyxl/openpyxl/chart/scatter_chart.pyi'
specified in the package manifest cannot be found.

CondaVerificationError: The package for jedi located at /home/raahimnawaz/miniforge3/pkgs/jedi-0.20.0-pyhcf101f3_0
appears to be corrupted. The path 'site-packages/jedi/third_party/typeshed/stubs/openpyxl/openpyxl/chart/series.pyi'
specified in the package manifest cannot be found.

CondaVerificationError: The package for jedi located at /home/raahimnawaz/miniforge3/pkgs/jedi-0.20.0-pyhcf101f3_0
appears to be corrupted. The path 'site-packages/jedi/third_party/typeshed/stubs/openpyxl/openpyxl/chart/series_factory.pyi'
specified in the package manifest cannot be found.

CondaVerificationError: The package for jedi located at /home/raahimnawaz/miniforge3/pkgs/jedi-0.20.0-pyhcf101f3_0
appears to be corrupted. The path 'site-packages/jedi/third_party/typeshed/stubs/openpyxl/openpyxl/chart/shapes.pyi'
specified in the package manifest cannot be found.

CondaVerificationError: The package for jedi located at /home/raahimnawaz/miniforge3/pkgs/jedi-0.20.0-pyhcf101f3_0
appears to be corrupted. The path 'site-packages/jedi/third_party/typeshed/stubs/openpyxl/openpyxl/chart/stock_chart.pyi'
specified in the package manifest cannot be found.

CondaVerificationError: The package for jedi located at /home/raahimnawaz/miniforge3/pkgs/jedi-0.20.0-pyhcf101f3_0
appears to be corrupted. The path 'site-packages/jedi/third_party/typeshed/stubs/openpyxl/openpyxl/chart/surface_chart.pyi'
specified in the package manifest cannot be found.

CondaVerificationError: The package for jedi located at /home/raahimnawaz/miniforge3/pkgs/jedi-0.20.0-pyhcf101f3_0
appears to be corrupted. The path 'site-packages/jedi/third_party/typeshed/stubs/openpyxl/openpyxl/chart/text.pyi'
specified in the package manifest cannot be found.

CondaVerificationError: The package for jedi located at /home/raahimnawaz/miniforge3/pkgs/jedi-0.20.0-pyhcf101f3_0
appears to be corrupted. The path 'site-packages/jedi/third_party/typeshed/stubs/openpyxl/openpyxl/chart/title.pyi'
specified in the package manifest cannot be found.

CondaVerificationError: The package for jedi located at /home/raahimnawaz/miniforge3/pkgs/jedi-0.20.0-pyhcf101f3_0
appears to be corrupted. The path 'site-packages/jedi/third_party/typeshed/stubs/openpyxl/openpyxl/chart/trendline.pyi'
specified in the package manifest cannot be found.

CondaVerificationError: The package for jedi located at /home/raahimnawaz/miniforge3/pkgs/jedi-0.20.0-pyhcf101f3_0
appears to be corrupted. The path 'site-packages/jedi/third_party/typeshed/stubs/openpyxl/openpyxl/chart/updown_bars.pyi'
specified in the package manifest cannot be found.

CondaVerificationError: The package for jedi located at /home/raahimnawaz/miniforge3/pkgs/jedi-0.20.0-pyhcf101f3_0
appears to be corrupted. The path 'site-packages/jedi/third_party/typeshed/stubs/openpyxl/openpyxl/chartsheet/__init__.pyi'
specified in the package manifest cannot be found.

CondaVerificationError: The package for jedi located at /home/raahimnawaz/miniforge3/pkgs/jedi-0.20.0-pyhcf101f3_0
appears to be corrupted. The path 'site-packages/jedi/third_party/typeshed/stubs/openpyxl/openpyxl/chartsheet/chartsheet.pyi'
specified in the package manifest cannot be found.

CondaVerificationError: The package for jedi located at /home/raahimnawaz/miniforge3/pkgs/jedi-0.20.0-pyhcf101f3_0
appears to be corrupted. The path 'site-packages/jedi/third_party/typeshed/stubs/openpyxl/openpyxl/chartsheet/custom.pyi'
specified in the package manifest cannot be found.

CondaVerificationError: The package for jedi located at /home/raahimnawaz/miniforge3/pkgs/jedi-0.20.0-pyhcf101f3_0
appears to be corrupted. The path 'site-packages/jedi/third_party/typeshed/stubs/openpyxl/openpyxl/chartsheet/properties.pyi'
specified in the package manifest cannot be found.

CondaVerificationError: The package for jedi located at /home/raahimnawaz/miniforge3/pkgs/jedi-0.20.0-pyhcf101f3_0
appears to be corrupted. The path 'site-packages/jedi/third_party/typeshed/stubs/openpyxl/openpyxl/chartsheet/protection.pyi'
specified in the package manifest cannot be found.

CondaVerificationError: The package for jedi located at /home/raahimnawaz/miniforge3/pkgs/jedi-0.20.0-pyhcf101f3_0
appears to be corrupted. The path 'site-packages/jedi/third_party/typeshed/stubs/openpyxl/openpyxl/chartsheet/publish.pyi'
specified in the package manifest cannot be found.

CondaVerificationError: The package for jedi located at /home/raahimnawaz/miniforge3/pkgs/jedi-0.20.0-pyhcf101f3_0
appears to be corrupted. The path 'site-packages/jedi/third_party/typeshed/stubs/openpyxl/openpyxl/chartsheet/relation.pyi'
specified in the package manifest cannot be found.

CondaVerificationError: The package for jedi located at /home/raahimnawaz/miniforge3/pkgs/jedi-0.20.0-pyhcf101f3_0
appears to be corrupted. The path 'site-packages/jedi/third_party/typeshed/stubs/openpyxl/openpyxl/chartsheet/views.pyi'
specified in the package manifest cannot be found.

CondaVerificationError: The package for jedi located at /home/raahimnawaz/miniforge3/pkgs/jedi-0.20.0-pyhcf101f3_0
appears to be corrupted. The path 'site-packages/jedi/third_party/typeshed/stubs/openpyxl/openpyxl/comments/__init__.pyi'
specified in the package manifest cannot be found.

CondaVerificationError: The package for jedi located at /home/raahimnawaz/miniforge3/pkgs/jedi-0.20.0-pyhcf101f3_0
appears to be corrupted. The path 'site-packages/jedi/third_party/typeshed/stubs/openpyxl/openpyxl/comments/author.pyi'
specified in the package manifest cannot be found.

CondaVerificationError: The package for jedi located at /home/raahimnawaz/miniforge3/pkgs/jedi-0.20.0-pyhcf101f3_0
appears to be corrupted. The path 'site-packages/jedi/third_party/typeshed/stubs/openpyxl/openpyxl/comments/comment_sheet.pyi'
specified in the package manifest cannot be found.

CondaVerificationError: The package for jedi located at /home/raahimnawaz/miniforge3/pkgs/jedi-0.20.0-pyhcf101f3_0
appears to be corrupted. The path 'site-packages/jedi/third_party/typeshed/stubs/openpyxl/openpyxl/comments/comments.pyi'
specified in the package manifest cannot be found.

CondaVerificationError: The package for jedi located at /home/raahimnawaz/miniforge3/pkgs/jedi-0.20.0-pyhcf101f3_0
appears to be corrupted. The path 'site-packages/jedi/third_party/typeshed/stubs/openpyxl/openpyxl/comments/shape_writer.pyi'
specified in the package manifest cannot be found.

CondaVerificationError: The package for jedi located at /home/raahimnawaz/miniforge3/pkgs/jedi-0.20.0-pyhcf101f3_0
appears to be corrupted. The path 'site-packages/jedi/third_party/typeshed/stubs/openpyxl/openpyxl/compat/__init__.pyi'
specified in the package manifest cannot be found.

CondaVerificationError: The package for jedi located at /home/raahimnawaz/miniforge3/pkgs/jedi-0.20.0-pyhcf101f3_0
appears to be corrupted. The path 'site-packages/jedi/third_party/typeshed/stubs/openpyxl/openpyxl/compat/abc.pyi'
specified in the package manifest cannot be found.

CondaVerificationError: The package for jedi located at /home/raahimnawaz/miniforge3/pkgs/jedi-0.20.0-pyhcf101f3_0
appears to be corrupted. The path 'site-packages/jedi/third_party/typeshed/stubs/openpyxl/openpyxl/compat/numbers.pyi'
specified in the package manifest cannot be found.

CondaVerificationError: The package for jedi located at /home/raahimnawaz/miniforge3/pkgs/jedi-0.20.0-pyhcf101f3_0
appears to be corrupted. The path 'site-packages/jedi/third_party/typeshed/stubs/openpyxl/openpyxl/compat/product.pyi'
specified in the package manifest cannot be found.

CondaVerificationError: The package for jedi located at /home/raahimnawaz/miniforge3/pkgs/jedi-0.20.0-pyhcf101f3_0
appears to be corrupted. The path 'site-packages/jedi/third_party/typeshed/stubs/openpyxl/openpyxl/compat/singleton.pyi'
specified in the package manifest cannot be found.

CondaVerificationError: The package for jedi located at /home/raahimnawaz/miniforge3/pkgs/jedi-0.20.0-pyhcf101f3_0
appears to be corrupted. The path 'site-packages/jedi/third_party/typeshed/stubs/openpyxl/openpyxl/compat/strings.pyi'
specified in the package manifest cannot be found.

CondaVerificationError: The package for jedi located at /home/raahimnawaz/miniforge3/pkgs/jedi-0.20.0-pyhcf101f3_0
appears to be corrupted. The path 'site-packages/jedi/third_party/typeshed/stubs/openpyxl/openpyxl/descriptors/__init__.pyi'
specified in the package manifest cannot be found.

CondaVerificationError: The package for jedi located at /home/raahimnawaz/miniforge3/pkgs/jedi-0.20.0-pyhcf101f3_0
appears to be corrupted. The path 'site-packages/jedi/third_party/typeshed/stubs/openpyxl/openpyxl/descriptors/base.pyi'
specified in the package manifest cannot be found.

CondaVerificationError: The package for jedi located at /home/raahimnawaz/miniforge3/pkgs/jedi-0.20.0-pyhcf101f3_0
appears to be corrupted. The path 'site-packages/jedi/third_party/typeshed/stubs/openpyxl/openpyxl/descriptors/container.pyi'
specified in the package manifest cannot be found.

CondaVerificationError: The package for jedi located at /home/raahimnawaz/miniforge3/pkgs/jedi-0.20.0-pyhcf101f3_0
appears to be corrupted. The path 'site-packages/jedi/third_party/typeshed/stubs/openpyxl/openpyxl/descriptors/excel.pyi'
specified in the package manifest cannot be found.

CondaVerificationError: The package for jedi located at /home/raahimnawaz/miniforge3/pkgs/jedi-0.20.0-pyhcf101f3_0
appears to be corrupted. The path 'site-packages/jedi/third_party/typeshed/stubs/openpyxl/openpyxl/descriptors/namespace.pyi'
specified in the package manifest cannot be found.

CondaVerificationError: The package for jedi located at /home/raahimnawaz/miniforge3/pkgs/jedi-0.20.0-pyhcf101f3_0
appears to be corrupted. The path 'site-packages/jedi/third_party/typeshed/stubs/openpyxl/openpyxl/descriptors/nested.pyi'
specified in the package manifest cannot be found.

CondaVerificationError: The package for jedi located at /home/raahimnawaz/miniforge3/pkgs/jedi-0.20.0-pyhcf101f3_0
appears to be corrupted. The path 'site-packages/jedi/third_party/typeshed/stubs/openpyxl/openpyxl/descriptors/sequence.pyi'
specified in the package manifest cannot be found.

CondaVerificationError: The package for jedi located at /home/raahimnawaz/miniforge3/pkgs/jedi-0.20.0-pyhcf101f3_0
appears to be corrupted. The path 'site-packages/jedi/third_party/typeshed/stubs/openpyxl/openpyxl/descriptors/serialisable.pyi'
specified in the package manifest cannot be found.

CondaVerificationError: The package for jedi located at /home/raahimnawaz/miniforge3/pkgs/jedi-0.20.0-pyhcf101f3_0
appears to be corrupted. The path 'site-packages/jedi/third_party/typeshed/stubs/openpyxl/openpyxl/descriptors/slots.pyi'
specified in the package manifest cannot be found.

CondaVerificationError: The package for jedi located at /home/raahimnawaz/miniforge3/pkgs/jedi-0.20.0-pyhcf101f3_0
appears to be corrupted. The path 'site-packages/jedi/third_party/typeshed/stubs/openpyxl/openpyxl/drawing/__init__.pyi'
specified in the package manifest cannot be found.

CondaVerificationError: The package for jedi located at /home/raahimnawaz/miniforge3/pkgs/jedi-0.20.0-pyhcf101f3_0
appears to be corrupted. The path 'site-packages/jedi/third_party/typeshed/stubs/openpyxl/openpyxl/drawing/colors.pyi'
specified in the package manifest cannot be found.

CondaVerificationError: The package for jedi located at /home/raahimnawaz/miniforge3/pkgs/jedi-0.20.0-pyhcf101f3_0
appears to be corrupted. The path 'site-packages/jedi/third_party/typeshed/stubs/openpyxl/openpyxl/drawing/connector.pyi'
specified in the package manifest cannot be found.

CondaVerificationError: The package for jedi located at /home/raahimnawaz/miniforge3/pkgs/jedi-0.20.0-pyhcf101f3_0
appears to be corrupted. The path 'site-packages/jedi/third_party/typeshed/stubs/openpyxl/openpyxl/drawing/drawing.pyi'
specified in the package manifest cannot be found.

CondaVerificationError: The package for jedi located at /home/raahimnawaz/miniforge3/pkgs/jedi-0.20.0-pyhcf101f3_0
appears to be corrupted. The path 'site-packages/jedi/third_party/typeshed/stubs/openpyxl/openpyxl/drawing/effect.pyi'
specified in the package manifest cannot be found.

CondaVerificationError: The package for jedi located at /home/raahimnawaz/miniforge3/pkgs/jedi-0.20.0-pyhcf101f3_0
appears to be corrupted. The path 'site-packages/jedi/third_party/typeshed/stubs/openpyxl/openpyxl/drawing/fill.pyi'
specified in the package manifest cannot be found.

CondaVerificationError: The package for jedi located at /home/raahimnawaz/miniforge3/pkgs/jedi-0.20.0-pyhcf101f3_0
appears to be corrupted. The path 'site-packages/jedi/third_party/typeshed/stubs/openpyxl/openpyxl/drawing/geometry.pyi'
specified in the package manifest cannot be found.

CondaVerificationError: The package for jedi located at /home/raahimnawaz/miniforge3/pkgs/jedi-0.20.0-pyhcf101f3_0
appears to be corrupted. The path 'site-packages/jedi/third_party/typeshed/stubs/openpyxl/openpyxl/drawing/graphic.pyi'
specified in the package manifest cannot be found.

CondaVerificationError: The package for jedi located at /home/raahimnawaz/miniforge3/pkgs/jedi-0.20.0-pyhcf101f3_0
appears to be corrupted. The path 'site-packages/jedi/third_party/typeshed/stubs/openpyxl/openpyxl/drawing/image.pyi'
specified in the package manifest cannot be found.

CondaVerificationError: The package for jedi located at /home/raahimnawaz/miniforge3/pkgs/jedi-0.20.0-pyhcf101f3_0
appears to be corrupted. The path 'site-packages/jedi/third_party/typeshed/stubs/openpyxl/openpyxl/drawing/line.pyi'
specified in the package manifest cannot be found.

CondaVerificationError: The package for jedi located at /home/raahimnawaz/miniforge3/pkgs/jedi-0.20.0-pyhcf101f3_0
appears to be corrupted. The path 'site-packages/jedi/third_party/typeshed/stubs/openpyxl/openpyxl/drawing/picture.pyi'
specified in the package manifest cannot be found.

CondaVerificationError: The package for jedi located at /home/raahimnawaz/miniforge3/pkgs/jedi-0.20.0-pyhcf101f3_0
appears to be corrupted. The path 'site-packages/jedi/third_party/typeshed/stubs/openpyxl/openpyxl/drawing/properties.pyi'
specified in the package manifest cannot be found.

CondaVerificationError: The package for jedi located at /home/raahimnawaz/miniforge3/pkgs/jedi-0.20.0-pyhcf101f3_0
appears to be corrupted. The path 'site-packages/jedi/third_party/typeshed/stubs/openpyxl/openpyxl/drawing/relation.pyi'
specified in the package manifest cannot be found.

CondaVerificationError: The package for jedi located at /home/raahimnawaz/miniforge3/pkgs/jedi-0.20.0-pyhcf101f3_0
appears to be corrupted. The path 'site-packages/jedi/third_party/typeshed/stubs/openpyxl/openpyxl/drawing/spreadsheet_drawing.pyi'
specified in the package manifest cannot be found.

CondaVerificationError: The package for jedi located at /home/raahimnawaz/miniforge3/pkgs/jedi-0.20.0-pyhcf101f3_0
appears to be corrupted. The path 'site-packages/jedi/third_party/typeshed/stubs/openpyxl/openpyxl/drawing/text.pyi'
specified in the package manifest cannot be found.

CondaVerificationError: The package for jedi located at /home/raahimnawaz/miniforge3/pkgs/jedi-0.20.0-pyhcf101f3_0
appears to be corrupted. The path 'site-packages/jedi/third_party/typeshed/stubs/openpyxl/openpyxl/drawing/xdr.pyi'
specified in the package manifest cannot be found.

CondaVerificationError: The package for jedi located at /home/raahimnawaz/miniforge3/pkgs/jedi-0.20.0-pyhcf101f3_0
appears to be corrupted. The path 'site-packages/jedi/third_party/typeshed/stubs/openpyxl/openpyxl/formatting/__init__.pyi'
specified in the package manifest cannot be found.

CondaVerificationError: The package for jedi located at /home/raahimnawaz/miniforge3/pkgs/jedi-0.20.0-pyhcf101f3_0
appears to be corrupted. The path 'site-packages/jedi/third_party/typeshed/stubs/openpyxl/openpyxl/formatting/formatting.pyi'
specified in the package manifest cannot be found.

CondaVerificationError: The package for jedi located at /home/raahimnawaz/miniforge3/pkgs/jedi-0.20.0-pyhcf101f3_0
appears to be corrupted. The path 'site-packages/jedi/third_party/typeshed/stubs/openpyxl/openpyxl/formatting/rule.pyi'
specified in the package manifest cannot be found.

CondaVerificationError: The package for jedi located at /home/raahimnawaz/miniforge3/pkgs/jedi-0.20.0-pyhcf101f3_0
appears to be corrupted. The path 'site-packages/jedi/third_party/typeshed/stubs/openpyxl/openpyxl/formula/__init__.pyi'
specified in the package manifest cannot be found.

CondaVerificationError: The package for jedi located at /home/raahimnawaz/miniforge3/pkgs/jedi-0.20.0-pyhcf101f3_0
appears to be corrupted. The path 'site-packages/jedi/third_party/typeshed/stubs/openpyxl/openpyxl/formula/tokenizer.pyi'
specified in the package manifest cannot be found.

CondaVerificationError: The package for jedi located at /home/raahimnawaz/miniforge3/pkgs/jedi-0.20.0-pyhcf101f3_0
appears to be corrupted. The path 'site-packages/jedi/third_party/typeshed/stubs/openpyxl/openpyxl/formula/translate.pyi'
specified in the package manifest cannot be found.

CondaVerificationError: The package for jedi located at /home/raahimnawaz/miniforge3/pkgs/jedi-0.20.0-pyhcf101f3_0
appears to be corrupted. The path 'site-packages/jedi/third_party/typeshed/stubs/openpyxl/openpyxl/packaging/__init__.pyi'
specified in the package manifest cannot be found.

CondaVerificationError: The package for jedi located at /home/raahimnawaz/miniforge3/pkgs/jedi-0.20.0-pyhcf101f3_0
appears to be corrupted. The path 'site-packages/jedi/third_party/typeshed/stubs/openpyxl/openpyxl/packaging/core.pyi'
specified in the package manifest cannot be found.

CondaVerificationError: The package for jedi located at /home/raahimnawaz/miniforge3/pkgs/jedi-0.20.0-pyhcf101f3_0
appears to be corrupted. The path 'site-packages/jedi/third_party/typeshed/stubs/openpyxl/openpyxl/packaging/custom.pyi'
specified in the package manifest cannot be found.

CondaVerificationError: The package for jedi located at /home/raahimnawaz/miniforge3/pkgs/jedi-0.20.0-pyhcf101f3_0
appears to be corrupted. The path 'site-packages/jedi/third_party/typeshed/stubs/openpyxl/openpyxl/packaging/extended.pyi'
specified in the package manifest cannot be found.

CondaVerificationError: The package for jedi located at /home/raahimnawaz/miniforge3/pkgs/jedi-0.20.0-pyhcf101f3_0
appears to be corrupted. The path 'site-packages/jedi/third_party/typeshed/stubs/openpyxl/openpyxl/packaging/interface.pyi'
specified in the package manifest cannot be found.

CondaVerificationError: The package for jedi located at /home/raahimnawaz/miniforge3/pkgs/jedi-0.20.0-pyhcf101f3_0
appears to be corrupted. The path 'site-packages/jedi/third_party/typeshed/stubs/openpyxl/openpyxl/packaging/manifest.pyi'
specified in the package manifest cannot be found.

CondaVerificationError: The package for jedi located at /home/raahimnawaz/miniforge3/pkgs/jedi-0.20.0-pyhcf101f3_0
appears to be corrupted. The path 'site-packages/jedi/third_party/typeshed/stubs/openpyxl/openpyxl/packaging/relationship.pyi'
specified in the package manifest cannot be found.

CondaVerificationError: The package for jedi located at /home/raahimnawaz/miniforge3/pkgs/jedi-0.20.0-pyhcf101f3_0
appears to be corrupted. The path 'site-packages/jedi/third_party/typeshed/stubs/openpyxl/openpyxl/packaging/workbook.pyi'
specified in the package manifest cannot be found.

CondaVerificationError: The package for jedi located at /home/raahimnawaz/miniforge3/pkgs/jedi-0.20.0-pyhcf101f3_0
appears to be corrupted. The path 'site-packages/jedi/third_party/typeshed/stubs/openpyxl/openpyxl/pivot/__init__.pyi'
specified in the package manifest cannot be found.

CondaVerificationError: The package for jedi located at /home/raahimnawaz/miniforge3/pkgs/jedi-0.20.0-pyhcf101f3_0
appears to be corrupted. The path 'site-packages/jedi/third_party/typeshed/stubs/openpyxl/openpyxl/pivot/cache.pyi'
specified in the package manifest cannot be found.

CondaVerificationError: The package for jedi located at /home/raahimnawaz/miniforge3/pkgs/jedi-0.20.0-pyhcf101f3_0
appears to be corrupted. The path 'site-packages/jedi/third_party/typeshed/stubs/openpyxl/openpyxl/pivot/fields.pyi'
specified in the package manifest cannot be found.

CondaVerificationError: The package for jedi located at /home/raahimnawaz/miniforge3/pkgs/jedi-0.20.0-pyhcf101f3_0
appears to be corrupted. The path 'site-packages/jedi/third_party/typeshed/stubs/openpyxl/openpyxl/pivot/record.pyi'
specified in the package manifest cannot be found.

CondaVerificationError: The package for jedi located at /home/raahimnawaz/miniforge3/pkgs/jedi-0.20.0-pyhcf101f3_0
appears to be corrupted. The path 'site-packages/jedi/third_party/typeshed/stubs/openpyxl/openpyxl/pivot/table.pyi'
specified in the package manifest cannot be found.

CondaVerificationError: The package for jedi located at /home/raahimnawaz/miniforge3/pkgs/jedi-0.20.0-pyhcf101f3_0
appears to be corrupted. The path 'site-packages/jedi/third_party/typeshed/stubs/openpyxl/openpyxl/reader/__init__.pyi'
specified in the package manifest cannot be found.

CondaVerificationError: The package for jedi located at /home/raahimnawaz/miniforge3/pkgs/jedi-0.20.0-pyhcf101f3_0
appears to be corrupted. The path 'site-packages/jedi/third_party/typeshed/stubs/openpyxl/openpyxl/reader/drawings.pyi'
specified in the package manifest cannot be found.

CondaVerificationError: The package for jedi located at /home/raahimnawaz/miniforge3/pkgs/jedi-0.20.0-pyhcf101f3_0
appears to be corrupted. The path 'site-packages/jedi/third_party/typeshed/stubs/openpyxl/openpyxl/reader/excel.pyi'
specified in the package manifest cannot be found.

CondaVerificationError: The package for jedi located at /home/raahimnawaz/miniforge3/pkgs/jedi-0.20.0-pyhcf101f3_0
appears to be corrupted. The path 'site-packages/jedi/third_party/typeshed/stubs/openpyxl/openpyxl/reader/strings.pyi'
specified in the package manifest cannot be found.

CondaVerificationError: The package for jedi located at /home/raahimnawaz/miniforge3/pkgs/jedi-0.20.0-pyhcf101f3_0
appears to be corrupted. The path 'site-packages/jedi/third_party/typeshed/stubs/openpyxl/openpyxl/reader/workbook.pyi'
specified in the package manifest cannot be found.

CondaVerificationError: The package for jedi located at /home/raahimnawaz/miniforge3/pkgs/jedi-0.20.0-pyhcf101f3_0
appears to be corrupted. The path 'site-packages/jedi/third_party/typeshed/stubs/openpyxl/openpyxl/styles/__init__.pyi'
specified in the package manifest cannot be found.

CondaVerificationError: The package for jedi located at /home/raahimnawaz/miniforge3/pkgs/jedi-0.20.0-pyhcf101f3_0
appears to be corrupted. The path 'site-packages/jedi/third_party/typeshed/stubs/openpyxl/openpyxl/styles/alignment.pyi'
specified in the package manifest cannot be found.

CondaVerificationError: The package for jedi located at /home/raahimnawaz/miniforge3/pkgs/jedi-0.20.0-pyhcf101f3_0
appears to be corrupted. The path 'site-packages/jedi/third_party/typeshed/stubs/openpyxl/openpyxl/styles/borders.pyi'
specified in the package manifest cannot be found.

CondaVerificationError: The package for jedi located at /home/raahimnawaz/miniforge3/pkgs/jedi-0.20.0-pyhcf101f3_0
appears to be corrupted. The path 'site-packages/jedi/third_party/typeshed/stubs/openpyxl/openpyxl/styles/builtins.pyi'
specified in the package manifest cannot be found.

CondaVerificationError: The package for jedi located at /home/raahimnawaz/miniforge3/pkgs/jedi-0.20.0-pyhcf101f3_0
appears to be corrupted. The path 'site-packages/jedi/third_party/typeshed/stubs/openpyxl/openpyxl/styles/cell_style.pyi'
specified in the package manifest cannot be found.

CondaVerificationError: The package for jedi located at /home/raahimnawaz/miniforge3/pkgs/jedi-0.20.0-pyhcf101f3_0
appears to be corrupted. The path 'site-packages/jedi/third_party/typeshed/stubs/openpyxl/openpyxl/styles/colors.pyi'
specified in the package manifest cannot be found.

CondaVerificationError: The package for jedi located at /home/raahimnawaz/miniforge3/pkgs/jedi-0.20.0-pyhcf101f3_0
appears to be corrupted. The path 'site-packages/jedi/third_party/typeshed/stubs/openpyxl/openpyxl/styles/differential.pyi'
specified in the package manifest cannot be found.

CondaVerificationError: The package for jedi located at /home/raahimnawaz/miniforge3/pkgs/jedi-0.20.0-pyhcf101f3_0
appears to be corrupted. The path 'site-packages/jedi/third_party/typeshed/stubs/openpyxl/openpyxl/styles/fills.pyi'
specified in the package manifest cannot be found.

CondaVerificationError: The package for jedi located at /home/raahimnawaz/miniforge3/pkgs/jedi-0.20.0-pyhcf101f3_0
appears to be corrupted. The path 'site-packages/jedi/third_party/typeshed/stubs/openpyxl/openpyxl/styles/fonts.pyi'
specified in the package manifest cannot be found.

CondaVerificationError: The package for jedi located at /home/raahimnawaz/miniforge3/pkgs/jedi-0.20.0-pyhcf101f3_0
appears to be corrupted. The path 'site-packages/jedi/third_party/typeshed/stubs/openpyxl/openpyxl/styles/named_styles.pyi'
specified in the package manifest cannot be found.

CondaVerificationError: The package for jedi located at /home/raahimnawaz/miniforge3/pkgs/jedi-0.20.0-pyhcf101f3_0
appears to be corrupted. The path 'site-packages/jedi/third_party/typeshed/stubs/openpyxl/openpyxl/styles/numbers.pyi'
specified in the package manifest cannot be found.

CondaVerificationError: The package for jedi located at /home/raahimnawaz/miniforge3/pkgs/jedi-0.20.0-pyhcf101f3_0
appears to be corrupted. The path 'site-packages/jedi/third_party/typeshed/stubs/openpyxl/openpyxl/styles/protection.pyi'
specified in the package manifest cannot be found.

CondaVerificationError: The package for jedi located at /home/raahimnawaz/miniforge3/pkgs/jedi-0.20.0-pyhcf101f3_0
appears to be corrupted. The path 'site-packages/jedi/third_party/typeshed/stubs/openpyxl/openpyxl/styles/proxy.pyi'
specified in the package manifest cannot be found.

CondaVerificationError: The package for jedi located at /home/raahimnawaz/miniforge3/pkgs/jedi-0.20.0-pyhcf101f3_0
appears to be corrupted. The path 'site-packages/jedi/third_party/typeshed/stubs/openpyxl/openpyxl/styles/styleable.pyi'
specified in the package manifest cannot be found.

CondaVerificationError: The package for jedi located at /home/raahimnawaz/miniforge3/pkgs/jedi-0.20.0-pyhcf101f3_0
appears to be corrupted. The path 'site-packages/jedi/third_party/typeshed/stubs/openpyxl/openpyxl/styles/stylesheet.pyi'
specified in the package manifest cannot be found.

CondaVerificationError: The package for jedi located at /home/raahimnawaz/miniforge3/pkgs/jedi-0.20.0-pyhcf101f3_0
appears to be corrupted. The path 'site-packages/jedi/third_party/typeshed/stubs/openpyxl/openpyxl/styles/table.pyi'
specified in the package manifest cannot be found.

CondaVerificationError: The package for jedi located at /home/raahimnawaz/miniforge3/pkgs/jedi-0.20.0-pyhcf101f3_0
appears to be corrupted. The path 'site-packages/jedi/third_party/typeshed/stubs/openpyxl/openpyxl/utils/__init__.pyi'
specified in the package manifest cannot be found.

CondaVerificationError: The package for jedi located at /home/raahimnawaz/miniforge3/pkgs/jedi-0.20.0-pyhcf101f3_0
appears to be corrupted. The path 'site-packages/jedi/third_party/typeshed/stubs/openpyxl/openpyxl/utils/bound_dictionary.pyi'
specified in the package manifest cannot be found.

CondaVerificationError: The package for jedi located at /home/raahimnawaz/miniforge3/pkgs/jedi-0.20.0-pyhcf101f3_0
appears to be corrupted. The path 'site-packages/jedi/third_party/typeshed/stubs/openpyxl/openpyxl/utils/cell.pyi'
specified in the package manifest cannot be found.

CondaVerificationError: The package for jedi located at /home/raahimnawaz/miniforge3/pkgs/jedi-0.20.0-pyhcf101f3_0
appears to be corrupted. The path 'site-packages/jedi/third_party/typeshed/stubs/openpyxl/openpyxl/utils/dataframe.pyi'
specified in the package manifest cannot be found.

CondaVerificationError: The package for jedi located at /home/raahimnawaz/miniforge3/pkgs/jedi-0.20.0-pyhcf101f3_0
appears to be corrupted. The path 'site-packages/jedi/third_party/typeshed/stubs/openpyxl/openpyxl/utils/datetime.pyi'
specified in the package manifest cannot be found.

CondaVerificationError: The package for jedi located at /home/raahimnawaz/miniforge3/pkgs/jedi-0.20.0-pyhcf101f3_0
appears to be corrupted. The path 'site-packages/jedi/third_party/typeshed/stubs/openpyxl/openpyxl/utils/escape.pyi'
specified in the package manifest cannot be found.

CondaVerificationError: The package for jedi located at /home/raahimnawaz/miniforge3/pkgs/jedi-0.20.0-pyhcf101f3_0
appears to be corrupted. The path 'site-packages/jedi/third_party/typeshed/stubs/openpyxl/openpyxl/utils/exceptions.pyi'
specified in the package manifest cannot be found.

CondaVerificationError: The package for jedi located at /home/raahimnawaz/miniforge3/pkgs/jedi-0.20.0-pyhcf101f3_0
appears to be corrupted. The path 'site-packages/jedi/third_party/typeshed/stubs/openpyxl/openpyxl/utils/formulas.pyi'
specified in the package manifest cannot be found.

CondaVerificationError: The package for jedi located at /home/raahimnawaz/miniforge3/pkgs/jedi-0.20.0-pyhcf101f3_0
appears to be corrupted. The path 'site-packages/jedi/third_party/typeshed/stubs/openpyxl/openpyxl/utils/indexed_list.pyi'
specified in the package manifest cannot be found.

CondaVerificationError: The package for jedi located at /home/raahimnawaz/miniforge3/pkgs/jedi-0.20.0-pyhcf101f3_0
appears to be corrupted. The path 'site-packages/jedi/third_party/typeshed/stubs/openpyxl/openpyxl/utils/inference.pyi'
specified in the package manifest cannot be found.

CondaVerificationError: The package for jedi located at /home/raahimnawaz/miniforge3/pkgs/jedi-0.20.0-pyhcf101f3_0
appears to be corrupted. The path 'site-packages/jedi/third_party/typeshed/stubs/openpyxl/openpyxl/utils/protection.pyi'
specified in the package manifest cannot be found.

CondaVerificationError: The package for jedi located at /home/raahimnawaz/miniforge3/pkgs/jedi-0.20.0-pyhcf101f3_0
appears to be corrupted. The path 'site-packages/jedi/third_party/typeshed/stubs/openpyxl/openpyxl/utils/units.pyi'
specified in the package manifest cannot be found.

CondaVerificationError: The package for jedi located at /home/raahimnawaz/miniforge3/pkgs/jedi-0.20.0-pyhcf101f3_0
appears to be corrupted. The path 'site-packages/jedi/third_party/typeshed/stubs/openpyxl/openpyxl/workbook/__init__.pyi'
specified in the package manifest cannot be found.

CondaVerificationError: The package for jedi located at /home/raahimnawaz/miniforge3/pkgs/jedi-0.20.0-pyhcf101f3_0
appears to be corrupted. The path 'site-packages/jedi/third_party/typeshed/stubs/openpyxl/openpyxl/workbook/_writer.pyi'
specified in the package manifest cannot be found.

CondaVerificationError: The package for jedi located at /home/raahimnawaz/miniforge3/pkgs/jedi-0.20.0-pyhcf101f3_0
appears to be corrupted. The path 'site-packages/jedi/third_party/typeshed/stubs/openpyxl/openpyxl/workbook/child.pyi'
specified in the package manifest cannot be found.

CondaVerificationError: The package for jedi located at /home/raahimnawaz/miniforge3/pkgs/jedi-0.20.0-pyhcf101f3_0
appears to be corrupted. The path 'site-packages/jedi/third_party/typeshed/stubs/openpyxl/openpyxl/workbook/defined_name.pyi'
specified in the package manifest cannot be found.

CondaVerificationError: The package for jedi located at /home/raahimnawaz/miniforge3/pkgs/jedi-0.20.0-pyhcf101f3_0
appears to be corrupted. The path 'site-packages/jedi/third_party/typeshed/stubs/openpyxl/openpyxl/workbook/external_link/__init__.pyi'
specified in the package manifest cannot be found.

CondaVerificationError: The package for jedi located at /home/raahimnawaz/miniforge3/pkgs/jedi-0.20.0-pyhcf101f3_0
appears to be corrupted. The path 'site-packages/jedi/third_party/typeshed/stubs/openpyxl/openpyxl/workbook/external_link/external.pyi'
specified in the package manifest cannot be found.

CondaVerificationError: The package for jedi located at /home/raahimnawaz/miniforge3/pkgs/jedi-0.20.0-pyhcf101f3_0
appears to be corrupted. The path 'site-packages/jedi/third_party/typeshed/stubs/openpyxl/openpyxl/workbook/external_reference.pyi'
specified in the package manifest cannot be found.

CondaVerificationError: The package for jedi located at /home/raahimnawaz/miniforge3/pkgs/jedi-0.20.0-pyhcf101f3_0
appears to be corrupted. The path 'site-packages/jedi/third_party/typeshed/stubs/openpyxl/openpyxl/workbook/function_group.pyi'
specified in the package manifest cannot be found.

CondaVerificationError: The package for jedi located at /home/raahimnawaz/miniforge3/pkgs/jedi-0.20.0-pyhcf101f3_0
appears to be corrupted. The path 'site-packages/jedi/third_party/typeshed/stubs/openpyxl/openpyxl/workbook/properties.pyi'
specified in the package manifest cannot be found.

CondaVerificationError: The package for jedi located at /home/raahimnawaz/miniforge3/pkgs/jedi-0.20.0-pyhcf101f3_0
appears to be corrupted. The path 'site-packages/jedi/third_party/typeshed/stubs/openpyxl/openpyxl/workbook/protection.pyi'
specified in the package manifest cannot be found.

CondaVerificationError: The package for jedi located at /home/raahimnawaz/miniforge3/pkgs/jedi-0.20.0-pyhcf101f3_0
appears to be corrupted. The path 'site-packages/jedi/third_party/typeshed/stubs/openpyxl/openpyxl/workbook/smart_tags.pyi'
specified in the package manifest cannot be found.

CondaVerificationError: The package for jedi located at /home/raahimnawaz/miniforge3/pkgs/jedi-0.20.0-pyhcf101f3_0
appears to be corrupted. The path 'site-packages/jedi/third_party/typeshed/stubs/openpyxl/openpyxl/workbook/views.pyi'
specified in the package manifest cannot be found.

CondaVerificationError: The package for jedi located at /home/raahimnawaz/miniforge3/pkgs/jedi-0.20.0-pyhcf101f3_0
appears to be corrupted. The path 'site-packages/jedi/third_party/typeshed/stubs/openpyxl/openpyxl/workbook/web.pyi'
specified in the package manifest cannot be found.

CondaVerificationError: The package for jedi located at /home/raahimnawaz/miniforge3/pkgs/jedi-0.20.0-pyhcf101f3_0
appears to be corrupted. The path 'site-packages/jedi/third_party/typeshed/stubs/openpyxl/openpyxl/workbook/workbook.pyi'
specified in the package manifest cannot be found.

CondaVerificationError: The package for jedi located at /home/raahimnawaz/miniforge3/pkgs/jedi-0.20.0-pyhcf101f3_0
appears to be corrupted. The path 'site-packages/jedi/third_party/typeshed/stubs/openpyxl/openpyxl/worksheet/__init__.pyi'
specified in the package manifest cannot be found.

CondaVerificationError: The package for jedi located at /home/raahimnawaz/miniforge3/pkgs/jedi-0.20.0-pyhcf101f3_0
appears to be corrupted. The path 'site-packages/jedi/third_party/typeshed/stubs/openpyxl/openpyxl/worksheet/_read_only.pyi'
specified in the package manifest cannot be found.

CondaVerificationError: The package for jedi located at /home/raahimnawaz/miniforge3/pkgs/jedi-0.20.0-pyhcf101f3_0
appears to be corrupted. The path 'site-packages/jedi/third_party/typeshed/stubs/openpyxl/openpyxl/worksheet/_reader.pyi'
specified in the package manifest cannot be found.

CondaVerificationError: The package for jedi located at /home/raahimnawaz/miniforge3/pkgs/jedi-0.20.0-pyhcf101f3_0
appears to be corrupted. The path 'site-packages/jedi/third_party/typeshed/stubs/openpyxl/openpyxl/worksheet/_write_only.pyi'
specified in the package manifest cannot be found.

CondaVerificationError: The package for jedi located at /home/raahimnawaz/miniforge3/pkgs/jedi-0.20.0-pyhcf101f3_0
appears to be corrupted. The path 'site-packages/jedi/third_party/typeshed/stubs/openpyxl/openpyxl/worksheet/_writer.pyi'
specified in the package manifest cannot be found.

CondaVerificationError: The package for jedi located at /home/raahimnawaz/miniforge3/pkgs/jedi-0.20.0-pyhcf101f3_0
appears to be corrupted. The path 'site-packages/jedi/third_party/typeshed/stubs/openpyxl/openpyxl/worksheet/cell_range.pyi'
specified in the package manifest cannot be found.

CondaVerificationError: The package for jedi located at /home/raahimnawaz/miniforge3/pkgs/jedi-0.20.0-pyhcf101f3_0
appears to be corrupted. The path 'site-packages/jedi/third_party/typeshed/stubs/openpyxl/openpyxl/worksheet/cell_watch.pyi'
specified in the package manifest cannot be found.

CondaVerificationError: The package for jedi located at /home/raahimnawaz/miniforge3/pkgs/jedi-0.20.0-pyhcf101f3_0
appears to be corrupted. The path 'site-packages/jedi/third_party/typeshed/stubs/openpyxl/openpyxl/worksheet/controls.pyi'
specified in the package manifest cannot be found.

CondaVerificationError: The package for jedi located at /home/raahimnawaz/miniforge3/pkgs/jedi-0.20.0-pyhcf101f3_0
appears to be corrupted. The path 'site-packages/jedi/third_party/typeshed/stubs/openpyxl/openpyxl/worksheet/copier.pyi'
specified in the package manifest cannot be found.

CondaVerificationError: The package for jedi located at /home/raahimnawaz/miniforge3/pkgs/jedi-0.20.0-pyhcf101f3_0
appears to be corrupted. The path 'site-packages/jedi/third_party/typeshed/stubs/openpyxl/openpyxl/worksheet/custom.pyi'
specified in the package manifest cannot be found.

CondaVerificationError: The package for jedi located at /home/raahimnawaz/miniforge3/pkgs/jedi-0.20.0-pyhcf101f3_0
appears to be corrupted. The path 'site-packages/jedi/third_party/typeshed/stubs/openpyxl/openpyxl/worksheet/datavalidation.pyi'
specified in the package manifest cannot be found.

CondaVerificationError: The package for jedi located at /home/raahimnawaz/miniforge3/pkgs/jedi-0.20.0-pyhcf101f3_0
appears to be corrupted. The path 'site-packages/jedi/third_party/typeshed/stubs/openpyxl/openpyxl/worksheet/dimensions.pyi'
specified in the package manifest cannot be found.

CondaVerificationError: The package for jedi located at /home/raahimnawaz/miniforge3/pkgs/jedi-0.20.0-pyhcf101f3_0
appears to be corrupted. The path 'site-packages/jedi/third_party/typeshed/stubs/openpyxl/openpyxl/worksheet/drawing.pyi'
specified in the package manifest cannot be found.

CondaVerificationError: The package for jedi located at /home/raahimnawaz/miniforge3/pkgs/jedi-0.20.0-pyhcf101f3_0
appears to be corrupted. The path 'site-packages/jedi/third_party/typeshed/stubs/openpyxl/openpyxl/worksheet/errors.pyi'
specified in the package manifest cannot be found.

CondaVerificationError: The package for jedi located at /home/raahimnawaz/miniforge3/pkgs/jedi-0.20.0-pyhcf101f3_0
appears to be corrupted. The path 'site-packages/jedi/third_party/typeshed/stubs/openpyxl/openpyxl/worksheet/filters.pyi'
specified in the package manifest cannot be found.

CondaVerificationError: The package for jedi located at /home/raahimnawaz/miniforge3/pkgs/jedi-0.20.0-pyhcf101f3_0
appears to be corrupted. The path 'site-packages/jedi/third_party/typeshed/stubs/openpyxl/openpyxl/worksheet/formula.pyi'
specified in the package manifest cannot be found.

CondaVerificationError: The package for jedi located at /home/raahimnawaz/miniforge3/pkgs/jedi-0.20.0-pyhcf101f3_0
appears to be corrupted. The path 'site-packages/jedi/third_party/typeshed/stubs/openpyxl/openpyxl/worksheet/header_footer.pyi'
specified in the package manifest cannot be found.

CondaVerificationError: The package for jedi located at /home/raahimnawaz/miniforge3/pkgs/jedi-0.20.0-pyhcf101f3_0
appears to be corrupted. The path 'site-packages/jedi/third_party/typeshed/stubs/openpyxl/openpyxl/worksheet/hyperlink.pyi'
specified in the package manifest cannot be found.

CondaVerificationError: The package for jedi located at /home/raahimnawaz/miniforge3/pkgs/jedi-0.20.0-pyhcf101f3_0
appears to be corrupted. The path 'site-packages/jedi/third_party/typeshed/stubs/openpyxl/openpyxl/worksheet/merge.pyi'
specified in the package manifest cannot be found.

CondaVerificationError: The package for jedi located at /home/raahimnawaz/miniforge3/pkgs/jedi-0.20.0-pyhcf101f3_0
appears to be corrupted. The path 'site-packages/jedi/third_party/typeshed/stubs/openpyxl/openpyxl/worksheet/ole.pyi'
specified in the package manifest cannot be found.

CondaVerificationError: The package for jedi located at /home/raahimnawaz/miniforge3/pkgs/jedi-0.20.0-pyhcf101f3_0
appears to be corrupted. The path 'site-packages/jedi/third_party/typeshed/stubs/openpyxl/openpyxl/worksheet/page.pyi'
specified in the package manifest cannot be found.

CondaVerificationError: The package for jedi located at /home/raahimnawaz/miniforge3/pkgs/jedi-0.20.0-pyhcf101f3_0
appears to be corrupted. The path 'site-packages/jedi/third_party/typeshed/stubs/openpyxl/openpyxl/worksheet/pagebreak.pyi'
specified in the package manifest cannot be found.

CondaVerificationError: The package for jedi located at /home/raahimnawaz/miniforge3/pkgs/jedi-0.20.0-pyhcf101f3_0
appears to be corrupted. The path 'site-packages/jedi/third_party/typeshed/stubs/openpyxl/openpyxl/worksheet/picture.pyi'
specified in the package manifest cannot be found.

CondaVerificationError: The package for jedi located at /home/raahimnawaz/miniforge3/pkgs/jedi-0.20.0-pyhcf101f3_0
appears to be corrupted. The path 'site-packages/jedi/third_party/typeshed/stubs/openpyxl/openpyxl/worksheet/print_settings.pyi'
specified in the package manifest cannot be found.

CondaVerificationError: The package for jedi located at /home/raahimnawaz/miniforge3/pkgs/jedi-0.20.0-pyhcf101f3_0
appears to be corrupted. The path 'site-packages/jedi/third_party/typeshed/stubs/openpyxl/openpyxl/worksheet/properties.pyi'
specified in the package manifest cannot be found.

CondaVerificationError: The package for jedi located at /home/raahimnawaz/miniforge3/pkgs/jedi-0.20.0-pyhcf101f3_0
appears to be corrupted. The path 'site-packages/jedi/third_party/typeshed/stubs/openpyxl/openpyxl/worksheet/protection.pyi'
specified in the package manifest cannot be found.

CondaVerificationError: The package for jedi located at /home/raahimnawaz/miniforge3/pkgs/jedi-0.20.0-pyhcf101f3_0
appears to be corrupted. The path 'site-packages/jedi/third_party/typeshed/stubs/openpyxl/openpyxl/worksheet/related.pyi'
specified in the package manifest cannot be found.

CondaVerificationError: The package for jedi located at /home/raahimnawaz/miniforge3/pkgs/jedi-0.20.0-pyhcf101f3_0
appears to be corrupted. The path 'site-packages/jedi/third_party/typeshed/stubs/openpyxl/openpyxl/worksheet/scenario.pyi'
specified in the package manifest cannot be found.

CondaVerificationError: The package for jedi located at /home/raahimnawaz/miniforge3/pkgs/jedi-0.20.0-pyhcf101f3_0
appears to be corrupted. The path 'site-packages/jedi/third_party/typeshed/stubs/openpyxl/openpyxl/worksheet/smart_tag.pyi'
specified in the package manifest cannot be found.

CondaVerificationError: The package for jedi located at /home/raahimnawaz/miniforge3/pkgs/jedi-0.20.0-pyhcf101f3_0
appears to be corrupted. The path 'site-packages/jedi/third_party/typeshed/stubs/openpyxl/openpyxl/worksheet/table.pyi'
specified in the package manifest cannot be found.

CondaVerificationError: The package for jedi located at /home/raahimnawaz/miniforge3/pkgs/jedi-0.20.0-pyhcf101f3_0
appears to be corrupted. The path 'site-packages/jedi/third_party/typeshed/stubs/openpyxl/openpyxl/worksheet/views.pyi'
specified in the package manifest cannot be found.

CondaVerificationError: The package for jedi located at /home/raahimnawaz/miniforge3/pkgs/jedi-0.20.0-pyhcf101f3_0
appears to be corrupted. The path 'site-packages/jedi/third_party/typeshed/stubs/openpyxl/openpyxl/worksheet/worksheet.pyi'
specified in the package manifest cannot be found.

CondaVerificationError: The package for jedi located at /home/raahimnawaz/miniforge3/pkgs/jedi-0.20.0-pyhcf101f3_0
appears to be corrupted. The path 'site-packages/jedi/third_party/typeshed/stubs/openpyxl/openpyxl/writer/__init__.pyi'
specified in the package manifest cannot be found.

CondaVerificationError: The package for jedi located at /home/raahimnawaz/miniforge3/pkgs/jedi-0.20.0-pyhcf101f3_0
appears to be corrupted. The path 'site-packages/jedi/third_party/typeshed/stubs/openpyxl/openpyxl/writer/excel.pyi'
specified in the package manifest cannot be found.

CondaVerificationError: The package for jedi located at /home/raahimnawaz/miniforge3/pkgs/jedi-0.20.0-pyhcf101f3_0
appears to be corrupted. The path 'site-packages/jedi/third_party/typeshed/stubs/openpyxl/openpyxl/writer/theme.pyi'
specified in the package manifest cannot be found.

CondaVerificationError: The package for jedi located at /home/raahimnawaz/miniforge3/pkgs/jedi-0.20.0-pyhcf101f3_0
appears to be corrupted. The path 'site-packages/jedi/third_party/typeshed/stubs/openpyxl/openpyxl/xml/__init__.pyi'
specified in the package manifest cannot be found.

CondaVerificationError: The package for jedi located at /home/raahimnawaz/miniforge3/pkgs/jedi-0.20.0-pyhcf101f3_0
appears to be corrupted. The path 'site-packages/jedi/third_party/typeshed/stubs/openpyxl/openpyxl/xml/_functions_overloads.pyi'
specified in the package manifest cannot be found.

CondaVerificationError: The package for jedi located at /home/raahimnawaz/miniforge3/pkgs/jedi-0.20.0-pyhcf101f3_0
appears to be corrupted. The path 'site-packages/jedi/third_party/typeshed/stubs/openpyxl/openpyxl/xml/constants.pyi'
specified in the package manifest cannot be found.

CondaVerificationError: The package for jedi located at /home/raahimnawaz/miniforge3/pkgs/jedi-0.20.0-pyhcf101f3_0
appears to be corrupted. The path 'site-packages/jedi/third_party/typeshed/stubs/openpyxl/openpyxl/xml/functions.pyi'
specified in the package manifest cannot be found.

CondaVerificationError: The package for jedi located at /home/raahimnawaz/miniforge3/pkgs/jedi-0.20.0-pyhcf101f3_0
appears to be corrupted. The path 'site-packages/jedi/third_party/typeshed/stubs/opentracing/opentracing/__init__.pyi'
specified in the package manifest cannot be found.

CondaVerificationError: The package for jedi located at /home/raahimnawaz/miniforge3/pkgs/jedi-0.20.0-pyhcf101f3_0
appears to be corrupted. The path 'site-packages/jedi/third_party/typeshed/stubs/opentracing/opentracing/ext/__init__.pyi'
specified in the package manifest cannot be found.

CondaVerificationError: The package for jedi located at /home/raahimnawaz/miniforge3/pkgs/jedi-0.20.0-pyhcf101f3_0
appears to be corrupted. The path 'site-packages/jedi/third_party/typeshed/stubs/opentracing/opentracing/ext/tags.pyi'
specified in the package manifest cannot be found.

CondaVerificationError: The package for jedi located at /home/raahimnawaz/miniforge3/pkgs/jedi-0.20.0-pyhcf101f3_0
appears to be corrupted. The path 'site-packages/jedi/third_party/typeshed/stubs/opentracing/opentracing/harness/__init__.pyi'
specified in the package manifest cannot be found.

CondaVerificationError: The package for jedi located at /home/raahimnawaz/miniforge3/pkgs/jedi-0.20.0-pyhcf101f3_0
appears to be corrupted. The path 'site-packages/jedi/third_party/typeshed/stubs/opentracing/opentracing/harness/api_check.pyi'
specified in the package manifest cannot be found.

CondaVerificationError: The package for jedi located at /home/raahimnawaz/miniforge3/pkgs/jedi-0.20.0-pyhcf101f3_0
appears to be corrupted. The path 'site-packages/jedi/third_party/typeshed/stubs/opentracing/opentracing/harness/scope_check.pyi'
specified in the package manifest cannot be found.

CondaVerificationError: The package for jedi located at /home/raahimnawaz/miniforge3/pkgs/jedi-0.20.0-pyhcf101f3_0
appears to be corrupted. The path 'site-packages/jedi/third_party/typeshed/stubs/opentracing/opentracing/logs.pyi'
specified in the package manifest cannot be found.

CondaVerificationError: The package for jedi located at /home/raahimnawaz/miniforge3/pkgs/jedi-0.20.0-pyhcf101f3_0
appears to be corrupted. The path 'site-packages/jedi/third_party/typeshed/stubs/opentracing/opentracing/mocktracer/__init__.pyi'
specified in the package manifest cannot be found.

CondaVerificationError: The package for jedi located at /home/raahimnawaz/miniforge3/pkgs/jedi-0.20.0-pyhcf101f3_0
appears to be corrupted. The path 'site-packages/jedi/third_party/typeshed/stubs/opentracing/opentracing/mocktracer/binary_propagator.pyi'
specified in the package manifest cannot be found.

CondaVerificationError: The package for jedi located at /home/raahimnawaz/miniforge3/pkgs/jedi-0.20.0-pyhcf101f3_0
appears to be corrupted. The path 'site-packages/jedi/third_party/typeshed/stubs/opentracing/opentracing/mocktracer/context.pyi'
specified in the package manifest cannot be found.

CondaVerificationError: The package for jedi located at /home/raahimnawaz/miniforge3/pkgs/jedi-0.20.0-pyhcf101f3_0
appears to be corrupted. The path 'site-packages/jedi/third_party/typeshed/stubs/opentracing/opentracing/mocktracer/propagator.pyi'
specified in the package manifest cannot be found.

CondaVerificationError: The package for jedi located at /home/raahimnawaz/miniforge3/pkgs/jedi-0.20.0-pyhcf101f3_0
appears to be corrupted. The path 'site-packages/jedi/third_party/typeshed/stubs/opentracing/opentracing/mocktracer/span.pyi'
specified in the package manifest cannot be found.

CondaVerificationError: The package for jedi located at /home/raahimnawaz/miniforge3/pkgs/jedi-0.20.0-pyhcf101f3_0
appears to be corrupted. The path 'site-packages/jedi/third_party/typeshed/stubs/opentracing/opentracing/mocktracer/text_propagator.pyi'
specified in the package manifest cannot be found.

CondaVerificationError: The package for jedi located at /home/raahimnawaz/miniforge3/pkgs/jedi-0.20.0-pyhcf101f3_0
appears to be corrupted. The path 'site-packages/jedi/third_party/typeshed/stubs/opentracing/opentracing/mocktracer/tracer.pyi'
specified in the package manifest cannot be found.

CondaVerificationError: The package for jedi located at /home/raahimnawaz/miniforge3/pkgs/jedi-0.20.0-pyhcf101f3_0
appears to be corrupted. The path 'site-packages/jedi/third_party/typeshed/stubs/opentracing/opentracing/propagation.pyi'
specified in the package manifest cannot be found.

CondaVerificationError: The package for jedi located at /home/raahimnawaz/miniforge3/pkgs/jedi-0.20.0-pyhcf101f3_0
appears to be corrupted. The path 'site-packages/jedi/third_party/typeshed/stubs/opentracing/opentracing/scope.pyi'
specified in the package manifest cannot be found.

CondaVerificationError: The package for jedi located at /home/raahimnawaz/miniforge3/pkgs/jedi-0.20.0-pyhcf101f3_0
appears to be corrupted. The path 'site-packages/jedi/third_party/typeshed/stubs/opentracing/opentracing/scope_manager.pyi'
specified in the package manifest cannot be found.

CondaVerificationError: The package for jedi located at /home/raahimnawaz/miniforge3/pkgs/jedi-0.20.0-pyhcf101f3_0
appears to be corrupted. The path 'site-packages/jedi/third_party/typeshed/stubs/opentracing/opentracing/scope_managers/__init__.pyi'
specified in the package manifest cannot be found.

CondaVerificationError: The package for jedi located at /home/raahimnawaz/miniforge3/pkgs/jedi-0.20.0-pyhcf101f3_0
appears to be corrupted. The path 'site-packages/jedi/third_party/typeshed/stubs/opentracing/opentracing/scope_managers/asyncio.pyi'
specified in the package manifest cannot be found.

CondaVerificationError: The package for jedi located at /home/raahimnawaz/miniforge3/pkgs/jedi-0.20.0-pyhcf101f3_0
appears to be corrupted. The path 'site-packages/jedi/third_party/typeshed/stubs/opentracing/opentracing/scope_managers/constants.pyi'
specified in the package manifest cannot be found.

CondaVerificationError: The package for jedi located at /home/raahimnawaz/miniforge3/pkgs/jedi-0.20.0-pyhcf101f3_0
appears to be corrupted. The path 'site-packages/jedi/third_party/typeshed/stubs/opentracing/opentracing/scope_managers/contextvars.pyi'
specified in the package manifest cannot be found.

CondaVerificationError: The package for jedi located at /home/raahimnawaz/miniforge3/pkgs/jedi-0.20.0-pyhcf101f3_0
appears to be corrupted. The path 'site-packages/jedi/third_party/typeshed/stubs/opentracing/opentracing/scope_managers/gevent.pyi'
specified in the package manifest cannot be found.

CondaVerificationError: The package for jedi located at /home/raahimnawaz/miniforge3/pkgs/jedi-0.20.0-pyhcf101f3_0
appears to be corrupted. The path 'site-packages/jedi/third_party/typeshed/stubs/opentracing/opentracing/scope_managers/tornado.pyi'
specified in the package manifest cannot be found.

CondaVerificationError: The package for jedi located at /home/raahimnawaz/miniforge3/pkgs/jedi-0.20.0-pyhcf101f3_0
appears to be corrupted. The path 'site-packages/jedi/third_party/typeshed/stubs/opentracing/opentracing/span.pyi'
specified in the package manifest cannot be found.

CondaVerificationError: The package for jedi located at /home/raahimnawaz/miniforge3/pkgs/jedi-0.20.0-pyhcf101f3_0
appears to be corrupted. The path 'site-packages/jedi/third_party/typeshed/stubs/opentracing/opentracing/tags.pyi'
specified in the package manifest cannot be found.

CondaVerificationError: The package for jedi located at /home/raahimnawaz/miniforge3/pkgs/jedi-0.20.0-pyhcf101f3_0
appears to be corrupted. The path 'site-packages/jedi/third_party/typeshed/stubs/opentracing/opentracing/tracer.pyi'
specified in the package manifest cannot be found.

CondaVerificationError: The package for jedi located at /home/raahimnawaz/miniforge3/pkgs/jedi-0.20.0-pyhcf101f3_0
appears to be corrupted. The path 'site-packages/jedi/third_party/typeshed/stubs/paramiko/paramiko/__init__.pyi'
specified in the package manifest cannot be found.

CondaVerificationError: The package for jedi located at /home/raahimnawaz/miniforge3/pkgs/jedi-0.20.0-pyhcf101f3_0
appears to be corrupted. The path 'site-packages/jedi/third_party/typeshed/stubs/paramiko/paramiko/_winapi.pyi'
specified in the package manifest cannot be found.

CondaVerificationError: The package for jedi located at /home/raahimnawaz/miniforge3/pkgs/jedi-0.20.0-pyhcf101f3_0
appears to be corrupted. The path 'site-packages/jedi/third_party/typeshed/stubs/paramiko/paramiko/agent.pyi'
specified in the package manifest cannot be found.

CondaVerificationError: The package for jedi located at /home/raahimnawaz/miniforge3/pkgs/jedi-0.20.0-pyhcf101f3_0
appears to be corrupted. The path 'site-packages/jedi/third_party/typeshed/stubs/paramiko/paramiko/auth_handler.pyi'
specified in the package manifest cannot be found.

CondaVerificationError: The package for jedi located at /home/raahimnawaz/miniforge3/pkgs/jedi-0.20.0-pyhcf101f3_0
appears to be corrupted. The path 'site-packages/jedi/third_party/typeshed/stubs/paramiko/paramiko/auth_strategy.pyi'
specified in the package manifest cannot be found.

CondaVerificationError: The package for jedi located at /home/raahimnawaz/miniforge3/pkgs/jedi-0.20.0-pyhcf101f3_0
appears to be corrupted. The path 'site-packages/jedi/third_party/typeshed/stubs/paramiko/paramiko/ber.pyi'
specified in the package manifest cannot be found.

CondaVerificationError: The package for jedi located at /home/raahimnawaz/miniforge3/pkgs/jedi-0.20.0-pyhcf101f3_0
appears to be corrupted. The path 'site-packages/jedi/third_party/typeshed/stubs/paramiko/paramiko/buffered_pipe.pyi'
specified in the package manifest cannot be found.

CondaVerificationError: The package for jedi located at /home/raahimnawaz/miniforge3/pkgs/jedi-0.20.0-pyhcf101f3_0
appears to be corrupted. The path 'site-packages/jedi/third_party/typeshed/stubs/paramiko/paramiko/channel.pyi'
specified in the package manifest cannot be found.

CondaVerificationError: The package for jedi located at /home/raahimnawaz/miniforge3/pkgs/jedi-0.20.0-pyhcf101f3_0
appears to be corrupted. The path 'site-packages/jedi/third_party/typeshed/stubs/paramiko/paramiko/client.pyi'
specified in the package manifest cannot be found.

CondaVerificationError: The package for jedi located at /home/raahimnawaz/miniforge3/pkgs/jedi-0.20.0-pyhcf101f3_0
appears to be corrupted. The path 'site-packages/jedi/third_party/typeshed/stubs/paramiko/paramiko/common.pyi'
specified in the package manifest cannot be found.

CondaVerificationError: The package for jedi located at /home/raahimnawaz/miniforge3/pkgs/jedi-0.20.0-pyhcf101f3_0
appears to be corrupted. The path 'site-packages/jedi/third_party/typeshed/stubs/paramiko/paramiko/compress.pyi'
specified in the package manifest cannot be found.

CondaVerificationError: The package for jedi located at /home/raahimnawaz/miniforge3/pkgs/jedi-0.20.0-pyhcf101f3_0
appears to be corrupted. The path 'site-packages/jedi/third_party/typeshed/stubs/paramiko/paramiko/config.pyi'
specified in the package manifest cannot be found.

CondaVerificationError: The package for jedi located at /home/raahimnawaz/miniforge3/pkgs/jedi-0.20.0-pyhcf101f3_0
appears to be corrupted. The path 'site-packages/jedi/third_party/typeshed/stubs/paramiko/paramiko/ecdsakey.pyi'
specified in the package manifest cannot be found.

CondaVerificationError: The package for jedi located at /home/raahimnawaz/miniforge3/pkgs/jedi-0.20.0-pyhcf101f3_0
appears to be corrupted. The path 'site-packages/jedi/third_party/typeshed/stubs/paramiko/paramiko/ed25519key.pyi'
specified in the package manifest cannot be found.

CondaVerificationError: The package for jedi located at /home/raahimnawaz/miniforge3/pkgs/jedi-0.20.0-pyhcf101f3_0
appears to be corrupted. The path 'site-packages/jedi/third_party/typeshed/stubs/paramiko/paramiko/file.pyi'
specified in the package manifest cannot be found.

CondaVerificationError: The package for jedi located at /home/raahimnawaz/miniforge3/pkgs/jedi-0.20.0-pyhcf101f3_0
appears to be corrupted. The path 'site-packages/jedi/third_party/typeshed/stubs/paramiko/paramiko/hostkeys.pyi'
specified in the package manifest cannot be found.

CondaVerificationError: The package for jedi located at /home/raahimnawaz/miniforge3/pkgs/jedi-0.20.0-pyhcf101f3_0
appears to be corrupted. The path 'site-packages/jedi/third_party/typeshed/stubs/paramiko/paramiko/kex_curve25519.pyi'
specified in the package manifest cannot be found.

CondaVerificationError: The package for jedi located at /home/raahimnawaz/miniforge3/pkgs/jedi-0.20.0-pyhcf101f3_0
appears to be corrupted. The path 'site-packages/jedi/third_party/typeshed/stubs/paramiko/paramiko/kex_ecdh_nist.pyi'
specified in the package manifest cannot be found.

CondaVerificationError: The package for jedi located at /home/raahimnawaz/miniforge3/pkgs/jedi-0.20.0-pyhcf101f3_0
appears to be corrupted. The path 'site-packages/jedi/third_party/typeshed/stubs/paramiko/paramiko/kex_gex.pyi'
specified in the package manifest cannot be found.

CondaVerificationError: The package for jedi located at /home/raahimnawaz/miniforge3/pkgs/jedi-0.20.0-pyhcf101f3_0
appears to be corrupted. The path 'site-packages/jedi/third_party/typeshed/stubs/paramiko/paramiko/kex_group1.pyi'
specified in the package manifest cannot be found.

CondaVerificationError: The package for jedi located at /home/raahimnawaz/miniforge3/pkgs/jedi-0.20.0-pyhcf101f3_0
appears to be corrupted. The path 'site-packages/jedi/third_party/typeshed/stubs/paramiko/paramiko/kex_group14.pyi'
specified in the package manifest cannot be found.

CondaVerificationError: The package for jedi located at /home/raahimnawaz/miniforge3/pkgs/jedi-0.20.0-pyhcf101f3_0
appears to be corrupted. The path 'site-packages/jedi/third_party/typeshed/stubs/paramiko/paramiko/kex_group16.pyi'
specified in the package manifest cannot be found.

CondaVerificationError: The package for jedi located at /home/raahimnawaz/miniforge3/pkgs/jedi-0.20.0-pyhcf101f3_0
appears to be corrupted. The path 'site-packages/jedi/third_party/typeshed/stubs/paramiko/paramiko/kex_gss.pyi'
specified in the package manifest cannot be found.

CondaVerificationError: The package for jedi located at /home/raahimnawaz/miniforge3/pkgs/jedi-0.20.0-pyhcf101f3_0
appears to be corrupted. The path 'site-packages/jedi/third_party/typeshed/stubs/paramiko/paramiko/message.pyi'
specified in the package manifest cannot be found.

CondaVerificationError: The package for jedi located at /home/raahimnawaz/miniforge3/pkgs/jedi-0.20.0-pyhcf101f3_0
appears to be corrupted. The path 'site-packages/jedi/third_party/typeshed/stubs/paramiko/paramiko/packet.pyi'
specified in the package manifest cannot be found.

CondaVerificationError: The package for jedi located at /home/raahimnawaz/miniforge3/pkgs/jedi-0.20.0-pyhcf101f3_0
appears to be corrupted. The path 'site-packages/jedi/third_party/typeshed/stubs/paramiko/paramiko/pipe.pyi'
specified in the package manifest cannot be found.

CondaVerificationError: The package for jedi located at /home/raahimnawaz/miniforge3/pkgs/jedi-0.20.0-pyhcf101f3_0
appears to be corrupted. The path 'site-packages/jedi/third_party/typeshed/stubs/paramiko/paramiko/pkey.pyi'
specified in the package manifest cannot be found.

CondaVerificationError: The package for jedi located at /home/raahimnawaz/miniforge3/pkgs/jedi-0.20.0-pyhcf101f3_0
appears to be corrupted. The path 'site-packages/jedi/third_party/typeshed/stubs/paramiko/paramiko/primes.pyi'
specified in the package manifest cannot be found.

CondaVerificationError: The package for jedi located at /home/raahimnawaz/miniforge3/pkgs/jedi-0.20.0-pyhcf101f3_0
appears to be corrupted. The path 'site-packages/jedi/third_party/typeshed/stubs/paramiko/paramiko/proxy.pyi'
specified in the package manifest cannot be found.

CondaVerificationError: The package for jedi located at /home/raahimnawaz/miniforge3/pkgs/jedi-0.20.0-pyhcf101f3_0
appears to be corrupted. The path 'site-packages/jedi/third_party/typeshed/stubs/paramiko/paramiko/rsakey.pyi'
specified in the package manifest cannot be found.

CondaVerificationError: The package for jedi located at /home/raahimnawaz/miniforge3/pkgs/jedi-0.20.0-pyhcf101f3_0
appears to be corrupted. The path 'site-packages/jedi/third_party/typeshed/stubs/paramiko/paramiko/server.pyi'
specified in the package manifest cannot be found.

CondaVerificationError: The package for jedi located at /home/raahimnawaz/miniforge3/pkgs/jedi-0.20.0-pyhcf101f3_0
appears to be corrupted. The path 'site-packages/jedi/third_party/typeshed/stubs/paramiko/paramiko/sftp.pyi'
specified in the package manifest cannot be found.

CondaVerificationError: The package for jedi located at /home/raahimnawaz/miniforge3/pkgs/jedi-0.20.0-pyhcf101f3_0
appears to be corrupted. The path 'site-packages/jedi/third_party/typeshed/stubs/paramiko/paramiko/sftp_attr.pyi'
specified in the package manifest cannot be found.

CondaVerificationError: The package for jedi located at /home/raahimnawaz/miniforge3/pkgs/jedi-0.20.0-pyhcf101f3_0
appears to be corrupted. The path 'site-packages/jedi/third_party/typeshed/stubs/paramiko/paramiko/sftp_client.pyi'
specified in the package manifest cannot be found.

CondaVerificationError: The package for jedi located at /home/raahimnawaz/miniforge3/pkgs/jedi-0.20.0-pyhcf101f3_0
appears to be corrupted. The path 'site-packages/jedi/third_party/typeshed/stubs/paramiko/paramiko/sftp_file.pyi'
specified in the package manifest cannot be found.

CondaVerificationError: The package for jedi located at /home/raahimnawaz/miniforge3/pkgs/jedi-0.20.0-pyhcf101f3_0
appears to be corrupted. The path 'site-packages/jedi/third_party/typeshed/stubs/paramiko/paramiko/sftp_handle.pyi'
specified in the package manifest cannot be found.

CondaVerificationError: The package for jedi located at /home/raahimnawaz/miniforge3/pkgs/jedi-0.20.0-pyhcf101f3_0
appears to be corrupted. The path 'site-packages/jedi/third_party/typeshed/stubs/paramiko/paramiko/sftp_server.pyi'
specified in the package manifest cannot be found.

CondaVerificationError: The package for jedi located at /home/raahimnawaz/miniforge3/pkgs/jedi-0.20.0-pyhcf101f3_0
appears to be corrupted. The path 'site-packages/jedi/third_party/typeshed/stubs/paramiko/paramiko/sftp_si.pyi'
specified in the package manifest cannot be found.

CondaVerificationError: The package for jedi located at /home/raahimnawaz/miniforge3/pkgs/jedi-0.20.0-pyhcf101f3_0
appears to be corrupted. The path 'site-packages/jedi/third_party/typeshed/stubs/paramiko/paramiko/ssh_exception.pyi'
specified in the package manifest cannot be found.

CondaVerificationError: The package for jedi located at /home/raahimnawaz/miniforge3/pkgs/jedi-0.20.0-pyhcf101f3_0
appears to be corrupted. The path 'site-packages/jedi/third_party/typeshed/stubs/paramiko/paramiko/ssh_gss.pyi'
specified in the package manifest cannot be found.

CondaVerificationError: The package for jedi located at /home/raahimnawaz/miniforge3/pkgs/jedi-0.20.0-pyhcf101f3_0
appears to be corrupted. The path 'site-packages/jedi/third_party/typeshed/stubs/paramiko/paramiko/transport.pyi'
specified in the package manifest cannot be found.

CondaVerificationError: The package for jedi located at /home/raahimnawaz/miniforge3/pkgs/jedi-0.20.0-pyhcf101f3_0
appears to be corrupted. The path 'site-packages/jedi/third_party/typeshed/stubs/paramiko/paramiko/util.pyi'
specified in the package manifest cannot be found.

CondaVerificationError: The package for jedi located at /home/raahimnawaz/miniforge3/pkgs/jedi-0.20.0-pyhcf101f3_0
appears to be corrupted. The path 'site-packages/jedi/third_party/typeshed/stubs/paramiko/paramiko/win_openssh.pyi'
specified in the package manifest cannot be found.

CondaVerificationError: The package for jedi located at /home/raahimnawaz/miniforge3/pkgs/jedi-0.20.0-pyhcf101f3_0
appears to be corrupted. The path 'site-packages/jedi/third_party/typeshed/stubs/paramiko/paramiko/win_pageant.pyi'
specified in the package manifest cannot be found.

CondaVerificationError: The package for jedi located at /home/raahimnawaz/miniforge3/pkgs/jedi-0.20.0-pyhcf101f3_0
appears to be corrupted. The path 'site-packages/jedi/third_party/typeshed/stubs/parsimonious/parsimonious/__init__.pyi'
specified in the package manifest cannot be found.

CondaVerificationError: The package for jedi located at /home/raahimnawaz/miniforge3/pkgs/jedi-0.20.0-pyhcf101f3_0
appears to be corrupted. The path 'site-packages/jedi/third_party/typeshed/stubs/parsimonious/parsimonious/exceptions.pyi'
specified in the package manifest cannot be found.

CondaVerificationError: The package for jedi located at /home/raahimnawaz/miniforge3/pkgs/jedi-0.20.0-pyhcf101f3_0
appears to be corrupted. The path 'site-packages/jedi/third_party/typeshed/stubs/parsimonious/parsimonious/expressions.pyi'
specified in the package manifest cannot be found.

CondaVerificationError: The package for jedi located at /home/raahimnawaz/miniforge3/pkgs/jedi-0.20.0-pyhcf101f3_0
appears to be corrupted. The path 'site-packages/jedi/third_party/typeshed/stubs/parsimonious/parsimonious/grammar.pyi'
specified in the package manifest cannot be found.

CondaVerificationError: The package for jedi located at /home/raahimnawaz/miniforge3/pkgs/jedi-0.20.0-pyhcf101f3_0
appears to be corrupted. The path 'site-packages/jedi/third_party/typeshed/stubs/parsimonious/parsimonious/nodes.pyi'
specified in the package manifest cannot be found.

CondaVerificationError: The package for jedi located at /home/raahimnawaz/miniforge3/pkgs/jedi-0.20.0-pyhcf101f3_0
appears to be corrupted. The path 'site-packages/jedi/third_party/typeshed/stubs/parsimonious/parsimonious/utils.pyi'
specified in the package manifest cannot be found.

CondaVerificationError: The package for jedi located at /home/raahimnawaz/miniforge3/pkgs/jedi-0.20.0-pyhcf101f3_0
appears to be corrupted. The path 'site-packages/jedi/third_party/typeshed/stubs/passpy/passpy/__init__.pyi'
specified in the package manifest cannot be found.

CondaVerificationError: The package for jedi located at /home/raahimnawaz/miniforge3/pkgs/jedi-0.20.0-pyhcf101f3_0
appears to be corrupted. The path 'site-packages/jedi/third_party/typeshed/stubs/passpy/passpy/exceptions.pyi'
specified in the package manifest cannot be found.

CondaVerificationError: The package for jedi located at /home/raahimnawaz/miniforge3/pkgs/jedi-0.20.0-pyhcf101f3_0
appears to be corrupted. The path 'site-packages/jedi/third_party/typeshed/stubs/passpy/passpy/store.pyi'
specified in the package manifest cannot be found.

CondaVerificationError: The package for jedi located at /home/raahimnawaz/miniforge3/pkgs/jedi-0.20.0-pyhcf101f3_0
appears to be corrupted. The path 'site-packages/jedi/third_party/typeshed/stubs/passpy/passpy/util.pyi'
specified in the package manifest cannot be found.

CondaVerificationError: The package for jedi located at /home/raahimnawaz/miniforge3/pkgs/jedi-0.20.0-pyhcf101f3_0
appears to be corrupted. The path 'site-packages/jedi/third_party/typeshed/stubs/peewee/peewee.pyi'
specified in the package manifest cannot be found.

CondaVerificationError: The package for jedi located at /home/raahimnawaz/miniforge3/pkgs/jedi-0.20.0-pyhcf101f3_0
appears to be corrupted. The path 'site-packages/jedi/third_party/typeshed/stubs/peewee/playhouse/__init__.pyi'
specified in the package manifest cannot be found.

CondaVerificationError: The package for jedi located at /home/raahimnawaz/miniforge3/pkgs/jedi-0.20.0-pyhcf101f3_0
appears to be corrupted. The path 'site-packages/jedi/third_party/typeshed/stubs/peewee/playhouse/flask_utils.pyi'
specified in the package manifest cannot be found.

CondaVerificationError: The package for jedi located at /home/raahimnawaz/miniforge3/pkgs/jedi-0.20.0-pyhcf101f3_0
appears to be corrupted. The path 'site-packages/jedi/third_party/typeshed/stubs/pep8-naming/pep8ext_naming.pyi'
specified in the package manifest cannot be found.

CondaVerificationError: The package for jedi located at /home/raahimnawaz/miniforge3/pkgs/jedi-0.20.0-pyhcf101f3_0
appears to be corrupted. The path 'site-packages/jedi/third_party/typeshed/stubs/pexpect/pexpect/ANSI.pyi'
specified in the package manifest cannot be found.

CondaVerificationError: The package for jedi located at /home/raahimnawaz/miniforge3/pkgs/jedi-0.20.0-pyhcf101f3_0
appears to be corrupted. The path 'site-packages/jedi/third_party/typeshed/stubs/pexpect/pexpect/FSM.pyi'
specified in the package manifest cannot be found.

CondaVerificationError: The package for jedi located at /home/raahimnawaz/miniforge3/pkgs/jedi-0.20.0-pyhcf101f3_0
appears to be corrupted. The path 'site-packages/jedi/third_party/typeshed/stubs/pexpect/pexpect/__init__.pyi'
specified in the package manifest cannot be found.

CondaVerificationError: The package for jedi located at /home/raahimnawaz/miniforge3/pkgs/jedi-0.20.0-pyhcf101f3_0
appears to be corrupted. The path 'site-packages/jedi/third_party/typeshed/stubs/pexpect/pexpect/_async.pyi'
specified in the package manifest cannot be found.

CondaVerificationError: The package for jedi located at /home/raahimnawaz/miniforge3/pkgs/jedi-0.20.0-pyhcf101f3_0
appears to be corrupted. The path 'site-packages/jedi/third_party/typeshed/stubs/pexpect/pexpect/exceptions.pyi'
specified in the package manifest cannot be found.

CondaVerificationError: The package for jedi located at /home/raahimnawaz/miniforge3/pkgs/jedi-0.20.0-pyhcf101f3_0
appears to be corrupted. The path 'site-packages/jedi/third_party/typeshed/stubs/pexpect/pexpect/expect.pyi'
specified in the package manifest cannot be found.

CondaVerificationError: The package for jedi located at /home/raahimnawaz/miniforge3/pkgs/jedi-0.20.0-pyhcf101f3_0
appears to be corrupted. The path 'site-packages/jedi/third_party/typeshed/stubs/pexpect/pexpect/fdpexpect.pyi'
specified in the package manifest cannot be found.

CondaVerificationError: The package for jedi located at /home/raahimnawaz/miniforge3/pkgs/jedi-0.20.0-pyhcf101f3_0
appears to be corrupted. The path 'site-packages/jedi/third_party/typeshed/stubs/pexpect/pexpect/popen_spawn.pyi'
specified in the package manifest cannot be found.

CondaVerificationError: The package for jedi located at /home/raahimnawaz/miniforge3/pkgs/jedi-0.20.0-pyhcf101f3_0
appears to be corrupted. The path 'site-packages/jedi/third_party/typeshed/stubs/pexpect/pexpect/pty_spawn.pyi'
specified in the package manifest cannot be found.

CondaVerificationError: The package for jedi located at /home/raahimnawaz/miniforge3/pkgs/jedi-0.20.0-pyhcf101f3_0
appears to be corrupted. The path 'site-packages/jedi/third_party/typeshed/stubs/pexpect/pexpect/pxssh.pyi'
specified in the package manifest cannot be found.

CondaVerificationError: The package for jedi located at /home/raahimnawaz/miniforge3/pkgs/jedi-0.20.0-pyhcf101f3_0
appears to be corrupted. The path 'site-packages/jedi/third_party/typeshed/stubs/pexpect/pexpect/replwrap.pyi'
specified in the package manifest cannot be found.

CondaVerificationError: The package for jedi located at /home/raahimnawaz/miniforge3/pkgs/jedi-0.20.0-pyhcf101f3_0
appears to be corrupted. The path 'site-packages/jedi/third_party/typeshed/stubs/pexpect/pexpect/run.pyi'
specified in the package manifest cannot be found.

CondaVerificationError: The package for jedi located at /home/raahimnawaz/miniforge3/pkgs/jedi-0.20.0-pyhcf101f3_0
appears to be corrupted. The path 'site-packages/jedi/third_party/typeshed/stubs/pexpect/pexpect/screen.pyi'
specified in the package manifest cannot be found.

CondaVerificationError: The package for jedi located at /home/raahimnawaz/miniforge3/pkgs/jedi-0.20.0-pyhcf101f3_0
appears to be corrupted. The path 'site-packages/jedi/third_party/typeshed/stubs/pexpect/pexpect/socket_pexpect.pyi'
specified in the package manifest cannot be found.

CondaVerificationError: The package for jedi located at /home/raahimnawaz/miniforge3/pkgs/jedi-0.20.0-pyhcf101f3_0
appears to be corrupted. The path 'site-packages/jedi/third_party/typeshed/stubs/pexpect/pexpect/spawnbase.pyi'
specified in the package manifest cannot be found.

CondaVerificationError: The package for jedi located at /home/raahimnawaz/miniforge3/pkgs/jedi-0.20.0-pyhcf101f3_0
appears to be corrupted. The path 'site-packages/jedi/third_party/typeshed/stubs/pexpect/pexpect/utils.pyi'
specified in the package manifest cannot be found.

CondaVerificationError: The package for jedi located at /home/raahimnawaz/miniforge3/pkgs/jedi-0.20.0-pyhcf101f3_0
appears to be corrupted. The path 'site-packages/jedi/third_party/typeshed/stubs/pika/pika/__init__.pyi'
specified in the package manifest cannot be found.

CondaVerificationError: The package for jedi located at /home/raahimnawaz/miniforge3/pkgs/jedi-0.20.0-pyhcf101f3_0
appears to be corrupted. The path 'site-packages/jedi/third_party/typeshed/stubs/pika/pika/adapters/__init__.pyi'
specified in the package manifest cannot be found.

CondaVerificationError: The package for jedi located at /home/raahimnawaz/miniforge3/pkgs/jedi-0.20.0-pyhcf101f3_0
appears to be corrupted. The path 'site-packages/jedi/third_party/typeshed/stubs/pika/pika/adapters/asyncio_connection.pyi'
specified in the package manifest cannot be found.

CondaVerificationError: The package for jedi located at /home/raahimnawaz/miniforge3/pkgs/jedi-0.20.0-pyhcf101f3_0
appears to be corrupted. The path 'site-packages/jedi/third_party/typeshed/stubs/pika/pika/adapters/base_connection.pyi'
specified in the package manifest cannot be found.

CondaVerificationError: The package for jedi located at /home/raahimnawaz/miniforge3/pkgs/jedi-0.20.0-pyhcf101f3_0
appears to be corrupted. The path 'site-packages/jedi/third_party/typeshed/stubs/pika/pika/adapters/blocking_connection.pyi'
specified in the package manifest cannot be found.

CondaVerificationError: The package for jedi located at /home/raahimnawaz/miniforge3/pkgs/jedi-0.20.0-pyhcf101f3_0
appears to be corrupted. The path 'site-packages/jedi/third_party/typeshed/stubs/pika/pika/adapters/gevent_connection.pyi'
specified in the package manifest cannot be found.

CondaVerificationError: The package for jedi located at /home/raahimnawaz/miniforge3/pkgs/jedi-0.20.0-pyhcf101f3_0
appears to be corrupted. The path 'site-packages/jedi/third_party/typeshed/stubs/pika/pika/adapters/select_connection.pyi'
specified in the package manifest cannot be found.

CondaVerificationError: The package for jedi located at /home/raahimnawaz/miniforge3/pkgs/jedi-0.20.0-pyhcf101f3_0
appears to be corrupted. The path 'site-packages/jedi/third_party/typeshed/stubs/pika/pika/adapters/tornado_connection.pyi'
specified in the package manifest cannot be found.

CondaVerificationError: The package for jedi located at /home/raahimnawaz/miniforge3/pkgs/jedi-0.20.0-pyhcf101f3_0
appears to be corrupted. The path 'site-packages/jedi/third_party/typeshed/stubs/pika/pika/adapters/twisted_connection.pyi'
specified in the package manifest cannot be found.

CondaVerificationError: The package for jedi located at /home/raahimnawaz/miniforge3/pkgs/jedi-0.20.0-pyhcf101f3_0
appears to be corrupted. The path 'site-packages/jedi/third_party/typeshed/stubs/pika/pika/adapters/utils/__init__.pyi'
specified in the package manifest cannot be found.

CondaVerificationError: The package for jedi located at /home/raahimnawaz/miniforge3/pkgs/jedi-0.20.0-pyhcf101f3_0
appears to be corrupted. The path 'site-packages/jedi/third_party/typeshed/stubs/pika/pika/adapters/utils/connection_workflow.pyi'
specified in the package manifest cannot be found.

CondaVerificationError: The package for jedi located at /home/raahimnawaz/miniforge3/pkgs/jedi-0.20.0-pyhcf101f3_0
appears to be corrupted. The path 'site-packages/jedi/third_party/typeshed/stubs/pika/pika/adapters/utils/io_services_utils.pyi'
specified in the package manifest cannot be found.

CondaVerificationError: The package for jedi located at /home/raahimnawaz/miniforge3/pkgs/jedi-0.20.0-pyhcf101f3_0
appears to be corrupted. The path 'site-packages/jedi/third_party/typeshed/stubs/pika/pika/adapters/utils/nbio_interface.pyi'
specified in the package manifest cannot be found.

CondaVerificationError: The package for jedi located at /home/raahimnawaz/miniforge3/pkgs/jedi-0.20.0-pyhcf101f3_0
appears to be corrupted. The path 'site-packages/jedi/third_party/typeshed/stubs/pika/pika/adapters/utils/selector_ioloop_adapter.pyi'
specified in the package manifest cannot be found.

CondaVerificationError: The package for jedi located at /home/raahimnawaz/miniforge3/pkgs/jedi-0.20.0-pyhcf101f3_0
appears to be corrupted. The path 'site-packages/jedi/third_party/typeshed/stubs/pika/pika/amqp_object.pyi'
specified in the package manifest cannot be found.

CondaVerificationError: The package for jedi located at /home/raahimnawaz/miniforge3/pkgs/jedi-0.20.0-pyhcf101f3_0
appears to be corrupted. The path 'site-packages/jedi/third_party/typeshed/stubs/pika/pika/callback.pyi'
specified in the package manifest cannot be found.

CondaVerificationError: The package for jedi located at /home/raahimnawaz/miniforge3/pkgs/jedi-0.20.0-pyhcf101f3_0
appears to be corrupted. The path 'site-packages/jedi/third_party/typeshed/stubs/pika/pika/channel.pyi'
specified in the package manifest cannot be found.

CondaVerificationError: The package for jedi located at /home/raahimnawaz/miniforge3/pkgs/jedi-0.20.0-pyhcf101f3_0
appears to be corrupted. The path 'site-packages/jedi/third_party/typeshed/stubs/pika/pika/compat.pyi'
specified in the package manifest cannot be found.

CondaVerificationError: The package for jedi located at /home/raahimnawaz/miniforge3/pkgs/jedi-0.20.0-pyhcf101f3_0
appears to be corrupted. The path 'site-packages/jedi/third_party/typeshed/stubs/pika/pika/connection.pyi'
specified in the package manifest cannot be found.

CondaVerificationError: The package for jedi located at /home/raahimnawaz/miniforge3/pkgs/jedi-0.20.0-pyhcf101f3_0
appears to be corrupted. The path 'site-packages/jedi/third_party/typeshed/stubs/pika/pika/credentials.pyi'
specified in the package manifest cannot be found.

CondaVerificationError: The package for jedi located at /home/raahimnawaz/miniforge3/pkgs/jedi-0.20.0-pyhcf101f3_0
appears to be corrupted. The path 'site-packages/jedi/third_party/typeshed/stubs/pika/pika/data.pyi'
specified in the package manifest cannot be found.

CondaVerificationError: The package for jedi located at /home/raahimnawaz/miniforge3/pkgs/jedi-0.20.0-pyhcf101f3_0
appears to be corrupted. The path 'site-packages/jedi/third_party/typeshed/stubs/pika/pika/delivery_mode.pyi'
specified in the package manifest cannot be found.

CondaVerificationError: The package for jedi located at /home/raahimnawaz/miniforge3/pkgs/jedi-0.20.0-pyhcf101f3_0
appears to be corrupted. The path 'site-packages/jedi/third_party/typeshed/stubs/pika/pika/diagnostic_utils.pyi'
specified in the package manifest cannot be found.

CondaVerificationError: The package for jedi located at /home/raahimnawaz/miniforge3/pkgs/jedi-0.20.0-pyhcf101f3_0
appears to be corrupted. The path 'site-packages/jedi/third_party/typeshed/stubs/pika/pika/exceptions.pyi'
specified in the package manifest cannot be found.

CondaVerificationError: The package for jedi located at /home/raahimnawaz/miniforge3/pkgs/jedi-0.20.0-pyhcf101f3_0
appears to be corrupted. The path 'site-packages/jedi/third_party/typeshed/stubs/pika/pika/exchange_type.pyi'
specified in the package manifest cannot be found.

CondaVerificationError: The package for jedi located at /home/raahimnawaz/miniforge3/pkgs/jedi-0.20.0-pyhcf101f3_0
appears to be corrupted. The path 'site-packages/jedi/third_party/typeshed/stubs/pika/pika/frame.pyi'
specified in the package manifest cannot be found.

CondaVerificationError: The package for jedi located at /home/raahimnawaz/miniforge3/pkgs/jedi-0.20.0-pyhcf101f3_0
appears to be corrupted. The path 'site-packages/jedi/third_party/typeshed/stubs/pika/pika/heartbeat.pyi'
specified in the package manifest cannot be found.

CondaVerificationError: The package for jedi located at /home/raahimnawaz/miniforge3/pkgs/jedi-0.20.0-pyhcf101f3_0
appears to be corrupted. The path 'site-packages/jedi/third_party/typeshed/stubs/pika/pika/spec.pyi'
specified in the package manifest cannot be found.

CondaVerificationError: The package for jedi located at /home/raahimnawaz/miniforge3/pkgs/jedi-0.20.0-pyhcf101f3_0
appears to be corrupted. The path 'site-packages/jedi/third_party/typeshed/stubs/pika/pika/tcp_socket_opts.pyi'
specified in the package manifest cannot be found.

CondaVerificationError: The package for jedi located at /home/raahimnawaz/miniforge3/pkgs/jedi-0.20.0-pyhcf101f3_0
appears to be corrupted. The path 'site-packages/jedi/third_party/typeshed/stubs/pika/pika/validators.pyi'
specified in the package manifest cannot be found.

CondaVerificationError: The package for jedi located at /home/raahimnawaz/miniforge3/pkgs/jedi-0.20.0-pyhcf101f3_0
appears to be corrupted. The path 'site-packages/jedi/third_party/typeshed/stubs/polib/polib.pyi'
specified in the package manifest cannot be found.

CondaVerificationError: The package for jedi located at /home/raahimnawaz/miniforge3/pkgs/jedi-0.20.0-pyhcf101f3_0
appears to be corrupted. The path 'site-packages/jedi/third_party/typeshed/stubs/pony/pony/__init__.pyi'
specified in the package manifest cannot be found.

CondaVerificationError: The package for jedi located at /home/raahimnawaz/miniforge3/pkgs/jedi-0.20.0-pyhcf101f3_0
appears to be corrupted. The path 'site-packages/jedi/third_party/typeshed/stubs/pony/pony/converting.pyi'
specified in the package manifest cannot be found.

CondaVerificationError: The package for jedi located at /home/raahimnawaz/miniforge3/pkgs/jedi-0.20.0-pyhcf101f3_0
appears to be corrupted. The path 'site-packages/jedi/third_party/typeshed/stubs/pony/pony/flask/__init__.pyi'
specified in the package manifest cannot be found.

CondaVerificationError: The package for jedi located at /home/raahimnawaz/miniforge3/pkgs/jedi-0.20.0-pyhcf101f3_0
appears to be corrupted. The path 'site-packages/jedi/third_party/typeshed/stubs/pony/pony/flask/example/__init__.pyi'
specified in the package manifest cannot be found.

CondaVerificationError: The package for jedi located at /home/raahimnawaz/miniforge3/pkgs/jedi-0.20.0-pyhcf101f3_0
appears to be corrupted. The path 'site-packages/jedi/third_party/typeshed/stubs/pony/pony/flask/example/app.pyi'
specified in the package manifest cannot be found.

CondaVerificationError: The package for jedi located at /home/raahimnawaz/miniforge3/pkgs/jedi-0.20.0-pyhcf101f3_0
appears to be corrupted. The path 'site-packages/jedi/third_party/typeshed/stubs/pony/pony/flask/example/config.pyi'
specified in the package manifest cannot be found.

CondaVerificationError: The package for jedi located at /home/raahimnawaz/miniforge3/pkgs/jedi-0.20.0-pyhcf101f3_0
appears to be corrupted. The path 'site-packages/jedi/third_party/typeshed/stubs/pony/pony/flask/example/models.pyi'
specified in the package manifest cannot be found.

CondaVerificationError: The package for jedi located at /home/raahimnawaz/miniforge3/pkgs/jedi-0.20.0-pyhcf101f3_0
appears to be corrupted. The path 'site-packages/jedi/third_party/typeshed/stubs/pony/pony/flask/example/views.pyi'
specified in the package manifest cannot be found.

CondaVerificationError: The package for jedi located at /home/raahimnawaz/miniforge3/pkgs/jedi-0.20.0-pyhcf101f3_0
appears to be corrupted. The path 'site-packages/jedi/third_party/typeshed/stubs/pony/pony/options.pyi'
specified in the package manifest cannot be found.

CondaVerificationError: The package for jedi located at /home/raahimnawaz/miniforge3/pkgs/jedi-0.20.0-pyhcf101f3_0
appears to be corrupted. The path 'site-packages/jedi/third_party/typeshed/stubs/pony/pony/orm/__init__.pyi'
specified in the package manifest cannot be found.

CondaVerificationError: The package for jedi located at /home/raahimnawaz/miniforge3/pkgs/jedi-0.20.0-pyhcf101f3_0
appears to be corrupted. The path 'site-packages/jedi/third_party/typeshed/stubs/pony/pony/orm/asttranslation.pyi'
specified in the package manifest cannot be found.

CondaVerificationError: The package for jedi located at /home/raahimnawaz/miniforge3/pkgs/jedi-0.20.0-pyhcf101f3_0
appears to be corrupted. The path 'site-packages/jedi/third_party/typeshed/stubs/pony/pony/orm/core.pyi'
specified in the package manifest cannot be found.

CondaVerificationError: The package for jedi located at /home/raahimnawaz/miniforge3/pkgs/jedi-0.20.0-pyhcf101f3_0
appears to be corrupted. The path 'site-packages/jedi/third_party/typeshed/stubs/pony/pony/orm/dbapiprovider.pyi'
specified in the package manifest cannot be found.

CondaVerificationError: The package for jedi located at /home/raahimnawaz/miniforge3/pkgs/jedi-0.20.0-pyhcf101f3_0
appears to be corrupted. The path 'site-packages/jedi/third_party/typeshed/stubs/pony/pony/orm/dbproviders/__init__.pyi'
specified in the package manifest cannot be found.

CondaVerificationError: The package for jedi located at /home/raahimnawaz/miniforge3/pkgs/jedi-0.20.0-pyhcf101f3_0
appears to be corrupted. The path 'site-packages/jedi/third_party/typeshed/stubs/pony/pony/orm/dbproviders/cockroach.pyi'
specified in the package manifest cannot be found.

CondaVerificationError: The package for jedi located at /home/raahimnawaz/miniforge3/pkgs/jedi-0.20.0-pyhcf101f3_0
appears to be corrupted. The path 'site-packages/jedi/third_party/typeshed/stubs/pony/pony/orm/dbproviders/mysql.pyi'
specified in the package manifest cannot be found.

CondaVerificationError: The package for jedi located at /home/raahimnawaz/miniforge3/pkgs/jedi-0.20.0-pyhcf101f3_0
appears to be corrupted. The path 'site-packages/jedi/third_party/typeshed/stubs/pony/pony/orm/dbproviders/oracle.pyi'
specified in the package manifest cannot be found.

CondaVerificationError: The package for jedi located at /home/raahimnawaz/miniforge3/pkgs/jedi-0.20.0-pyhcf101f3_0
appears to be corrupted. The path 'site-packages/jedi/third_party/typeshed/stubs/pony/pony/orm/dbproviders/postgres.pyi'
specified in the package manifest cannot be found.

CondaVerificationError: The package for jedi located at /home/raahimnawaz/miniforge3/pkgs/jedi-0.20.0-pyhcf101f3_0
appears to be corrupted. The path 'site-packages/jedi/third_party/typeshed/stubs/pony/pony/orm/dbproviders/sqlite.pyi'
specified in the package manifest cannot be found.

CondaVerificationError: The package for jedi located at /home/raahimnawaz/miniforge3/pkgs/jedi-0.20.0-pyhcf101f3_0
appears to be corrupted. The path 'site-packages/jedi/third_party/typeshed/stubs/pony/pony/orm/dbschema.pyi'
specified in the package manifest cannot be found.

CondaVerificationError: The package for jedi located at /home/raahimnawaz/miniforge3/pkgs/jedi-0.20.0-pyhcf101f3_0
appears to be corrupted. The path 'site-packages/jedi/third_party/typeshed/stubs/pony/pony/orm/decompiling.pyi'
specified in the package manifest cannot be found.

CondaVerificationError: The package for jedi located at /home/raahimnawaz/miniforge3/pkgs/jedi-0.20.0-pyhcf101f3_0
appears to be corrupted. The path 'site-packages/jedi/third_party/typeshed/stubs/pony/pony/orm/examples/__init__.pyi'
specified in the package manifest cannot be found.

CondaVerificationError: The package for jedi located at /home/raahimnawaz/miniforge3/pkgs/jedi-0.20.0-pyhcf101f3_0
appears to be corrupted. The path 'site-packages/jedi/third_party/typeshed/stubs/pony/pony/orm/examples/alessandro_bug.pyi'
specified in the package manifest cannot be found.

CondaVerificationError: The package for jedi located at /home/raahimnawaz/miniforge3/pkgs/jedi-0.20.0-pyhcf101f3_0
appears to be corrupted. The path 'site-packages/jedi/third_party/typeshed/stubs/pony/pony/orm/examples/bottle_example.pyi'
specified in the package manifest cannot be found.

CondaVerificationError: The package for jedi located at /home/raahimnawaz/miniforge3/pkgs/jedi-0.20.0-pyhcf101f3_0
appears to be corrupted. The path 'site-packages/jedi/third_party/typeshed/stubs/pony/pony/orm/examples/bug_ben.pyi'
specified in the package manifest cannot be found.

CondaVerificationError: The package for jedi located at /home/raahimnawaz/miniforge3/pkgs/jedi-0.20.0-pyhcf101f3_0
appears to be corrupted. The path 'site-packages/jedi/third_party/typeshed/stubs/pony/pony/orm/examples/compositekeys.pyi'
specified in the package manifest cannot be found.

CondaVerificationError: The package for jedi located at /home/raahimnawaz/miniforge3/pkgs/jedi-0.20.0-pyhcf101f3_0
appears to be corrupted. The path 'site-packages/jedi/third_party/typeshed/stubs/pony/pony/orm/examples/demo.pyi'
specified in the package manifest cannot be found.

CondaVerificationError: The package for jedi located at /home/raahimnawaz/miniforge3/pkgs/jedi-0.20.0-pyhcf101f3_0
appears to be corrupted. The path 'site-packages/jedi/third_party/typeshed/stubs/pony/pony/orm/examples/estore.pyi'
specified in the package manifest cannot be found.

CondaVerificationError: The package for jedi located at /home/raahimnawaz/miniforge3/pkgs/jedi-0.20.0-pyhcf101f3_0
appears to be corrupted. The path 'site-packages/jedi/third_party/typeshed/stubs/pony/pony/orm/examples/inheritance1.pyi'
specified in the package manifest cannot be found.

CondaVerificationError: The package for jedi located at /home/raahimnawaz/miniforge3/pkgs/jedi-0.20.0-pyhcf101f3_0
appears to be corrupted. The path 'site-packages/jedi/third_party/typeshed/stubs/pony/pony/orm/examples/numbers.pyi'
specified in the package manifest cannot be found.

CondaVerificationError: The package for jedi located at /home/raahimnawaz/miniforge3/pkgs/jedi-0.20.0-pyhcf101f3_0
appears to be corrupted. The path 'site-packages/jedi/third_party/typeshed/stubs/pony/pony/orm/examples/session01.pyi'
specified in the package manifest cannot be found.

CondaVerificationError: The package for jedi located at /home/raahimnawaz/miniforge3/pkgs/jedi-0.20.0-pyhcf101f3_0
appears to be corrupted. The path 'site-packages/jedi/third_party/typeshed/stubs/pony/pony/orm/examples/university1.pyi'
specified in the package manifest cannot be found.

CondaVerificationError: The package for jedi located at /home/raahimnawaz/miniforge3/pkgs/jedi-0.20.0-pyhcf101f3_0
appears to be corrupted. The path 'site-packages/jedi/third_party/typeshed/stubs/pony/pony/orm/examples/university2.pyi'
specified in the package manifest cannot be found.

CondaVerificationError: The package for jedi located at /home/raahimnawaz/miniforge3/pkgs/jedi-0.20.0-pyhcf101f3_0
appears to be corrupted. The path 'site-packages/jedi/third_party/typeshed/stubs/pony/pony/orm/integration/__init__.pyi'
specified in the package manifest cannot be found.

CondaVerificationError: The package for jedi located at /home/raahimnawaz/miniforge3/pkgs/jedi-0.20.0-pyhcf101f3_0
appears to be corrupted. The path 'site-packages/jedi/third_party/typeshed/stubs/pony/pony/orm/integration/bottle_plugin.pyi'
specified in the package manifest cannot be found.

CondaVerificationError: The package for jedi located at /home/raahimnawaz/miniforge3/pkgs/jedi-0.20.0-pyhcf101f3_0
appears to be corrupted. The path 'site-packages/jedi/third_party/typeshed/stubs/pony/pony/orm/ormtypes.pyi'
specified in the package manifest cannot be found.

CondaVerificationError: The package for jedi located at /home/raahimnawaz/miniforge3/pkgs/jedi-0.20.0-pyhcf101f3_0
appears to be corrupted. The path 'site-packages/jedi/third_party/typeshed/stubs/pony/pony/orm/serialization.pyi'
specified in the package manifest cannot be found.

CondaVerificationError: The package for jedi located at /home/raahimnawaz/miniforge3/pkgs/jedi-0.20.0-pyhcf101f3_0
appears to be corrupted. The path 'site-packages/jedi/third_party/typeshed/stubs/pony/pony/orm/sqlbuilding.pyi'
specified in the package manifest cannot be found.

CondaVerificationError: The package for jedi located at /home/raahimnawaz/miniforge3/pkgs/jedi-0.20.0-pyhcf101f3_0
appears to be corrupted. The path 'site-packages/jedi/third_party/typeshed/stubs/pony/pony/orm/sqlsymbols.pyi'
specified in the package manifest cannot be found.

CondaVerificationError: The package for jedi located at /home/raahimnawaz/miniforge3/pkgs/jedi-0.20.0-pyhcf101f3_0
appears to be corrupted. The path 'site-packages/jedi/third_party/typeshed/stubs/pony/pony/orm/sqltranslation.pyi'
specified in the package manifest cannot be found.

CondaVerificationError: The package for jedi located at /home/raahimnawaz/miniforge3/pkgs/jedi-0.20.0-pyhcf101f3_0
appears to be corrupted. The path 'site-packages/jedi/third_party/typeshed/stubs/pony/pony/py23compat.pyi'
specified in the package manifest cannot be found.

CondaVerificationError: The package for jedi located at /home/raahimnawaz/miniforge3/pkgs/jedi-0.20.0-pyhcf101f3_0
appears to be corrupted. The path 'site-packages/jedi/third_party/typeshed/stubs/pony/pony/thirdparty/__init__.pyi'
specified in the package manifest cannot be found.

CondaVerificationError: The package for jedi located at /home/raahimnawaz/miniforge3/pkgs/jedi-0.20.0-pyhcf101f3_0
appears to be corrupted. The path 'site-packages/jedi/third_party/typeshed/stubs/pony/pony/thirdparty/decorator.pyi'
specified in the package manifest cannot be found.

CondaVerificationError: The package for jedi located at /home/raahimnawaz/miniforge3/pkgs/jedi-0.20.0-pyhcf101f3_0
appears to be corrupted. The path 'site-packages/jedi/third_party/typeshed/stubs/pony/pony/utils/__init__.pyi'
specified in the package manifest cannot be found.

CondaVerificationError: The package for jedi located at /home/raahimnawaz/miniforge3/pkgs/jedi-0.20.0-pyhcf101f3_0
appears to be corrupted. The path 'site-packages/jedi/third_party/typeshed/stubs/pony/pony/utils/properties.pyi'
specified in the package manifest cannot be found.

CondaVerificationError: The package for jedi located at /home/raahimnawaz/miniforge3/pkgs/jedi-0.20.0-pyhcf101f3_0
appears to be corrupted. The path 'site-packages/jedi/third_party/typeshed/stubs/pony/pony/utils/utils.pyi'
specified in the package manifest cannot be found.

CondaVerificationError: The package for jedi located at /home/raahimnawaz/miniforge3/pkgs/jedi-0.20.0-pyhcf101f3_0
appears to be corrupted. The path 'site-packages/jedi/third_party/typeshed/stubs/portpicker/portpicker.pyi'
specified in the package manifest cannot be found.

CondaVerificationError: The package for jedi located at /home/raahimnawaz/miniforge3/pkgs/jedi-0.20.0-pyhcf101f3_0
appears to be corrupted. The path 'site-packages/jedi/third_party/typeshed/stubs/protobuf/google/_upb/_message.pyi'
specified in the package manifest cannot be found.

CondaVerificationError: The package for jedi located at /home/raahimnawaz/miniforge3/pkgs/jedi-0.20.0-pyhcf101f3_0
appears to be corrupted. The path 'site-packages/jedi/third_party/typeshed/stubs/protobuf/google/protobuf/__init__.pyi'
specified in the package manifest cannot be found.

CondaVerificationError: The package for jedi located at /home/raahimnawaz/miniforge3/pkgs/jedi-0.20.0-pyhcf101f3_0
appears to be corrupted. The path 'site-packages/jedi/third_party/typeshed/stubs/protobuf/google/protobuf/any.pyi'
specified in the package manifest cannot be found.

CondaVerificationError: The package for jedi located at /home/raahimnawaz/miniforge3/pkgs/jedi-0.20.0-pyhcf101f3_0
appears to be corrupted. The path 'site-packages/jedi/third_party/typeshed/stubs/protobuf/google/protobuf/any_pb2.pyi'
specified in the package manifest cannot be found.

CondaVerificationError: The package for jedi located at /home/raahimnawaz/miniforge3/pkgs/jedi-0.20.0-pyhcf101f3_0
appears to be corrupted. The path 'site-packages/jedi/third_party/typeshed/stubs/protobuf/google/protobuf/api_pb2.pyi'
specified in the package manifest cannot be found.

CondaVerificationError: The package for jedi located at /home/raahimnawaz/miniforge3/pkgs/jedi-0.20.0-pyhcf101f3_0
appears to be corrupted. The path 'site-packages/jedi/third_party/typeshed/stubs/protobuf/google/protobuf/compiler/__init__.pyi'
specified in the package manifest cannot be found.

CondaVerificationError: The package for jedi located at /home/raahimnawaz/miniforge3/pkgs/jedi-0.20.0-pyhcf101f3_0
appears to be corrupted. The path 'site-packages/jedi/third_party/typeshed/stubs/protobuf/google/protobuf/compiler/plugin_pb2.pyi'
specified in the package manifest cannot be found.

CondaVerificationError: The package for jedi located at /home/raahimnawaz/miniforge3/pkgs/jedi-0.20.0-pyhcf101f3_0
appears to be corrupted. The path 'site-packages/jedi/third_party/typeshed/stubs/protobuf/google/protobuf/descriptor.pyi'
specified in the package manifest cannot be found.

CondaVerificationError: The package for jedi located at /home/raahimnawaz/miniforge3/pkgs/jedi-0.20.0-pyhcf101f3_0
appears to be corrupted. The path 'site-packages/jedi/third_party/typeshed/stubs/protobuf/google/protobuf/descriptor_database.pyi'
specified in the package manifest cannot be found.

CondaVerificationError: The package for jedi located at /home/raahimnawaz/miniforge3/pkgs/jedi-0.20.0-pyhcf101f3_0
appears to be corrupted. The path 'site-packages/jedi/third_party/typeshed/stubs/protobuf/google/protobuf/descriptor_pb2.pyi'
specified in the package manifest cannot be found.

CondaVerificationError: The package for jedi located at /home/raahimnawaz/miniforge3/pkgs/jedi-0.20.0-pyhcf101f3_0
appears to be corrupted. The path 'site-packages/jedi/third_party/typeshed/stubs/protobuf/google/protobuf/descriptor_pool.pyi'
specified in the package manifest cannot be found.

CondaVerificationError: The package for jedi located at /home/raahimnawaz/miniforge3/pkgs/jedi-0.20.0-pyhcf101f3_0
appears to be corrupted. The path 'site-packages/jedi/third_party/typeshed/stubs/protobuf/google/protobuf/duration.pyi'
specified in the package manifest cannot be found.

CondaVerificationError: The package for jedi located at /home/raahimnawaz/miniforge3/pkgs/jedi-0.20.0-pyhcf101f3_0
appears to be corrupted. The path 'site-packages/jedi/third_party/typeshed/stubs/protobuf/google/protobuf/duration_pb2.pyi'
specified in the package manifest cannot be found.

CondaVerificationError: The package for jedi located at /home/raahimnawaz/miniforge3/pkgs/jedi-0.20.0-pyhcf101f3_0
appears to be corrupted. The path 'site-packages/jedi/third_party/typeshed/stubs/protobuf/google/protobuf/empty_pb2.pyi'
specified in the package manifest cannot be found.

CondaVerificationError: The package for jedi located at /home/raahimnawaz/miniforge3/pkgs/jedi-0.20.0-pyhcf101f3_0
appears to be corrupted. The path 'site-packages/jedi/third_party/typeshed/stubs/protobuf/google/protobuf/field_mask_pb2.pyi'
specified in the package manifest cannot be found.

CondaVerificationError: The package for jedi located at /home/raahimnawaz/miniforge3/pkgs/jedi-0.20.0-pyhcf101f3_0
appears to be corrupted. The path 'site-packages/jedi/third_party/typeshed/stubs/protobuf/google/protobuf/internal/__init__.pyi'
specified in the package manifest cannot be found.

CondaVerificationError: The package for jedi located at /home/raahimnawaz/miniforge3/pkgs/jedi-0.20.0-pyhcf101f3_0
appears to be corrupted. The path 'site-packages/jedi/third_party/typeshed/stubs/protobuf/google/protobuf/internal/api_implementation.pyi'
specified in the package manifest cannot be found.

CondaVerificationError: The package for jedi located at /home/raahimnawaz/miniforge3/pkgs/jedi-0.20.0-pyhcf101f3_0
appears to be corrupted. The path 'site-packages/jedi/third_party/typeshed/stubs/protobuf/google/protobuf/internal/builder.pyi'
specified in the package manifest cannot be found.

CondaVerificationError: The package for jedi located at /home/raahimnawaz/miniforge3/pkgs/jedi-0.20.0-pyhcf101f3_0
appears to be corrupted. The path 'site-packages/jedi/third_party/typeshed/stubs/protobuf/google/protobuf/internal/containers.pyi'
specified in the package manifest cannot be found.

CondaVerificationError: The package for jedi located at /home/raahimnawaz/miniforge3/pkgs/jedi-0.20.0-pyhcf101f3_0
appears to be corrupted. The path 'site-packages/jedi/third_party/typeshed/stubs/protobuf/google/protobuf/internal/decoder.pyi'
specified in the package manifest cannot be found.

CondaVerificationError: The package for jedi located at /home/raahimnawaz/miniforge3/pkgs/jedi-0.20.0-pyhcf101f3_0
appears to be corrupted. The path 'site-packages/jedi/third_party/typeshed/stubs/protobuf/google/protobuf/internal/encoder.pyi'
specified in the package manifest cannot be found.

CondaVerificationError: The package for jedi located at /home/raahimnawaz/miniforge3/pkgs/jedi-0.20.0-pyhcf101f3_0
appears to be corrupted. The path 'site-packages/jedi/third_party/typeshed/stubs/protobuf/google/protobuf/internal/enum_type_wrapper.pyi'
specified in the package manifest cannot be found.

CondaVerificationError: The package for jedi located at /home/raahimnawaz/miniforge3/pkgs/jedi-0.20.0-pyhcf101f3_0
appears to be corrupted. The path 'site-packages/jedi/third_party/typeshed/stubs/protobuf/google/protobuf/internal/extension_dict.pyi'
specified in the package manifest cannot be found.

CondaVerificationError: The package for jedi located at /home/raahimnawaz/miniforge3/pkgs/jedi-0.20.0-pyhcf101f3_0
appears to be corrupted. The path 'site-packages/jedi/third_party/typeshed/stubs/protobuf/google/protobuf/internal/field_mask.pyi'
specified in the package manifest cannot be found.

CondaVerificationError: The package for jedi located at /home/raahimnawaz/miniforge3/pkgs/jedi-0.20.0-pyhcf101f3_0
appears to be corrupted. The path 'site-packages/jedi/third_party/typeshed/stubs/protobuf/google/protobuf/internal/message_listener.pyi'
specified in the package manifest cannot be found.

CondaVerificationError: The package for jedi located at /home/raahimnawaz/miniforge3/pkgs/jedi-0.20.0-pyhcf101f3_0
appears to be corrupted. The path 'site-packages/jedi/third_party/typeshed/stubs/protobuf/google/protobuf/internal/python_edition_defaults.pyi'
specified in the package manifest cannot be found.

CondaVerificationError: The package for jedi located at /home/raahimnawaz/miniforge3/pkgs/jedi-0.20.0-pyhcf101f3_0
appears to be corrupted. The path 'site-packages/jedi/third_party/typeshed/stubs/protobuf/google/protobuf/internal/python_message.pyi'
specified in the package manifest cannot be found.

CondaVerificationError: The package for jedi located at /home/raahimnawaz/miniforge3/pkgs/jedi-0.20.0-pyhcf101f3_0
appears to be corrupted. The path 'site-packages/jedi/third_party/typeshed/stubs/protobuf/google/protobuf/internal/testing_refleaks.pyi'
specified in the package manifest cannot be found.

CondaVerificationError: The package for jedi located at /home/raahimnawaz/miniforge3/pkgs/jedi-0.20.0-pyhcf101f3_0
appears to be corrupted. The path 'site-packages/jedi/third_party/typeshed/stubs/protobuf/google/protobuf/internal/type_checkers.pyi'
specified in the package manifest cannot be found.

CondaVerificationError: The package for jedi located at /home/raahimnawaz/miniforge3/pkgs/jedi-0.20.0-pyhcf101f3_0
appears to be corrupted. The path 'site-packages/jedi/third_party/typeshed/stubs/protobuf/google/protobuf/internal/well_known_types.pyi'
specified in the package manifest cannot be found.

CondaVerificationError: The package for jedi located at /home/raahimnawaz/miniforge3/pkgs/jedi-0.20.0-pyhcf101f3_0
appears to be corrupted. The path 'site-packages/jedi/third_party/typeshed/stubs/protobuf/google/protobuf/internal/wire_format.pyi'
specified in the package manifest cannot be found.

CondaVerificationError: The package for jedi located at /home/raahimnawaz/miniforge3/pkgs/jedi-0.20.0-pyhcf101f3_0
appears to be corrupted. The path 'site-packages/jedi/third_party/typeshed/stubs/protobuf/google/protobuf/json_format.pyi'
specified in the package manifest cannot be found.

CondaVerificationError: The package for jedi located at /home/raahimnawaz/miniforge3/pkgs/jedi-0.20.0-pyhcf101f3_0
appears to be corrupted. The path 'site-packages/jedi/third_party/typeshed/stubs/protobuf/google/protobuf/message.pyi'
specified in the package manifest cannot be found.

CondaVerificationError: The package for jedi located at /home/raahimnawaz/miniforge3/pkgs/jedi-0.20.0-pyhcf101f3_0
appears to be corrupted. The path 'site-packages/jedi/third_party/typeshed/stubs/protobuf/google/protobuf/message_factory.pyi'
specified in the package manifest cannot be found.

CondaVerificationError: The package for jedi located at /home/raahimnawaz/miniforge3/pkgs/jedi-0.20.0-pyhcf101f3_0
appears to be corrupted. The path 'site-packages/jedi/third_party/typeshed/stubs/protobuf/google/protobuf/proto.pyi'
specified in the package manifest cannot be found.

CondaVerificationError: The package for jedi located at /home/raahimnawaz/miniforge3/pkgs/jedi-0.20.0-pyhcf101f3_0
appears to be corrupted. The path 'site-packages/jedi/third_party/typeshed/stubs/protobuf/google/protobuf/proto_builder.pyi'
specified in the package manifest cannot be found.

CondaVerificationError: The package for jedi located at /home/raahimnawaz/miniforge3/pkgs/jedi-0.20.0-pyhcf101f3_0
appears to be corrupted. The path 'site-packages/jedi/third_party/typeshed/stubs/protobuf/google/protobuf/proto_json.pyi'
specified in the package manifest cannot be found.

CondaVerificationError: The package for jedi located at /home/raahimnawaz/miniforge3/pkgs/jedi-0.20.0-pyhcf101f3_0
appears to be corrupted. The path 'site-packages/jedi/third_party/typeshed/stubs/protobuf/google/protobuf/proto_text.pyi'
specified in the package manifest cannot be found.

CondaVerificationError: The package for jedi located at /home/raahimnawaz/miniforge3/pkgs/jedi-0.20.0-pyhcf101f3_0
appears to be corrupted. The path 'site-packages/jedi/third_party/typeshed/stubs/protobuf/google/protobuf/reflection.pyi'
specified in the package manifest cannot be found.

CondaVerificationError: The package for jedi located at /home/raahimnawaz/miniforge3/pkgs/jedi-0.20.0-pyhcf101f3_0
appears to be corrupted. The path 'site-packages/jedi/third_party/typeshed/stubs/protobuf/google/protobuf/runtime_version.pyi'
specified in the package manifest cannot be found.

CondaVerificationError: The package for jedi located at /home/raahimnawaz/miniforge3/pkgs/jedi-0.20.0-pyhcf101f3_0
appears to be corrupted. The path 'site-packages/jedi/third_party/typeshed/stubs/protobuf/google/protobuf/service_reflection.pyi'
specified in the package manifest cannot be found.

CondaVerificationError: The package for jedi located at /home/raahimnawaz/miniforge3/pkgs/jedi-0.20.0-pyhcf101f3_0
appears to be corrupted. The path 'site-packages/jedi/third_party/typeshed/stubs/protobuf/google/protobuf/source_context_pb2.pyi'
specified in the package manifest cannot be found.

CondaVerificationError: The package for jedi located at /home/raahimnawaz/miniforge3/pkgs/jedi-0.20.0-pyhcf101f3_0
appears to be corrupted. The path 'site-packages/jedi/third_party/typeshed/stubs/protobuf/google/protobuf/struct_pb2.pyi'
specified in the package manifest cannot be found.

CondaVerificationError: The package for jedi located at /home/raahimnawaz/miniforge3/pkgs/jedi-0.20.0-pyhcf101f3_0
appears to be corrupted. The path 'site-packages/jedi/third_party/typeshed/stubs/protobuf/google/protobuf/symbol_database.pyi'
specified in the package manifest cannot be found.

CondaVerificationError: The package for jedi located at /home/raahimnawaz/miniforge3/pkgs/jedi-0.20.0-pyhcf101f3_0
appears to be corrupted. The path 'site-packages/jedi/third_party/typeshed/stubs/protobuf/google/protobuf/text_encoding.pyi'
specified in the package manifest cannot be found.

CondaVerificationError: The package for jedi located at /home/raahimnawaz/miniforge3/pkgs/jedi-0.20.0-pyhcf101f3_0
appears to be corrupted. The path 'site-packages/jedi/third_party/typeshed/stubs/protobuf/google/protobuf/text_format.pyi'
specified in the package manifest cannot be found.

CondaVerificationError: The package for jedi located at /home/raahimnawaz/miniforge3/pkgs/jedi-0.20.0-pyhcf101f3_0
appears to be corrupted. The path 'site-packages/jedi/third_party/typeshed/stubs/protobuf/google/protobuf/timestamp.pyi'
specified in the package manifest cannot be found.

CondaVerificationError: The package for jedi located at /home/raahimnawaz/miniforge3/pkgs/jedi-0.20.0-pyhcf101f3_0
appears to be corrupted. The path 'site-packages/jedi/third_party/typeshed/stubs/protobuf/google/protobuf/timestamp_pb2.pyi'
specified in the package manifest cannot be found.

CondaVerificationError: The package for jedi located at /home/raahimnawaz/miniforge3/pkgs/jedi-0.20.0-pyhcf101f3_0
appears to be corrupted. The path 'site-packages/jedi/third_party/typeshed/stubs/protobuf/google/protobuf/type_pb2.pyi'
specified in the package manifest cannot be found.

CondaVerificationError: The package for jedi located at /home/raahimnawaz/miniforge3/pkgs/jedi-0.20.0-pyhcf101f3_0
appears to be corrupted. The path 'site-packages/jedi/third_party/typeshed/stubs/protobuf/google/protobuf/unknown_fields.pyi'
specified in the package manifest cannot be found.

CondaVerificationError: The package for jedi located at /home/raahimnawaz/miniforge3/pkgs/jedi-0.20.0-pyhcf101f3_0
appears to be corrupted. The path 'site-packages/jedi/third_party/typeshed/stubs/protobuf/google/protobuf/util/__init__.pyi'
specified in the package manifest cannot be found.

CondaVerificationError: The package for jedi located at /home/raahimnawaz/miniforge3/pkgs/jedi-0.20.0-pyhcf101f3_0
appears to be corrupted. The path 'site-packages/jedi/third_party/typeshed/stubs/protobuf/google/protobuf/wrappers_pb2.pyi'
specified in the package manifest cannot be found.

CondaVerificationError: The package for jedi located at /home/raahimnawaz/miniforge3/pkgs/jedi-0.20.0-pyhcf101f3_0
appears to be corrupted. The path 'site-packages/jedi/third_party/typeshed/stubs/psutil/psutil/__init__.pyi'
specified in the package manifest cannot be found.

CondaVerificationError: The package for jedi located at /home/raahimnawaz/miniforge3/pkgs/jedi-0.20.0-pyhcf101f3_0
appears to be corrupted. The path 'site-packages/jedi/third_party/typeshed/stubs/psutil/psutil/_common.pyi'
specified in the package manifest cannot be found.

CondaVerificationError: The package for jedi located at /home/raahimnawaz/miniforge3/pkgs/jedi-0.20.0-pyhcf101f3_0
appears to be corrupted. The path 'site-packages/jedi/third_party/typeshed/stubs/psutil/psutil/_ntuples.pyi'
specified in the package manifest cannot be found.

CondaVerificationError: The package for jedi located at /home/raahimnawaz/miniforge3/pkgs/jedi-0.20.0-pyhcf101f3_0
appears to be corrupted. The path 'site-packages/jedi/third_party/typeshed/stubs/psutil/psutil/_psaix.pyi'
specified in the package manifest cannot be found.

CondaVerificationError: The package for jedi located at /home/raahimnawaz/miniforge3/pkgs/jedi-0.20.0-pyhcf101f3_0
appears to be corrupted. The path 'site-packages/jedi/third_party/typeshed/stubs/psutil/psutil/_psbsd.pyi'
specified in the package manifest cannot be found.

CondaVerificationError: The package for jedi located at /home/raahimnawaz/miniforge3/pkgs/jedi-0.20.0-pyhcf101f3_0
appears to be corrupted. The path 'site-packages/jedi/third_party/typeshed/stubs/psutil/psutil/_pslinux.pyi'
specified in the package manifest cannot be found.

CondaVerificationError: The package for jedi located at /home/raahimnawaz/miniforge3/pkgs/jedi-0.20.0-pyhcf101f3_0
appears to be corrupted. The path 'site-packages/jedi/third_party/typeshed/stubs/psutil/psutil/_psosx.pyi'
specified in the package manifest cannot be found.

CondaVerificationError: The package for jedi located at /home/raahimnawaz/miniforge3/pkgs/jedi-0.20.0-pyhcf101f3_0
appears to be corrupted. The path 'site-packages/jedi/third_party/typeshed/stubs/psutil/psutil/_psposix.pyi'
specified in the package manifest cannot be found.

CondaVerificationError: The package for jedi located at /home/raahimnawaz/miniforge3/pkgs/jedi-0.20.0-pyhcf101f3_0
appears to be corrupted. The path 'site-packages/jedi/third_party/typeshed/stubs/psutil/psutil/_pssunos.pyi'
specified in the package manifest cannot be found.

CondaVerificationError: The package for jedi located at /home/raahimnawaz/miniforge3/pkgs/jedi-0.20.0-pyhcf101f3_0
appears to be corrupted. The path 'site-packages/jedi/third_party/typeshed/stubs/psutil/psutil/_psutil_aix.pyi'
specified in the package manifest cannot be found.

CondaVerificationError: The package for jedi located at /home/raahimnawaz/miniforge3/pkgs/jedi-0.20.0-pyhcf101f3_0
appears to be corrupted. The path 'site-packages/jedi/third_party/typeshed/stubs/psutil/psutil/_psutil_bsd.pyi'
specified in the package manifest cannot be found.

CondaVerificationError: The package for jedi located at /home/raahimnawaz/miniforge3/pkgs/jedi-0.20.0-pyhcf101f3_0
appears to be corrupted. The path 'site-packages/jedi/third_party/typeshed/stubs/psutil/psutil/_psutil_linux.pyi'
specified in the package manifest cannot be found.

CondaVerificationError: The package for jedi located at /home/raahimnawaz/miniforge3/pkgs/jedi-0.20.0-pyhcf101f3_0
appears to be corrupted. The path 'site-packages/jedi/third_party/typeshed/stubs/psutil/psutil/_psutil_osx.pyi'
specified in the package manifest cannot be found.

CondaVerificationError: The package for jedi located at /home/raahimnawaz/miniforge3/pkgs/jedi-0.20.0-pyhcf101f3_0
appears to be corrupted. The path 'site-packages/jedi/third_party/typeshed/stubs/psutil/psutil/_psutil_sunos.pyi'
specified in the package manifest cannot be found.

CondaVerificationError: The package for jedi located at /home/raahimnawaz/miniforge3/pkgs/jedi-0.20.0-pyhcf101f3_0
appears to be corrupted. The path 'site-packages/jedi/third_party/typeshed/stubs/psutil/psutil/_psutil_windows.pyi'
specified in the package manifest cannot be found.

CondaVerificationError: The package for jedi located at /home/raahimnawaz/miniforge3/pkgs/jedi-0.20.0-pyhcf101f3_0
appears to be corrupted. The path 'site-packages/jedi/third_party/typeshed/stubs/psutil/psutil/_pswindows.pyi'
specified in the package manifest cannot be found.

CondaVerificationError: The package for jedi located at /home/raahimnawaz/miniforge3/pkgs/jedi-0.20.0-pyhcf101f3_0
appears to be corrupted. The path 'site-packages/jedi/third_party/typeshed/stubs/psycopg2/psycopg2/__init__.pyi'
specified in the package manifest cannot be found.

CondaVerificationError: The package for jedi located at /home/raahimnawaz/miniforge3/pkgs/jedi-0.20.0-pyhcf101f3_0
appears to be corrupted. The path 'site-packages/jedi/third_party/typeshed/stubs/psycopg2/psycopg2/_ipaddress.pyi'
specified in the package manifest cannot be found.

CondaVerificationError: The package for jedi located at /home/raahimnawaz/miniforge3/pkgs/jedi-0.20.0-pyhcf101f3_0
appears to be corrupted. The path 'site-packages/jedi/third_party/typeshed/stubs/psycopg2/psycopg2/_json.pyi'
specified in the package manifest cannot be found.

CondaVerificationError: The package for jedi located at /home/raahimnawaz/miniforge3/pkgs/jedi-0.20.0-pyhcf101f3_0
appears to be corrupted. The path 'site-packages/jedi/third_party/typeshed/stubs/psycopg2/psycopg2/_psycopg.pyi'
specified in the package manifest cannot be found.

CondaVerificationError: The package for jedi located at /home/raahimnawaz/miniforge3/pkgs/jedi-0.20.0-pyhcf101f3_0
appears to be corrupted. The path 'site-packages/jedi/third_party/typeshed/stubs/psycopg2/psycopg2/_range.pyi'
specified in the package manifest cannot be found.

CondaVerificationError: The package for jedi located at /home/raahimnawaz/miniforge3/pkgs/jedi-0.20.0-pyhcf101f3_0
appears to be corrupted. The path 'site-packages/jedi/third_party/typeshed/stubs/psycopg2/psycopg2/errorcodes.pyi'
specified in the package manifest cannot be found.

CondaVerificationError: The package for jedi located at /home/raahimnawaz/miniforge3/pkgs/jedi-0.20.0-pyhcf101f3_0
appears to be corrupted. The path 'site-packages/jedi/third_party/typeshed/stubs/psycopg2/psycopg2/errors.pyi'
specified in the package manifest cannot be found.

CondaVerificationError: The package for jedi located at /home/raahimnawaz/miniforge3/pkgs/jedi-0.20.0-pyhcf101f3_0
appears to be corrupted. The path 'site-packages/jedi/third_party/typeshed/stubs/psycopg2/psycopg2/extensions.pyi'
specified in the package manifest cannot be found.

CondaVerificationError: The package for jedi located at /home/raahimnawaz/miniforge3/pkgs/jedi-0.20.0-pyhcf101f3_0
appears to be corrupted. The path 'site-packages/jedi/third_party/typeshed/stubs/psycopg2/psycopg2/extras.pyi'
specified in the package manifest cannot be found.

CondaVerificationError: The package for jedi located at /home/raahimnawaz/miniforge3/pkgs/jedi-0.20.0-pyhcf101f3_0
appears to be corrupted. The path 'site-packages/jedi/third_party/typeshed/stubs/psycopg2/psycopg2/pool.pyi'
specified in the package manifest cannot be found.

CondaVerificationError: The package for jedi located at /home/raahimnawaz/miniforge3/pkgs/jedi-0.20.0-pyhcf101f3_0
appears to be corrupted. The path 'site-packages/jedi/third_party/typeshed/stubs/psycopg2/psycopg2/sql.pyi'
specified in the package manifest cannot be found.

CondaVerificationError: The package for jedi located at /home/raahimnawaz/miniforge3/pkgs/jedi-0.20.0-pyhcf101f3_0
appears to be corrupted. The path 'site-packages/jedi/third_party/typeshed/stubs/psycopg2/psycopg2/tz.pyi'
specified in the package manifest cannot be found.

CondaVerificationError: The package for jedi located at /home/raahimnawaz/miniforge3/pkgs/jedi-0.20.0-pyhcf101f3_0
appears to be corrupted. The path 'site-packages/jedi/third_party/typeshed/stubs/punq/punq/__init__.pyi'
specified in the package manifest cannot be found.

CondaVerificationError: The package for jedi located at /home/raahimnawaz/miniforge3/pkgs/jedi-0.20.0-pyhcf101f3_0
appears to be corrupted. The path 'site-packages/jedi/third_party/typeshed/stubs/pyasn1/pyasn1/__init__.pyi'
specified in the package manifest cannot be found.

CondaVerificationError: The package for jedi located at /home/raahimnawaz/miniforge3/pkgs/jedi-0.20.0-pyhcf101f3_0
appears to be corrupted. The path 'site-packages/jedi/third_party/typeshed/stubs/pyasn1/pyasn1/codec/__init__.pyi'
specified in the package manifest cannot be found.

CondaVerificationError: The package for jedi located at /home/raahimnawaz/miniforge3/pkgs/jedi-0.20.0-pyhcf101f3_0
appears to be corrupted. The path 'site-packages/jedi/third_party/typeshed/stubs/pyasn1/pyasn1/codec/ber/__init__.pyi'
specified in the package manifest cannot be found.

CondaVerificationError: The package for jedi located at /home/raahimnawaz/miniforge3/pkgs/jedi-0.20.0-pyhcf101f3_0
appears to be corrupted. The path 'site-packages/jedi/third_party/typeshed/stubs/pyasn1/pyasn1/codec/ber/decoder.pyi'
specified in the package manifest cannot be found.

CondaVerificationError: The package for jedi located at /home/raahimnawaz/miniforge3/pkgs/jedi-0.20.0-pyhcf101f3_0
appears to be corrupted. The path 'site-packages/jedi/third_party/typeshed/stubs/pyasn1/pyasn1/codec/ber/encoder.pyi'
specified in the package manifest cannot be found.

CondaVerificationError: The package for jedi located at /home/raahimnawaz/miniforge3/pkgs/jedi-0.20.0-pyhcf101f3_0
appears to be corrupted. The path 'site-packages/jedi/third_party/typeshed/stubs/pyasn1/pyasn1/codec/ber/eoo.pyi'
specified in the package manifest cannot be found.

CondaVerificationError: The package for jedi located at /home/raahimnawaz/miniforge3/pkgs/jedi-0.20.0-pyhcf101f3_0
appears to be corrupted. The path 'site-packages/jedi/third_party/typeshed/stubs/pyasn1/pyasn1/codec/cer/__init__.pyi'
specified in the package manifest cannot be found.

CondaVerificationError: The package for jedi located at /home/raahimnawaz/miniforge3/pkgs/jedi-0.20.0-pyhcf101f3_0
appears to be corrupted. The path 'site-packages/jedi/third_party/typeshed/stubs/pyasn1/pyasn1/codec/cer/decoder.pyi'
specified in the package manifest cannot be found.

CondaVerificationError: The package for jedi located at /home/raahimnawaz/miniforge3/pkgs/jedi-0.20.0-pyhcf101f3_0
appears to be corrupted. The path 'site-packages/jedi/third_party/typeshed/stubs/pyasn1/pyasn1/codec/cer/encoder.pyi'
specified in the package manifest cannot be found.

CondaVerificationError: The package for jedi located at /home/raahimnawaz/miniforge3/pkgs/jedi-0.20.0-pyhcf101f3_0
appears to be corrupted. The path 'site-packages/jedi/third_party/typeshed/stubs/pyasn1/pyasn1/codec/der/__init__.pyi'
specified in the package manifest cannot be found.

CondaVerificationError: The package for jedi located at /home/raahimnawaz/miniforge3/pkgs/jedi-0.20.0-pyhcf101f3_0
appears to be corrupted. The path 'site-packages/jedi/third_party/typeshed/stubs/pyasn1/pyasn1/codec/der/decoder.pyi'
specified in the package manifest cannot be found.

CondaVerificationError: The package for jedi located at /home/raahimnawaz/miniforge3/pkgs/jedi-0.20.0-pyhcf101f3_0
appears to be corrupted. The path 'site-packages/jedi/third_party/typeshed/stubs/pyasn1/pyasn1/codec/der/encoder.pyi'
specified in the package manifest cannot be found.

CondaVerificationError: The package for jedi located at /home/raahimnawaz/miniforge3/pkgs/jedi-0.20.0-pyhcf101f3_0
appears to be corrupted. The path 'site-packages/jedi/third_party/typeshed/stubs/pyasn1/pyasn1/codec/native/__init__.pyi'
specified in the package manifest cannot be found.

CondaVerificationError: The package for jedi located at /home/raahimnawaz/miniforge3/pkgs/jedi-0.20.0-pyhcf101f3_0
appears to be corrupted. The path 'site-packages/jedi/third_party/typeshed/stubs/pyasn1/pyasn1/codec/native/decoder.pyi'
specified in the package manifest cannot be found.

CondaVerificationError: The package for jedi located at /home/raahimnawaz/miniforge3/pkgs/jedi-0.20.0-pyhcf101f3_0
appears to be corrupted. The path 'site-packages/jedi/third_party/typeshed/stubs/pyasn1/pyasn1/codec/native/encoder.pyi'
specified in the package manifest cannot be found.

CondaVerificationError: The package for jedi located at /home/raahimnawaz/miniforge3/pkgs/jedi-0.20.0-pyhcf101f3_0
appears to be corrupted. The path 'site-packages/jedi/third_party/typeshed/stubs/pyasn1/pyasn1/codec/streaming.pyi'
specified in the package manifest cannot be found.

CondaVerificationError: The package for jedi located at /home/raahimnawaz/miniforge3/pkgs/jedi-0.20.0-pyhcf101f3_0
appears to be corrupted. The path 'site-packages/jedi/third_party/typeshed/stubs/pyasn1/pyasn1/compat/__init__.pyi'
specified in the package manifest cannot be found.

CondaVerificationError: The package for jedi located at /home/raahimnawaz/miniforge3/pkgs/jedi-0.20.0-pyhcf101f3_0
appears to be corrupted. The path 'site-packages/jedi/third_party/typeshed/stubs/pyasn1/pyasn1/compat/integer.pyi'
specified in the package manifest cannot be found.

CondaVerificationError: The package for jedi located at /home/raahimnawaz/miniforge3/pkgs/jedi-0.20.0-pyhcf101f3_0
appears to be corrupted. The path 'site-packages/jedi/third_party/typeshed/stubs/pyasn1/pyasn1/debug.pyi'
specified in the package manifest cannot be found.

CondaVerificationError: The package for jedi located at /home/raahimnawaz/miniforge3/pkgs/jedi-0.20.0-pyhcf101f3_0
appears to be corrupted. The path 'site-packages/jedi/third_party/typeshed/stubs/pyasn1/pyasn1/error.pyi'
specified in the package manifest cannot be found.

CondaVerificationError: The package for jedi located at /home/raahimnawaz/miniforge3/pkgs/jedi-0.20.0-pyhcf101f3_0
appears to be corrupted. The path 'site-packages/jedi/third_party/typeshed/stubs/pyasn1/pyasn1/type/__init__.pyi'
specified in the package manifest cannot be found.

CondaVerificationError: The package for jedi located at /home/raahimnawaz/miniforge3/pkgs/jedi-0.20.0-pyhcf101f3_0
appears to be corrupted. The path 'site-packages/jedi/third_party/typeshed/stubs/pyasn1/pyasn1/type/base.pyi'
specified in the package manifest cannot be found.

CondaVerificationError: The package for jedi located at /home/raahimnawaz/miniforge3/pkgs/jedi-0.20.0-pyhcf101f3_0
appears to be corrupted. The path 'site-packages/jedi/third_party/typeshed/stubs/pyasn1/pyasn1/type/char.pyi'
specified in the package manifest cannot be found.

CondaVerificationError: The package for jedi located at /home/raahimnawaz/miniforge3/pkgs/jedi-0.20.0-pyhcf101f3_0
appears to be corrupted. The path 'site-packages/jedi/third_party/typeshed/stubs/pyasn1/pyasn1/type/constraint.pyi'
specified in the package manifest cannot be found.

CondaVerificationError: The package for jedi located at /home/raahimnawaz/miniforge3/pkgs/jedi-0.20.0-pyhcf101f3_0
appears to be corrupted. The path 'site-packages/jedi/third_party/typeshed/stubs/pyasn1/pyasn1/type/error.pyi'
specified in the package manifest cannot be found.

CondaVerificationError: The package for jedi located at /home/raahimnawaz/miniforge3/pkgs/jedi-0.20.0-pyhcf101f3_0
appears to be corrupted. The path 'site-packages/jedi/third_party/typeshed/stubs/pyasn1/pyasn1/type/namedtype.pyi'
specified in the package manifest cannot be found.

CondaVerificationError: The package for jedi located at /home/raahimnawaz/miniforge3/pkgs/jedi-0.20.0-pyhcf101f3_0
appears to be corrupted. The path 'site-packages/jedi/third_party/typeshed/stubs/pyasn1/pyasn1/type/namedval.pyi'
specified in the package manifest cannot be found.

CondaVerificationError: The package for jedi located at /home/raahimnawaz/miniforge3/pkgs/jedi-0.20.0-pyhcf101f3_0
appears to be corrupted. The path 'site-packages/jedi/third_party/typeshed/stubs/pyasn1/pyasn1/type/opentype.pyi'
specified in the package manifest cannot be found.

CondaVerificationError: The package for jedi located at /home/raahimnawaz/miniforge3/pkgs/jedi-0.20.0-pyhcf101f3_0
appears to be corrupted. The path 'site-packages/jedi/third_party/typeshed/stubs/pyasn1/pyasn1/type/tag.pyi'
specified in the package manifest cannot be found.

CondaVerificationError: The package for jedi located at /home/raahimnawaz/miniforge3/pkgs/jedi-0.20.0-pyhcf101f3_0
appears to be corrupted. The path 'site-packages/jedi/third_party/typeshed/stubs/pyasn1/pyasn1/type/tagmap.pyi'
specified in the package manifest cannot be found.

CondaVerificationError: The package for jedi located at /home/raahimnawaz/miniforge3/pkgs/jedi-0.20.0-pyhcf101f3_0
appears to be corrupted. The path 'site-packages/jedi/third_party/typeshed/stubs/pyasn1/pyasn1/type/univ.pyi'
specified in the package manifest cannot be found.

CondaVerificationError: The package for jedi located at /home/raahimnawaz/miniforge3/pkgs/jedi-0.20.0-pyhcf101f3_0
appears to be corrupted. The path 'site-packages/jedi/third_party/typeshed/stubs/pyasn1/pyasn1/type/useful.pyi'
specified in the package manifest cannot be found.

CondaVerificationError: The package for jedi located at /home/raahimnawaz/miniforge3/pkgs/jedi-0.20.0-pyhcf101f3_0
appears to be corrupted. The path 'site-packages/jedi/third_party/typeshed/stubs/pyaudio/pyaudio.pyi'
specified in the package manifest cannot be found.

CondaVerificationError: The package for jedi located at /home/raahimnawaz/miniforge3/pkgs/jedi-0.20.0-pyhcf101f3_0
appears to be corrupted. The path 'site-packages/jedi/third_party/typeshed/stubs/pycocotools/pycocotools/__init__.pyi'
specified in the package manifest cannot be found.

CondaVerificationError: The package for jedi located at /home/raahimnawaz/miniforge3/pkgs/jedi-0.20.0-pyhcf101f3_0
appears to be corrupted. The path 'site-packages/jedi/third_party/typeshed/stubs/pycocotools/pycocotools/coco.pyi'
specified in the package manifest cannot be found.

CondaVerificationError: The package for jedi located at /home/raahimnawaz/miniforge3/pkgs/jedi-0.20.0-pyhcf101f3_0
appears to be corrupted. The path 'site-packages/jedi/third_party/typeshed/stubs/pycocotools/pycocotools/cocoeval.pyi'
specified in the package manifest cannot be found.

CondaVerificationError: The package for jedi located at /home/raahimnawaz/miniforge3/pkgs/jedi-0.20.0-pyhcf101f3_0
appears to be corrupted. The path 'site-packages/jedi/third_party/typeshed/stubs/pycocotools/pycocotools/mask.pyi'
specified in the package manifest cannot be found.

CondaVerificationError: The package for jedi located at /home/raahimnawaz/miniforge3/pkgs/jedi-0.20.0-pyhcf101f3_0
appears to be corrupted. The path 'site-packages/jedi/third_party/typeshed/stubs/pycurl/pycurl.pyi'
specified in the package manifest cannot be found.

CondaVerificationError: The package for jedi located at /home/raahimnawaz/miniforge3/pkgs/jedi-0.20.0-pyhcf101f3_0
appears to be corrupted. The path 'site-packages/jedi/third_party/typeshed/stubs/pyfarmhash/farmhash.pyi'
specified in the package manifest cannot be found.

CondaVerificationError: The package for jedi located at /home/raahimnawaz/miniforge3/pkgs/jedi-0.20.0-pyhcf101f3_0
appears to be corrupted. The path 'site-packages/jedi/third_party/typeshed/stubs/pyflakes/pyflakes/__init__.pyi'
specified in the package manifest cannot be found.

CondaVerificationError: The package for jedi located at /home/raahimnawaz/miniforge3/pkgs/jedi-0.20.0-pyhcf101f3_0
appears to be corrupted. The path 'site-packages/jedi/third_party/typeshed/stubs/pyflakes/pyflakes/__main__.pyi'
specified in the package manifest cannot be found.

CondaVerificationError: The package for jedi located at /home/raahimnawaz/miniforge3/pkgs/jedi-0.20.0-pyhcf101f3_0
appears to be corrupted. The path 'site-packages/jedi/third_party/typeshed/stubs/pyflakes/pyflakes/api.pyi'
specified in the package manifest cannot be found.

CondaVerificationError: The package for jedi located at /home/raahimnawaz/miniforge3/pkgs/jedi-0.20.0-pyhcf101f3_0
appears to be corrupted. The path 'site-packages/jedi/third_party/typeshed/stubs/pyflakes/pyflakes/checker.pyi'
specified in the package manifest cannot be found.

CondaVerificationError: The package for jedi located at /home/raahimnawaz/miniforge3/pkgs/jedi-0.20.0-pyhcf101f3_0
appears to be corrupted. The path 'site-packages/jedi/third_party/typeshed/stubs/pyflakes/pyflakes/messages.pyi'
specified in the package manifest cannot be found.

CondaVerificationError: The package for jedi located at /home/raahimnawaz/miniforge3/pkgs/jedi-0.20.0-pyhcf101f3_0
appears to be corrupted. The path 'site-packages/jedi/third_party/typeshed/stubs/pyflakes/pyflakes/reporter.pyi'
specified in the package manifest cannot be found.

CondaVerificationError: The package for jedi located at /home/raahimnawaz/miniforge3/pkgs/jedi-0.20.0-pyhcf101f3_0
appears to be corrupted. The path 'site-packages/jedi/third_party/typeshed/stubs/pyflakes/pyflakes/scripts/__init__.pyi'
specified in the package manifest cannot be found.

CondaVerificationError: The package for jedi located at /home/raahimnawaz/miniforge3/pkgs/jedi-0.20.0-pyhcf101f3_0
appears to be corrupted. The path 'site-packages/jedi/third_party/typeshed/stubs/pyflakes/pyflakes/scripts/pyflakes.pyi'
specified in the package manifest cannot be found.

CondaVerificationError: The package for jedi located at /home/raahimnawaz/miniforge3/pkgs/jedi-0.20.0-pyhcf101f3_0
appears to be corrupted. The path 'site-packages/jedi/third_party/typeshed/stubs/pyinstaller/PyInstaller/__init__.pyi'
specified in the package manifest cannot be found.

CondaVerificationError: The package for jedi located at /home/raahimnawaz/miniforge3/pkgs/jedi-0.20.0-pyhcf101f3_0
appears to be corrupted. The path 'site-packages/jedi/third_party/typeshed/stubs/pyinstaller/PyInstaller/__main__.pyi'
specified in the package manifest cannot be found.

CondaVerificationError: The package for jedi located at /home/raahimnawaz/miniforge3/pkgs/jedi-0.20.0-pyhcf101f3_0
appears to be corrupted. The path 'site-packages/jedi/third_party/typeshed/stubs/pyinstaller/PyInstaller/building/__init__.pyi'
specified in the package manifest cannot be found.

CondaVerificationError: The package for jedi located at /home/raahimnawaz/miniforge3/pkgs/jedi-0.20.0-pyhcf101f3_0
appears to be corrupted. The path 'site-packages/jedi/third_party/typeshed/stubs/pyinstaller/PyInstaller/building/api.pyi'
specified in the package manifest cannot be found.

CondaVerificationError: The package for jedi located at /home/raahimnawaz/miniforge3/pkgs/jedi-0.20.0-pyhcf101f3_0
appears to be corrupted. The path 'site-packages/jedi/third_party/typeshed/stubs/pyinstaller/PyInstaller/building/build_main.pyi'
specified in the package manifest cannot be found.

CondaVerificationError: The package for jedi located at /home/raahimnawaz/miniforge3/pkgs/jedi-0.20.0-pyhcf101f3_0
appears to be corrupted. The path 'site-packages/jedi/third_party/typeshed/stubs/pyinstaller/PyInstaller/building/datastruct.pyi'
specified in the package manifest cannot be found.

CondaVerificationError: The package for jedi located at /home/raahimnawaz/miniforge3/pkgs/jedi-0.20.0-pyhcf101f3_0
appears to be corrupted. The path 'site-packages/jedi/third_party/typeshed/stubs/pyinstaller/PyInstaller/building/splash.pyi'
specified in the package manifest cannot be found.

CondaVerificationError: The package for jedi located at /home/raahimnawaz/miniforge3/pkgs/jedi-0.20.0-pyhcf101f3_0
appears to be corrupted. The path 'site-packages/jedi/third_party/typeshed/stubs/pyinstaller/PyInstaller/compat.pyi'
specified in the package manifest cannot be found.

CondaVerificationError: The package for jedi located at /home/raahimnawaz/miniforge3/pkgs/jedi-0.20.0-pyhcf101f3_0
appears to be corrupted. The path 'site-packages/jedi/third_party/typeshed/stubs/pyinstaller/PyInstaller/depend/__init__.pyi'
specified in the package manifest cannot be found.

CondaVerificationError: The package for jedi located at /home/raahimnawaz/miniforge3/pkgs/jedi-0.20.0-pyhcf101f3_0
appears to be corrupted. The path 'site-packages/jedi/third_party/typeshed/stubs/pyinstaller/PyInstaller/depend/analysis.pyi'
specified in the package manifest cannot be found.

CondaVerificationError: The package for jedi located at /home/raahimnawaz/miniforge3/pkgs/jedi-0.20.0-pyhcf101f3_0
appears to be corrupted. The path 'site-packages/jedi/third_party/typeshed/stubs/pyinstaller/PyInstaller/depend/imphookapi.pyi'
specified in the package manifest cannot be found.

CondaVerificationError: The package for jedi located at /home/raahimnawaz/miniforge3/pkgs/jedi-0.20.0-pyhcf101f3_0
appears to be corrupted. The path 'site-packages/jedi/third_party/typeshed/stubs/pyinstaller/PyInstaller/isolated/__init__.pyi'
specified in the package manifest cannot be found.

CondaVerificationError: The package for jedi located at /home/raahimnawaz/miniforge3/pkgs/jedi-0.20.0-pyhcf101f3_0
appears to be corrupted. The path 'site-packages/jedi/third_party/typeshed/stubs/pyinstaller/PyInstaller/isolated/_parent.pyi'
specified in the package manifest cannot be found.

CondaVerificationError: The package for jedi located at /home/raahimnawaz/miniforge3/pkgs/jedi-0.20.0-pyhcf101f3_0
appears to be corrupted. The path 'site-packages/jedi/third_party/typeshed/stubs/pyinstaller/PyInstaller/lib/__init__.pyi'
specified in the package manifest cannot be found.

CondaVerificationError: The package for jedi located at /home/raahimnawaz/miniforge3/pkgs/jedi-0.20.0-pyhcf101f3_0
appears to be corrupted. The path 'site-packages/jedi/third_party/typeshed/stubs/pyinstaller/PyInstaller/lib/modulegraph/__init__.pyi'
specified in the package manifest cannot be found.

CondaVerificationError: The package for jedi located at /home/raahimnawaz/miniforge3/pkgs/jedi-0.20.0-pyhcf101f3_0
appears to be corrupted. The path 'site-packages/jedi/third_party/typeshed/stubs/pyinstaller/PyInstaller/lib/modulegraph/modulegraph.pyi'
specified in the package manifest cannot be found.

CondaVerificationError: The package for jedi located at /home/raahimnawaz/miniforge3/pkgs/jedi-0.20.0-pyhcf101f3_0
appears to be corrupted. The path 'site-packages/jedi/third_party/typeshed/stubs/pyinstaller/PyInstaller/utils/__init__.pyi'
specified in the package manifest cannot be found.

CondaVerificationError: The package for jedi located at /home/raahimnawaz/miniforge3/pkgs/jedi-0.20.0-pyhcf101f3_0
appears to be corrupted. The path 'site-packages/jedi/third_party/typeshed/stubs/pyinstaller/PyInstaller/utils/hooks/__init__.pyi'
specified in the package manifest cannot be found.

CondaVerificationError: The package for jedi located at /home/raahimnawaz/miniforge3/pkgs/jedi-0.20.0-pyhcf101f3_0
appears to be corrupted. The path 'site-packages/jedi/third_party/typeshed/stubs/pyinstaller/PyInstaller/utils/hooks/conda.pyi'
specified in the package manifest cannot be found.

CondaVerificationError: The package for jedi located at /home/raahimnawaz/miniforge3/pkgs/jedi-0.20.0-pyhcf101f3_0
appears to be corrupted. The path 'site-packages/jedi/third_party/typeshed/stubs/pyinstaller/PyInstaller/utils/win32/versioninfo.pyi'
specified in the package manifest cannot be found.

CondaVerificationError: The package for jedi located at /home/raahimnawaz/miniforge3/pkgs/jedi-0.20.0-pyhcf101f3_0
appears to be corrupted. The path 'site-packages/jedi/third_party/typeshed/stubs/pyinstaller/pyi_splash/__init__.pyi'
specified in the package manifest cannot be found.

CondaVerificationError: The package for jedi located at /home/raahimnawaz/miniforge3/pkgs/jedi-0.20.0-pyhcf101f3_0
appears to be corrupted. The path 'site-packages/jedi/third_party/typeshed/stubs/pyjks/jks/__init__.pyi'
specified in the package manifest cannot be found.

CondaVerificationError: The package for jedi located at /home/raahimnawaz/miniforge3/pkgs/jedi-0.20.0-pyhcf101f3_0
appears to be corrupted. The path 'site-packages/jedi/third_party/typeshed/stubs/pyjks/jks/bks.pyi'
specified in the package manifest cannot be found.

CondaVerificationError: The package for jedi located at /home/raahimnawaz/miniforge3/pkgs/jedi-0.20.0-pyhcf101f3_0
appears to be corrupted. The path 'site-packages/jedi/third_party/typeshed/stubs/pyjks/jks/jks.pyi'
specified in the package manifest cannot be found.

CondaVerificationError: The package for jedi located at /home/raahimnawaz/miniforge3/pkgs/jedi-0.20.0-pyhcf101f3_0
appears to be corrupted. The path 'site-packages/jedi/third_party/typeshed/stubs/pyjks/jks/rfc2898.pyi'
specified in the package manifest cannot be found.

CondaVerificationError: The package for jedi located at /home/raahimnawaz/miniforge3/pkgs/jedi-0.20.0-pyhcf101f3_0
appears to be corrupted. The path 'site-packages/jedi/third_party/typeshed/stubs/pyjks/jks/rfc7292.pyi'
specified in the package manifest cannot be found.

CondaVerificationError: The package for jedi located at /home/raahimnawaz/miniforge3/pkgs/jedi-0.20.0-pyhcf101f3_0
appears to be corrupted. The path 'site-packages/jedi/third_party/typeshed/stubs/pyjks/jks/sun_crypto.pyi'
specified in the package manifest cannot be found.

CondaVerificationError: The package for jedi located at /home/raahimnawaz/miniforge3/pkgs/jedi-0.20.0-pyhcf101f3_0
appears to be corrupted. The path 'site-packages/jedi/third_party/typeshed/stubs/pyjks/jks/util.pyi'
specified in the package manifest cannot be found.

CondaVerificationError: The package for jedi located at /home/raahimnawaz/miniforge3/pkgs/jedi-0.20.0-pyhcf101f3_0
appears to be corrupted. The path 'site-packages/jedi/third_party/typeshed/stubs/pyluach/pyluach/__init__.pyi'
specified in the package manifest cannot be found.

CondaVerificationError: The package for jedi located at /home/raahimnawaz/miniforge3/pkgs/jedi-0.20.0-pyhcf101f3_0
appears to be corrupted. The path 'site-packages/jedi/third_party/typeshed/stubs/pyluach/pyluach/dates.pyi'
specified in the package manifest cannot be found.

CondaVerificationError: The package for jedi located at /home/raahimnawaz/miniforge3/pkgs/jedi-0.20.0-pyhcf101f3_0
appears to be corrupted. The path 'site-packages/jedi/third_party/typeshed/stubs/pyluach/pyluach/hebrewcal.pyi'
specified in the package manifest cannot be found.

CondaVerificationError: The package for jedi located at /home/raahimnawaz/miniforge3/pkgs/jedi-0.20.0-pyhcf101f3_0
appears to be corrupted. The path 'site-packages/jedi/third_party/typeshed/stubs/pyluach/pyluach/parshios.pyi'
specified in the package manifest cannot be found.

CondaVerificationError: The package for jedi located at /home/raahimnawaz/miniforge3/pkgs/jedi-0.20.0-pyhcf101f3_0
appears to be corrupted. The path 'site-packages/jedi/third_party/typeshed/stubs/pyluach/pyluach/utils.pyi'
specified in the package manifest cannot be found.

CondaVerificationError: The package for jedi located at /home/raahimnawaz/miniforge3/pkgs/jedi-0.20.0-pyhcf101f3_0
appears to be corrupted. The path 'site-packages/jedi/third_party/typeshed/stubs/pynput/pynput/__init__.pyi'
specified in the package manifest cannot be found.

CondaVerificationError: The package for jedi located at /home/raahimnawaz/miniforge3/pkgs/jedi-0.20.0-pyhcf101f3_0
appears to be corrupted. The path 'site-packages/jedi/third_party/typeshed/stubs/pynput/pynput/_info.pyi'
specified in the package manifest cannot be found.

CondaVerificationError: The package for jedi located at /home/raahimnawaz/miniforge3/pkgs/jedi-0.20.0-pyhcf101f3_0
appears to be corrupted. The path 'site-packages/jedi/third_party/typeshed/stubs/pynput/pynput/_util.pyi'
specified in the package manifest cannot be found.

CondaVerificationError: The package for jedi located at /home/raahimnawaz/miniforge3/pkgs/jedi-0.20.0-pyhcf101f3_0
appears to be corrupted. The path 'site-packages/jedi/third_party/typeshed/stubs/pynput/pynput/keyboard/__init__.pyi'
specified in the package manifest cannot be found.

CondaVerificationError: The package for jedi located at /home/raahimnawaz/miniforge3/pkgs/jedi-0.20.0-pyhcf101f3_0
appears to be corrupted. The path 'site-packages/jedi/third_party/typeshed/stubs/pynput/pynput/keyboard/_base.pyi'
specified in the package manifest cannot be found.

CondaVerificationError: The package for jedi located at /home/raahimnawaz/miniforge3/pkgs/jedi-0.20.0-pyhcf101f3_0
appears to be corrupted. The path 'site-packages/jedi/third_party/typeshed/stubs/pynput/pynput/keyboard/_dummy.pyi'
specified in the package manifest cannot be found.

CondaVerificationError: The package for jedi located at /home/raahimnawaz/miniforge3/pkgs/jedi-0.20.0-pyhcf101f3_0
appears to be corrupted. The path 'site-packages/jedi/third_party/typeshed/stubs/pynput/pynput/mouse/__init__.pyi'
specified in the package manifest cannot be found.

CondaVerificationError: The package for jedi located at /home/raahimnawaz/miniforge3/pkgs/jedi-0.20.0-pyhcf101f3_0
appears to be corrupted. The path 'site-packages/jedi/third_party/typeshed/stubs/pynput/pynput/mouse/_base.pyi'
specified in the package manifest cannot be found.

CondaVerificationError: The package for jedi located at /home/raahimnawaz/miniforge3/pkgs/jedi-0.20.0-pyhcf101f3_0
appears to be corrupted. The path 'site-packages/jedi/third_party/typeshed/stubs/pynput/pynput/mouse/_dummy.pyi'
specified in the package manifest cannot be found.

CondaVerificationError: The package for jedi located at /home/raahimnawaz/miniforge3/pkgs/jedi-0.20.0-pyhcf101f3_0
appears to be corrupted. The path 'site-packages/jedi/third_party/typeshed/stubs/pyperclip/pyperclip/__init__.pyi'
specified in the package manifest cannot be found.

CondaVerificationError: The package for jedi located at /home/raahimnawaz/miniforge3/pkgs/jedi-0.20.0-pyhcf101f3_0
appears to be corrupted. The path 'site-packages/jedi/third_party/typeshed/stubs/pyserial/serial/__init__.pyi'
specified in the package manifest cannot be found.

CondaVerificationError: The package for jedi located at /home/raahimnawaz/miniforge3/pkgs/jedi-0.20.0-pyhcf101f3_0
appears to be corrupted. The path 'site-packages/jedi/third_party/typeshed/stubs/pyserial/serial/__main__.pyi'
specified in the package manifest cannot be found.

CondaVerificationError: The package for jedi located at /home/raahimnawaz/miniforge3/pkgs/jedi-0.20.0-pyhcf101f3_0
appears to be corrupted. The path 'site-packages/jedi/third_party/typeshed/stubs/pyserial/serial/rfc2217.pyi'
specified in the package manifest cannot be found.

CondaVerificationError: The package for jedi located at /home/raahimnawaz/miniforge3/pkgs/jedi-0.20.0-pyhcf101f3_0
appears to be corrupted. The path 'site-packages/jedi/third_party/typeshed/stubs/pyserial/serial/rs485.pyi'
specified in the package manifest cannot be found.

CondaVerificationError: The package for jedi located at /home/raahimnawaz/miniforge3/pkgs/jedi-0.20.0-pyhcf101f3_0
appears to be corrupted. The path 'site-packages/jedi/third_party/typeshed/stubs/pyserial/serial/serialcli.pyi'
specified in the package manifest cannot be found.

CondaVerificationError: The package for jedi located at /home/raahimnawaz/miniforge3/pkgs/jedi-0.20.0-pyhcf101f3_0
appears to be corrupted. The path 'site-packages/jedi/third_party/typeshed/stubs/pyserial/serial/serialjava.pyi'
specified in the package manifest cannot be found.

CondaVerificationError: The package for jedi located at /home/raahimnawaz/miniforge3/pkgs/jedi-0.20.0-pyhcf101f3_0
appears to be corrupted. The path 'site-packages/jedi/third_party/typeshed/stubs/pyserial/serial/serialposix.pyi'
specified in the package manifest cannot be found.

CondaVerificationError: The package for jedi located at /home/raahimnawaz/miniforge3/pkgs/jedi-0.20.0-pyhcf101f3_0
appears to be corrupted. The path 'site-packages/jedi/third_party/typeshed/stubs/pyserial/serial/serialutil.pyi'
specified in the package manifest cannot be found.

CondaVerificationError: The package for jedi located at /home/raahimnawaz/miniforge3/pkgs/jedi-0.20.0-pyhcf101f3_0
appears to be corrupted. The path 'site-packages/jedi/third_party/typeshed/stubs/pyserial/serial/serialwin32.pyi'
specified in the package manifest cannot be found.

CondaVerificationError: The package for jedi located at /home/raahimnawaz/miniforge3/pkgs/jedi-0.20.0-pyhcf101f3_0
appears to be corrupted. The path 'site-packages/jedi/third_party/typeshed/stubs/pyserial/serial/threaded/__init__.pyi'
specified in the package manifest cannot be found.

CondaVerificationError: The package for jedi located at /home/raahimnawaz/miniforge3/pkgs/jedi-0.20.0-pyhcf101f3_0
appears to be corrupted. The path 'site-packages/jedi/third_party/typeshed/stubs/pyserial/serial/tools/__init__.pyi'
specified in the package manifest cannot be found.

CondaVerificationError: The package for jedi located at /home/raahimnawaz/miniforge3/pkgs/jedi-0.20.0-pyhcf101f3_0
appears to be corrupted. The path 'site-packages/jedi/third_party/typeshed/stubs/pyserial/serial/tools/hexlify_codec.pyi'
specified in the package manifest cannot be found.

CondaVerificationError: The package for jedi located at /home/raahimnawaz/miniforge3/pkgs/jedi-0.20.0-pyhcf101f3_0
appears to be corrupted. The path 'site-packages/jedi/third_party/typeshed/stubs/pyserial/serial/tools/list_ports.pyi'
specified in the package manifest cannot be found.

CondaVerificationError: The package for jedi located at /home/raahimnawaz/miniforge3/pkgs/jedi-0.20.0-pyhcf101f3_0
appears to be corrupted. The path 'site-packages/jedi/third_party/typeshed/stubs/pyserial/serial/tools/list_ports_common.pyi'
specified in the package manifest cannot be found.

CondaVerificationError: The package for jedi located at /home/raahimnawaz/miniforge3/pkgs/jedi-0.20.0-pyhcf101f3_0
appears to be corrupted. The path 'site-packages/jedi/third_party/typeshed/stubs/pyserial/serial/tools/list_ports_linux.pyi'
specified in the package manifest cannot be found.

CondaVerificationError: The package for jedi located at /home/raahimnawaz/miniforge3/pkgs/jedi-0.20.0-pyhcf101f3_0
appears to be corrupted. The path 'site-packages/jedi/third_party/typeshed/stubs/pyserial/serial/tools/list_ports_osx.pyi'
specified in the package manifest cannot be found.

CondaVerificationError: The package for jedi located at /home/raahimnawaz/miniforge3/pkgs/jedi-0.20.0-pyhcf101f3_0
appears to be corrupted. The path 'site-packages/jedi/third_party/typeshed/stubs/pyserial/serial/tools/list_ports_posix.pyi'
specified in the package manifest cannot be found.

CondaVerificationError: The package for jedi located at /home/raahimnawaz/miniforge3/pkgs/jedi-0.20.0-pyhcf101f3_0
appears to be corrupted. The path 'site-packages/jedi/third_party/typeshed/stubs/pyserial/serial/tools/list_ports_windows.pyi'
specified in the package manifest cannot be found.

CondaVerificationError: The package for jedi located at /home/raahimnawaz/miniforge3/pkgs/jedi-0.20.0-pyhcf101f3_0
appears to be corrupted. The path 'site-packages/jedi/third_party/typeshed/stubs/pyserial/serial/tools/miniterm.pyi'
specified in the package manifest cannot be found.

CondaVerificationError: The package for jedi located at /home/raahimnawaz/miniforge3/pkgs/jedi-0.20.0-pyhcf101f3_0
appears to be corrupted. The path 'site-packages/jedi/third_party/typeshed/stubs/pyserial/serial/urlhandler/__init__.pyi'
specified in the package manifest cannot be found.

CondaVerificationError: The package for jedi located at /home/raahimnawaz/miniforge3/pkgs/jedi-0.20.0-pyhcf101f3_0
appears to be corrupted. The path 'site-packages/jedi/third_party/typeshed/stubs/pyserial/serial/urlhandler/protocol_alt.pyi'
specified in the package manifest cannot be found.

CondaVerificationError: The package for jedi located at /home/raahimnawaz/miniforge3/pkgs/jedi-0.20.0-pyhcf101f3_0
appears to be corrupted. The path 'site-packages/jedi/third_party/typeshed/stubs/pyserial/serial/urlhandler/protocol_cp2110.pyi'
specified in the package manifest cannot be found.

CondaVerificationError: The package for jedi located at /home/raahimnawaz/miniforge3/pkgs/jedi-0.20.0-pyhcf101f3_0
appears to be corrupted. The path 'site-packages/jedi/third_party/typeshed/stubs/pyserial/serial/urlhandler/protocol_hwgrep.pyi'
specified in the package manifest cannot be found.

CondaVerificationError: The package for jedi located at /home/raahimnawaz/miniforge3/pkgs/jedi-0.20.0-pyhcf101f3_0
appears to be corrupted. The path 'site-packages/jedi/third_party/typeshed/stubs/pyserial/serial/urlhandler/protocol_loop.pyi'
specified in the package manifest cannot be found.

CondaVerificationError: The package for jedi located at /home/raahimnawaz/miniforge3/pkgs/jedi-0.20.0-pyhcf101f3_0
appears to be corrupted. The path 'site-packages/jedi/third_party/typeshed/stubs/pyserial/serial/urlhandler/protocol_rfc2217.pyi'
specified in the package manifest cannot be found.

CondaVerificationError: The package for jedi located at /home/raahimnawaz/miniforge3/pkgs/jedi-0.20.0-pyhcf101f3_0
appears to be corrupted. The path 'site-packages/jedi/third_party/typeshed/stubs/pyserial/serial/urlhandler/protocol_socket.pyi'
specified in the package manifest cannot be found.

CondaVerificationError: The package for jedi located at /home/raahimnawaz/miniforge3/pkgs/jedi-0.20.0-pyhcf101f3_0
appears to be corrupted. The path 'site-packages/jedi/third_party/typeshed/stubs/pyserial/serial/urlhandler/protocol_spy.pyi'
specified in the package manifest cannot be found.

CondaVerificationError: The package for jedi located at /home/raahimnawaz/miniforge3/pkgs/jedi-0.20.0-pyhcf101f3_0
appears to be corrupted. The path 'site-packages/jedi/third_party/typeshed/stubs/pyserial/serial/win32.pyi'
specified in the package manifest cannot be found.

CondaVerificationError: The package for jedi located at /home/raahimnawaz/miniforge3/pkgs/jedi-0.20.0-pyhcf101f3_0
appears to be corrupted. The path 'site-packages/jedi/third_party/typeshed/stubs/pysftp/pysftp/__init__.pyi'
specified in the package manifest cannot be found.

CondaVerificationError: The package for jedi located at /home/raahimnawaz/miniforge3/pkgs/jedi-0.20.0-pyhcf101f3_0
appears to be corrupted. The path 'site-packages/jedi/third_party/typeshed/stubs/pysftp/pysftp/exceptions.pyi'
specified in the package manifest cannot be found.

CondaVerificationError: The package for jedi located at /home/raahimnawaz/miniforge3/pkgs/jedi-0.20.0-pyhcf101f3_0
appears to be corrupted. The path 'site-packages/jedi/third_party/typeshed/stubs/pysftp/pysftp/helpers.pyi'
specified in the package manifest cannot be found.

CondaVerificationError: The package for jedi located at /home/raahimnawaz/miniforge3/pkgs/jedi-0.20.0-pyhcf101f3_0
appears to be corrupted. The path 'site-packages/jedi/third_party/typeshed/stubs/pytest-lazy-fixture/pytest_lazyfixture.pyi'
specified in the package manifest cannot be found.

CondaVerificationError: The package for jedi located at /home/raahimnawaz/miniforge3/pkgs/jedi-0.20.0-pyhcf101f3_0
appears to be corrupted. The path 'site-packages/jedi/third_party/typeshed/stubs/python-crontab/cronlog.pyi'
specified in the package manifest cannot be found.

CondaVerificationError: The package for jedi located at /home/raahimnawaz/miniforge3/pkgs/jedi-0.20.0-pyhcf101f3_0
appears to be corrupted. The path 'site-packages/jedi/third_party/typeshed/stubs/python-crontab/crontab.pyi'
specified in the package manifest cannot be found.

CondaVerificationError: The package for jedi located at /home/raahimnawaz/miniforge3/pkgs/jedi-0.20.0-pyhcf101f3_0
appears to be corrupted. The path 'site-packages/jedi/third_party/typeshed/stubs/python-crontab/crontabs.pyi'
specified in the package manifest cannot be found.

CondaVerificationError: The package for jedi located at /home/raahimnawaz/miniforge3/pkgs/jedi-0.20.0-pyhcf101f3_0
appears to be corrupted. The path 'site-packages/jedi/third_party/typeshed/stubs/python-dateutil/dateutil/__init__.pyi'
specified in the package manifest cannot be found.

CondaVerificationError: The package for jedi located at /home/raahimnawaz/miniforge3/pkgs/jedi-0.20.0-pyhcf101f3_0
appears to be corrupted. The path 'site-packages/jedi/third_party/typeshed/stubs/python-dateutil/dateutil/_common.pyi'
specified in the package manifest cannot be found.

CondaVerificationError: The package for jedi located at /home/raahimnawaz/miniforge3/pkgs/jedi-0.20.0-pyhcf101f3_0
appears to be corrupted. The path 'site-packages/jedi/third_party/typeshed/stubs/python-dateutil/dateutil/_version.pyi'
specified in the package manifest cannot be found.

CondaVerificationError: The package for jedi located at /home/raahimnawaz/miniforge3/pkgs/jedi-0.20.0-pyhcf101f3_0
appears to be corrupted. The path 'site-packages/jedi/third_party/typeshed/stubs/python-dateutil/dateutil/easter.pyi'
specified in the package manifest cannot be found.

CondaVerificationError: The package for jedi located at /home/raahimnawaz/miniforge3/pkgs/jedi-0.20.0-pyhcf101f3_0
appears to be corrupted. The path 'site-packages/jedi/third_party/typeshed/stubs/python-dateutil/dateutil/parser/__init__.pyi'
specified in the package manifest cannot be found.

CondaVerificationError: The package for jedi located at /home/raahimnawaz/miniforge3/pkgs/jedi-0.20.0-pyhcf101f3_0
appears to be corrupted. The path 'site-packages/jedi/third_party/typeshed/stubs/python-dateutil/dateutil/parser/_parser.pyi'
specified in the package manifest cannot be found.

CondaVerificationError: The package for jedi located at /home/raahimnawaz/miniforge3/pkgs/jedi-0.20.0-pyhcf101f3_0
appears to be corrupted. The path 'site-packages/jedi/third_party/typeshed/stubs/python-dateutil/dateutil/parser/isoparser.pyi'
specified in the package manifest cannot be found.

CondaVerificationError: The package for jedi located at /home/raahimnawaz/miniforge3/pkgs/jedi-0.20.0-pyhcf101f3_0
appears to be corrupted. The path 'site-packages/jedi/third_party/typeshed/stubs/python-dateutil/dateutil/relativedelta.pyi'
specified in the package manifest cannot be found.

CondaVerificationError: The package for jedi located at /home/raahimnawaz/miniforge3/pkgs/jedi-0.20.0-pyhcf101f3_0
appears to be corrupted. The path 'site-packages/jedi/third_party/typeshed/stubs/python-dateutil/dateutil/rrule.pyi'
specified in the package manifest cannot be found.

CondaVerificationError: The package for jedi located at /home/raahimnawaz/miniforge3/pkgs/jedi-0.20.0-pyhcf101f3_0
appears to be corrupted. The path 'site-packages/jedi/third_party/typeshed/stubs/python-dateutil/dateutil/tz/__init__.pyi'
specified in the package manifest cannot be found.

CondaVerificationError: The package for jedi located at /home/raahimnawaz/miniforge3/pkgs/jedi-0.20.0-pyhcf101f3_0
appears to be corrupted. The path 'site-packages/jedi/third_party/typeshed/stubs/python-dateutil/dateutil/tz/_common.pyi'
specified in the package manifest cannot be found.

CondaVerificationError: The package for jedi located at /home/raahimnawaz/miniforge3/pkgs/jedi-0.20.0-pyhcf101f3_0
appears to be corrupted. The path 'site-packages/jedi/third_party/typeshed/stubs/python-dateutil/dateutil/tz/tz.pyi'
specified in the package manifest cannot be found.

CondaVerificationError: The package for jedi located at /home/raahimnawaz/miniforge3/pkgs/jedi-0.20.0-pyhcf101f3_0
appears to be corrupted. The path 'site-packages/jedi/third_party/typeshed/stubs/python-dateutil/dateutil/tz/win.pyi'
specified in the package manifest cannot be found.

CondaVerificationError: The package for jedi located at /home/raahimnawaz/miniforge3/pkgs/jedi-0.20.0-pyhcf101f3_0
appears to be corrupted. The path 'site-packages/jedi/third_party/typeshed/stubs/python-dateutil/dateutil/tzwin.pyi'
specified in the package manifest cannot be found.

CondaVerificationError: The package for jedi located at /home/raahimnawaz/miniforge3/pkgs/jedi-0.20.0-pyhcf101f3_0
appears to be corrupted. The path 'site-packages/jedi/third_party/typeshed/stubs/python-dateutil/dateutil/utils.pyi'
specified in the package manifest cannot be found.

CondaVerificationError: The package for jedi located at /home/raahimnawaz/miniforge3/pkgs/jedi-0.20.0-pyhcf101f3_0
appears to be corrupted. The path 'site-packages/jedi/third_party/typeshed/stubs/python-dateutil/dateutil/zoneinfo/__init__.pyi'
specified in the package manifest cannot be found.

CondaVerificationError: The package for jedi located at /home/raahimnawaz/miniforge3/pkgs/jedi-0.20.0-pyhcf101f3_0
appears to be corrupted. The path 'site-packages/jedi/third_party/typeshed/stubs/python-dateutil/dateutil/zoneinfo/rebuild.pyi'
specified in the package manifest cannot be found.

CondaVerificationError: The package for jedi located at /home/raahimnawaz/miniforge3/pkgs/jedi-0.20.0-pyhcf101f3_0
appears to be corrupted. The path 'site-packages/jedi/third_party/typeshed/stubs/python-http-client/python_http_client/__init__.pyi'
specified in the package manifest cannot be found.

CondaVerificationError: The package for jedi located at /home/raahimnawaz/miniforge3/pkgs/jedi-0.20.0-pyhcf101f3_0
appears to be corrupted. The path 'site-packages/jedi/third_party/typeshed/stubs/python-http-client/python_http_client/client.pyi'
specified in the package manifest cannot be found.

CondaVerificationError: The package for jedi located at /home/raahimnawaz/miniforge3/pkgs/jedi-0.20.0-pyhcf101f3_0
appears to be corrupted. The path 'site-packages/jedi/third_party/typeshed/stubs/python-http-client/python_http_client/exceptions.pyi'
specified in the package manifest cannot be found.

CondaVerificationError: The package for jedi located at /home/raahimnawaz/miniforge3/pkgs/jedi-0.20.0-pyhcf101f3_0
appears to be corrupted. The path 'site-packages/jedi/third_party/typeshed/stubs/python-jenkins/jenkins/__init__.pyi'
specified in the package manifest cannot be found.

CondaVerificationError: The package for jedi located at /home/raahimnawaz/miniforge3/pkgs/jedi-0.20.0-pyhcf101f3_0
appears to be corrupted. The path 'site-packages/jedi/third_party/typeshed/stubs/python-jenkins/jenkins/plugins.pyi'
specified in the package manifest cannot be found.

CondaVerificationError: The package for jedi located at /home/raahimnawaz/miniforge3/pkgs/jedi-0.20.0-pyhcf101f3_0
appears to be corrupted. The path 'site-packages/jedi/third_party/typeshed/stubs/python-jenkins/jenkins/version.pyi'
specified in the package manifest cannot be found.

CondaVerificationError: The package for jedi located at /home/raahimnawaz/miniforge3/pkgs/jedi-0.20.0-pyhcf101f3_0
appears to be corrupted. The path 'site-packages/jedi/third_party/typeshed/stubs/python-jose/jose/__init__.pyi'
specified in the package manifest cannot be found.

CondaVerificationError: The package for jedi located at /home/raahimnawaz/miniforge3/pkgs/jedi-0.20.0-pyhcf101f3_0
appears to be corrupted. The path 'site-packages/jedi/third_party/typeshed/stubs/python-jose/jose/backends/__init__.pyi'
specified in the package manifest cannot be found.

CondaVerificationError: The package for jedi located at /home/raahimnawaz/miniforge3/pkgs/jedi-0.20.0-pyhcf101f3_0
appears to be corrupted. The path 'site-packages/jedi/third_party/typeshed/stubs/python-jose/jose/backends/_asn1.pyi'
specified in the package manifest cannot be found.

CondaVerificationError: The package for jedi located at /home/raahimnawaz/miniforge3/pkgs/jedi-0.20.0-pyhcf101f3_0
appears to be corrupted. The path 'site-packages/jedi/third_party/typeshed/stubs/python-jose/jose/backends/base.pyi'
specified in the package manifest cannot be found.

CondaVerificationError: The package for jedi located at /home/raahimnawaz/miniforge3/pkgs/jedi-0.20.0-pyhcf101f3_0
appears to be corrupted. The path 'site-packages/jedi/third_party/typeshed/stubs/python-jose/jose/backends/cryptography_backend.pyi'
specified in the package manifest cannot be found.

CondaVerificationError: The package for jedi located at /home/raahimnawaz/miniforge3/pkgs/jedi-0.20.0-pyhcf101f3_0
appears to be corrupted. The path 'site-packages/jedi/third_party/typeshed/stubs/python-jose/jose/backends/ecdsa_backend.pyi'
specified in the package manifest cannot be found.

CondaVerificationError: The package for jedi located at /home/raahimnawaz/miniforge3/pkgs/jedi-0.20.0-pyhcf101f3_0
appears to be corrupted. The path 'site-packages/jedi/third_party/typeshed/stubs/python-jose/jose/backends/native.pyi'
specified in the package manifest cannot be found.

CondaVerificationError: The package for jedi located at /home/raahimnawaz/miniforge3/pkgs/jedi-0.20.0-pyhcf101f3_0
appears to be corrupted. The path 'site-packages/jedi/third_party/typeshed/stubs/python-jose/jose/backends/rsa_backend.pyi'
specified in the package manifest cannot be found.

CondaVerificationError: The package for jedi located at /home/raahimnawaz/miniforge3/pkgs/jedi-0.20.0-pyhcf101f3_0
appears to be corrupted. The path 'site-packages/jedi/third_party/typeshed/stubs/python-jose/jose/constants.pyi'
specified in the package manifest cannot be found.

CondaVerificationError: The package for jedi located at /home/raahimnawaz/miniforge3/pkgs/jedi-0.20.0-pyhcf101f3_0
appears to be corrupted. The path 'site-packages/jedi/third_party/typeshed/stubs/python-jose/jose/exceptions.pyi'
specified in the package manifest cannot be found.

CondaVerificationError: The package for jedi located at /home/raahimnawaz/miniforge3/pkgs/jedi-0.20.0-pyhcf101f3_0
appears to be corrupted. The path 'site-packages/jedi/third_party/typeshed/stubs/python-jose/jose/jwe.pyi'
specified in the package manifest cannot be found.

CondaVerificationError: The package for jedi located at /home/raahimnawaz/miniforge3/pkgs/jedi-0.20.0-pyhcf101f3_0
appears to be corrupted. The path 'site-packages/jedi/third_party/typeshed/stubs/python-jose/jose/jwk.pyi'
specified in the package manifest cannot be found.

CondaVerificationError: The package for jedi located at /home/raahimnawaz/miniforge3/pkgs/jedi-0.20.0-pyhcf101f3_0
appears to be corrupted. The path 'site-packages/jedi/third_party/typeshed/stubs/python-jose/jose/jws.pyi'
specified in the package manifest cannot be found.

CondaVerificationError: The package for jedi located at /home/raahimnawaz/miniforge3/pkgs/jedi-0.20.0-pyhcf101f3_0
appears to be corrupted. The path 'site-packages/jedi/third_party/typeshed/stubs/python-jose/jose/jwt.pyi'
specified in the package manifest cannot be found.

CondaVerificationError: The package for jedi located at /home/raahimnawaz/miniforge3/pkgs/jedi-0.20.0-pyhcf101f3_0
appears to be corrupted. The path 'site-packages/jedi/third_party/typeshed/stubs/python-jose/jose/utils.pyi'
specified in the package manifest cannot be found.

CondaVerificationError: The package for jedi located at /home/raahimnawaz/miniforge3/pkgs/jedi-0.20.0-pyhcf101f3_0
appears to be corrupted. The path 'site-packages/jedi/third_party/typeshed/stubs/python-nmap/nmap/__init__.pyi'
specified in the package manifest cannot be found.

CondaVerificationError: The package for jedi located at /home/raahimnawaz/miniforge3/pkgs/jedi-0.20.0-pyhcf101f3_0
appears to be corrupted. The path 'site-packages/jedi/third_party/typeshed/stubs/python-nmap/nmap/nmap.pyi'
specified in the package manifest cannot be found.

CondaVerificationError: The package for jedi located at /home/raahimnawaz/miniforge3/pkgs/jedi-0.20.0-pyhcf101f3_0
appears to be corrupted. The path 'site-packages/jedi/third_party/typeshed/stubs/python-xlib/Xlib/X.pyi'
specified in the package manifest cannot be found.

CondaVerificationError: The package for jedi located at /home/raahimnawaz/miniforge3/pkgs/jedi-0.20.0-pyhcf101f3_0
appears to be corrupted. The path 'site-packages/jedi/third_party/typeshed/stubs/python-xlib/Xlib/XK.pyi'
specified in the package manifest cannot be found.

CondaVerificationError: The package for jedi located at /home/raahimnawaz/miniforge3/pkgs/jedi-0.20.0-pyhcf101f3_0
appears to be corrupted. The path 'site-packages/jedi/third_party/typeshed/stubs/python-xlib/Xlib/Xatom.pyi'
specified in the package manifest cannot be found.

CondaVerificationError: The package for jedi located at /home/raahimnawaz/miniforge3/pkgs/jedi-0.20.0-pyhcf101f3_0
appears to be corrupted. The path 'site-packages/jedi/third_party/typeshed/stubs/python-xlib/Xlib/Xcursorfont.pyi'
specified in the package manifest cannot be found.

CondaVerificationError: The package for jedi located at /home/raahimnawaz/miniforge3/pkgs/jedi-0.20.0-pyhcf101f3_0
appears to be corrupted. The path 'site-packages/jedi/third_party/typeshed/stubs/python-xlib/Xlib/Xutil.pyi'
specified in the package manifest cannot be found.

CondaVerificationError: The package for jedi located at /home/raahimnawaz/miniforge3/pkgs/jedi-0.20.0-pyhcf101f3_0
appears to be corrupted. The path 'site-packages/jedi/third_party/typeshed/stubs/python-xlib/Xlib/__init__.pyi'
specified in the package manifest cannot be found.

CondaVerificationError: The package for jedi located at /home/raahimnawaz/miniforge3/pkgs/jedi-0.20.0-pyhcf101f3_0
appears to be corrupted. The path 'site-packages/jedi/third_party/typeshed/stubs/python-xlib/Xlib/_typing.pyi'
specified in the package manifest cannot be found.

CondaVerificationError: The package for jedi located at /home/raahimnawaz/miniforge3/pkgs/jedi-0.20.0-pyhcf101f3_0
appears to be corrupted. The path 'site-packages/jedi/third_party/typeshed/stubs/python-xlib/Xlib/display.pyi'
specified in the package manifest cannot be found.

CondaVerificationError: The package for jedi located at /home/raahimnawaz/miniforge3/pkgs/jedi-0.20.0-pyhcf101f3_0
appears to be corrupted. The path 'site-packages/jedi/third_party/typeshed/stubs/python-xlib/Xlib/error.pyi'
specified in the package manifest cannot be found.

CondaVerificationError: The package for jedi located at /home/raahimnawaz/miniforge3/pkgs/jedi-0.20.0-pyhcf101f3_0
appears to be corrupted. The path 'site-packages/jedi/third_party/typeshed/stubs/python-xlib/Xlib/ext/__init__.pyi'
specified in the package manifest cannot be found.

CondaVerificationError: The package for jedi located at /home/raahimnawaz/miniforge3/pkgs/jedi-0.20.0-pyhcf101f3_0
appears to be corrupted. The path 'site-packages/jedi/third_party/typeshed/stubs/python-xlib/Xlib/ext/composite.pyi'
specified in the package manifest cannot be found.

CondaVerificationError: The package for jedi located at /home/raahimnawaz/miniforge3/pkgs/jedi-0.20.0-pyhcf101f3_0
appears to be corrupted. The path 'site-packages/jedi/third_party/typeshed/stubs/python-xlib/Xlib/ext/damage.pyi'
specified in the package manifest cannot be found.

CondaVerificationError: The package for jedi located at /home/raahimnawaz/miniforge3/pkgs/jedi-0.20.0-pyhcf101f3_0
appears to be corrupted. The path 'site-packages/jedi/third_party/typeshed/stubs/python-xlib/Xlib/ext/dpms.pyi'
specified in the package manifest cannot be found.

CondaVerificationError: The package for jedi located at /home/raahimnawaz/miniforge3/pkgs/jedi-0.20.0-pyhcf101f3_0
appears to be corrupted. The path 'site-packages/jedi/third_party/typeshed/stubs/python-xlib/Xlib/ext/ge.pyi'
specified in the package manifest cannot be found.

CondaVerificationError: The package for jedi located at /home/raahimnawaz/miniforge3/pkgs/jedi-0.20.0-pyhcf101f3_0
appears to be corrupted. The path 'site-packages/jedi/third_party/typeshed/stubs/python-xlib/Xlib/ext/nvcontrol.pyi'
specified in the package manifest cannot be found.

CondaVerificationError: The package for jedi located at /home/raahimnawaz/miniforge3/pkgs/jedi-0.20.0-pyhcf101f3_0
appears to be corrupted. The path 'site-packages/jedi/third_party/typeshed/stubs/python-xlib/Xlib/ext/randr.pyi'
specified in the package manifest cannot be found.

CondaVerificationError: The package for jedi located at /home/raahimnawaz/miniforge3/pkgs/jedi-0.20.0-pyhcf101f3_0
appears to be corrupted. The path 'site-packages/jedi/third_party/typeshed/stubs/python-xlib/Xlib/ext/record.pyi'
specified in the package manifest cannot be found.

CondaVerificationError: The package for jedi located at /home/raahimnawaz/miniforge3/pkgs/jedi-0.20.0-pyhcf101f3_0
appears to be corrupted. The path 'site-packages/jedi/third_party/typeshed/stubs/python-xlib/Xlib/ext/res.pyi'
specified in the package manifest cannot be found.

CondaVerificationError: The package for jedi located at /home/raahimnawaz/miniforge3/pkgs/jedi-0.20.0-pyhcf101f3_0
appears to be corrupted. The path 'site-packages/jedi/third_party/typeshed/stubs/python-xlib/Xlib/ext/screensaver.pyi'
specified in the package manifest cannot be found.

CondaVerificationError: The package for jedi located at /home/raahimnawaz/miniforge3/pkgs/jedi-0.20.0-pyhcf101f3_0
appears to be corrupted. The path 'site-packages/jedi/third_party/typeshed/stubs/python-xlib/Xlib/ext/security.pyi'
specified in the package manifest cannot be found.

CondaVerificationError: The package for jedi located at /home/raahimnawaz/miniforge3/pkgs/jedi-0.20.0-pyhcf101f3_0
appears to be corrupted. The path 'site-packages/jedi/third_party/typeshed/stubs/python-xlib/Xlib/ext/shape.pyi'
specified in the package manifest cannot be found.

CondaVerificationError: The package for jedi located at /home/raahimnawaz/miniforge3/pkgs/jedi-0.20.0-pyhcf101f3_0
appears to be corrupted. The path 'site-packages/jedi/third_party/typeshed/stubs/python-xlib/Xlib/ext/xfixes.pyi'
specified in the package manifest cannot be found.

CondaVerificationError: The package for jedi located at /home/raahimnawaz/miniforge3/pkgs/jedi-0.20.0-pyhcf101f3_0
appears to be corrupted. The path 'site-packages/jedi/third_party/typeshed/stubs/python-xlib/Xlib/ext/xinerama.pyi'
specified in the package manifest cannot be found.

CondaVerificationError: The package for jedi located at /home/raahimnawaz/miniforge3/pkgs/jedi-0.20.0-pyhcf101f3_0
appears to be corrupted. The path 'site-packages/jedi/third_party/typeshed/stubs/python-xlib/Xlib/ext/xinput.pyi'
specified in the package manifest cannot be found.

CondaVerificationError: The package for jedi located at /home/raahimnawaz/miniforge3/pkgs/jedi-0.20.0-pyhcf101f3_0
appears to be corrupted. The path 'site-packages/jedi/third_party/typeshed/stubs/python-xlib/Xlib/ext/xtest.pyi'
specified in the package manifest cannot be found.

CondaVerificationError: The package for jedi located at /home/raahimnawaz/miniforge3/pkgs/jedi-0.20.0-pyhcf101f3_0
appears to be corrupted. The path 'site-packages/jedi/third_party/typeshed/stubs/python-xlib/Xlib/keysymdef/__init__.pyi'
specified in the package manifest cannot be found.

CondaVerificationError: The package for jedi located at /home/raahimnawaz/miniforge3/pkgs/jedi-0.20.0-pyhcf101f3_0
appears to be corrupted. The path 'site-packages/jedi/third_party/typeshed/stubs/python-xlib/Xlib/keysymdef/apl.pyi'
specified in the package manifest cannot be found.

CondaVerificationError: The package for jedi located at /home/raahimnawaz/miniforge3/pkgs/jedi-0.20.0-pyhcf101f3_0
appears to be corrupted. The path 'site-packages/jedi/third_party/typeshed/stubs/python-xlib/Xlib/keysymdef/arabic.pyi'
specified in the package manifest cannot be found.

CondaVerificationError: The package for jedi located at /home/raahimnawaz/miniforge3/pkgs/jedi-0.20.0-pyhcf101f3_0
appears to be corrupted. The path 'site-packages/jedi/third_party/typeshed/stubs/python-xlib/Xlib/keysymdef/cyrillic.pyi'
specified in the package manifest cannot be found.

CondaVerificationError: The package for jedi located at /home/raahimnawaz/miniforge3/pkgs/jedi-0.20.0-pyhcf101f3_0
appears to be corrupted. The path 'site-packages/jedi/third_party/typeshed/stubs/python-xlib/Xlib/keysymdef/greek.pyi'
specified in the package manifest cannot be found.

CondaVerificationError: The package for jedi located at /home/raahimnawaz/miniforge3/pkgs/jedi-0.20.0-pyhcf101f3_0
appears to be corrupted. The path 'site-packages/jedi/third_party/typeshed/stubs/python-xlib/Xlib/keysymdef/hebrew.pyi'
specified in the package manifest cannot be found.

CondaVerificationError: The package for jedi located at /home/raahimnawaz/miniforge3/pkgs/jedi-0.20.0-pyhcf101f3_0
appears to be corrupted. The path 'site-packages/jedi/third_party/typeshed/stubs/python-xlib/Xlib/keysymdef/katakana.pyi'
specified in the package manifest cannot be found.

CondaVerificationError: The package for jedi located at /home/raahimnawaz/miniforge3/pkgs/jedi-0.20.0-pyhcf101f3_0
appears to be corrupted. The path 'site-packages/jedi/third_party/typeshed/stubs/python-xlib/Xlib/keysymdef/korean.pyi'
specified in the package manifest cannot be found.

CondaVerificationError: The package for jedi located at /home/raahimnawaz/miniforge3/pkgs/jedi-0.20.0-pyhcf101f3_0
appears to be corrupted. The path 'site-packages/jedi/third_party/typeshed/stubs/python-xlib/Xlib/keysymdef/latin1.pyi'
specified in the package manifest cannot be found.

CondaVerificationError: The package for jedi located at /home/raahimnawaz/miniforge3/pkgs/jedi-0.20.0-pyhcf101f3_0
appears to be corrupted. The path 'site-packages/jedi/third_party/typeshed/stubs/python-xlib/Xlib/keysymdef/latin2.pyi'
specified in the package manifest cannot be found.

CondaVerificationError: The package for jedi located at /home/raahimnawaz/miniforge3/pkgs/jedi-0.20.0-pyhcf101f3_0
appears to be corrupted. The path 'site-packages/jedi/third_party/typeshed/stubs/python-xlib/Xlib/keysymdef/latin3.pyi'
specified in the package manifest cannot be found.

CondaVerificationError: The package for jedi located at /home/raahimnawaz/miniforge3/pkgs/jedi-0.20.0-pyhcf101f3_0
appears to be corrupted. The path 'site-packages/jedi/third_party/typeshed/stubs/python-xlib/Xlib/keysymdef/latin4.pyi'
specified in the package manifest cannot be found.

CondaVerificationError: The package for jedi located at /home/raahimnawaz/miniforge3/pkgs/jedi-0.20.0-pyhcf101f3_0
appears to be corrupted. The path 'site-packages/jedi/third_party/typeshed/stubs/python-xlib/Xlib/keysymdef/miscellany.pyi'
specified in the package manifest cannot be found.

CondaVerificationError: The package for jedi located at /home/raahimnawaz/miniforge3/pkgs/jedi-0.20.0-pyhcf101f3_0
appears to be corrupted. The path 'site-packages/jedi/third_party/typeshed/stubs/python-xlib/Xlib/keysymdef/publishing.pyi'
specified in the package manifest cannot be found.

CondaVerificationError: The package for jedi located at /home/raahimnawaz/miniforge3/pkgs/jedi-0.20.0-pyhcf101f3_0
appears to be corrupted. The path 'site-packages/jedi/third_party/typeshed/stubs/python-xlib/Xlib/keysymdef/special.pyi'
specified in the package manifest cannot be found.

CondaVerificationError: The package for jedi located at /home/raahimnawaz/miniforge3/pkgs/jedi-0.20.0-pyhcf101f3_0
appears to be corrupted. The path 'site-packages/jedi/third_party/typeshed/stubs/python-xlib/Xlib/keysymdef/technical.pyi'
specified in the package manifest cannot be found.

CondaVerificationError: The package for jedi located at /home/raahimnawaz/miniforge3/pkgs/jedi-0.20.0-pyhcf101f3_0
appears to be corrupted. The path 'site-packages/jedi/third_party/typeshed/stubs/python-xlib/Xlib/keysymdef/thai.pyi'
specified in the package manifest cannot be found.

CondaVerificationError: The package for jedi located at /home/raahimnawaz/miniforge3/pkgs/jedi-0.20.0-pyhcf101f3_0
appears to be corrupted. The path 'site-packages/jedi/third_party/typeshed/stubs/python-xlib/Xlib/keysymdef/xf86.pyi'
specified in the package manifest cannot be found.

CondaVerificationError: The package for jedi located at /home/raahimnawaz/miniforge3/pkgs/jedi-0.20.0-pyhcf101f3_0
appears to be corrupted. The path 'site-packages/jedi/third_party/typeshed/stubs/python-xlib/Xlib/keysymdef/xk3270.pyi'
specified in the package manifest cannot be found.

CondaVerificationError: The package for jedi located at /home/raahimnawaz/miniforge3/pkgs/jedi-0.20.0-pyhcf101f3_0
appears to be corrupted. The path 'site-packages/jedi/third_party/typeshed/stubs/python-xlib/Xlib/keysymdef/xkb.pyi'
specified in the package manifest cannot be found.

CondaVerificationError: The package for jedi located at /home/raahimnawaz/miniforge3/pkgs/jedi-0.20.0-pyhcf101f3_0
appears to be corrupted. The path 'site-packages/jedi/third_party/typeshed/stubs/python-xlib/Xlib/protocol/__init__.pyi'
specified in the package manifest cannot be found.

CondaVerificationError: The package for jedi located at /home/raahimnawaz/miniforge3/pkgs/jedi-0.20.0-pyhcf101f3_0
appears to be corrupted. The path 'site-packages/jedi/third_party/typeshed/stubs/python-xlib/Xlib/protocol/display.pyi'
specified in the package manifest cannot be found.

CondaVerificationError: The package for jedi located at /home/raahimnawaz/miniforge3/pkgs/jedi-0.20.0-pyhcf101f3_0
appears to be corrupted. The path 'site-packages/jedi/third_party/typeshed/stubs/python-xlib/Xlib/protocol/event.pyi'
specified in the package manifest cannot be found.

CondaVerificationError: The package for jedi located at /home/raahimnawaz/miniforge3/pkgs/jedi-0.20.0-pyhcf101f3_0
appears to be corrupted. The path 'site-packages/jedi/third_party/typeshed/stubs/python-xlib/Xlib/protocol/request.pyi'
specified in the package manifest cannot be found.

CondaVerificationError: The package for jedi located at /home/raahimnawaz/miniforge3/pkgs/jedi-0.20.0-pyhcf101f3_0
appears to be corrupted. The path 'site-packages/jedi/third_party/typeshed/stubs/python-xlib/Xlib/protocol/rq.pyi'
specified in the package manifest cannot be found.

CondaVerificationError: The package for jedi located at /home/raahimnawaz/miniforge3/pkgs/jedi-0.20.0-pyhcf101f3_0
appears to be corrupted. The path 'site-packages/jedi/third_party/typeshed/stubs/python-xlib/Xlib/protocol/structs.pyi'
specified in the package manifest cannot be found.

CondaVerificationError: The package for jedi located at /home/raahimnawaz/miniforge3/pkgs/jedi-0.20.0-pyhcf101f3_0
appears to be corrupted. The path 'site-packages/jedi/third_party/typeshed/stubs/python-xlib/Xlib/rdb.pyi'
specified in the package manifest cannot be found.

CondaVerificationError: The package for jedi located at /home/raahimnawaz/miniforge3/pkgs/jedi-0.20.0-pyhcf101f3_0
appears to be corrupted. The path 'site-packages/jedi/third_party/typeshed/stubs/python-xlib/Xlib/support/__init__.pyi'
specified in the package manifest cannot be found.

CondaVerificationError: The package for jedi located at /home/raahimnawaz/miniforge3/pkgs/jedi-0.20.0-pyhcf101f3_0
appears to be corrupted. The path 'site-packages/jedi/third_party/typeshed/stubs/python-xlib/Xlib/support/connect.pyi'
specified in the package manifest cannot be found.

CondaVerificationError: The package for jedi located at /home/raahimnawaz/miniforge3/pkgs/jedi-0.20.0-pyhcf101f3_0
appears to be corrupted. The path 'site-packages/jedi/third_party/typeshed/stubs/python-xlib/Xlib/support/lock.pyi'
specified in the package manifest cannot be found.

CondaVerificationError: The package for jedi located at /home/raahimnawaz/miniforge3/pkgs/jedi-0.20.0-pyhcf101f3_0
appears to be corrupted. The path 'site-packages/jedi/third_party/typeshed/stubs/python-xlib/Xlib/support/unix_connect.pyi'
specified in the package manifest cannot be found.

CondaVerificationError: The package for jedi located at /home/raahimnawaz/miniforge3/pkgs/jedi-0.20.0-pyhcf101f3_0
appears to be corrupted. The path 'site-packages/jedi/third_party/typeshed/stubs/python-xlib/Xlib/support/vms_connect.pyi'
specified in the package manifest cannot be found.

CondaVerificationError: The package for jedi located at /home/raahimnawaz/miniforge3/pkgs/jedi-0.20.0-pyhcf101f3_0
appears to be corrupted. The path 'site-packages/jedi/third_party/typeshed/stubs/python-xlib/Xlib/threaded.pyi'
specified in the package manifest cannot be found.

CondaVerificationError: The package for jedi located at /home/raahimnawaz/miniforge3/pkgs/jedi-0.20.0-pyhcf101f3_0
appears to be corrupted. The path 'site-packages/jedi/third_party/typeshed/stubs/python-xlib/Xlib/xauth.pyi'
specified in the package manifest cannot be found.

CondaVerificationError: The package for jedi located at /home/raahimnawaz/miniforge3/pkgs/jedi-0.20.0-pyhcf101f3_0
appears to be corrupted. The path 'site-packages/jedi/third_party/typeshed/stubs/python-xlib/Xlib/xobject/__init__.pyi'
specified in the package manifest cannot be found.

CondaVerificationError: The package for jedi located at /home/raahimnawaz/miniforge3/pkgs/jedi-0.20.0-pyhcf101f3_0
appears to be corrupted. The path 'site-packages/jedi/third_party/typeshed/stubs/python-xlib/Xlib/xobject/colormap.pyi'
specified in the package manifest cannot be found.

CondaVerificationError: The package for jedi located at /home/raahimnawaz/miniforge3/pkgs/jedi-0.20.0-pyhcf101f3_0
appears to be corrupted. The path 'site-packages/jedi/third_party/typeshed/stubs/python-xlib/Xlib/xobject/cursor.pyi'
specified in the package manifest cannot be found.

CondaVerificationError: The package for jedi located at /home/raahimnawaz/miniforge3/pkgs/jedi-0.20.0-pyhcf101f3_0
appears to be corrupted. The path 'site-packages/jedi/third_party/typeshed/stubs/python-xlib/Xlib/xobject/drawable.pyi'
specified in the package manifest cannot be found.

CondaVerificationError: The package for jedi located at /home/raahimnawaz/miniforge3/pkgs/jedi-0.20.0-pyhcf101f3_0
appears to be corrupted. The path 'site-packages/jedi/third_party/typeshed/stubs/python-xlib/Xlib/xobject/fontable.pyi'
specified in the package manifest cannot be found.

CondaVerificationError: The package for jedi located at /home/raahimnawaz/miniforge3/pkgs/jedi-0.20.0-pyhcf101f3_0
appears to be corrupted. The path 'site-packages/jedi/third_party/typeshed/stubs/python-xlib/Xlib/xobject/icccm.pyi'
specified in the package manifest cannot be found.

CondaVerificationError: The package for jedi located at /home/raahimnawaz/miniforge3/pkgs/jedi-0.20.0-pyhcf101f3_0
appears to be corrupted. The path 'site-packages/jedi/third_party/typeshed/stubs/python-xlib/Xlib/xobject/resource.pyi'
specified in the package manifest cannot be found.

CondaVerificationError: The package for jedi located at /home/raahimnawaz/miniforge3/pkgs/jedi-0.20.0-pyhcf101f3_0
appears to be corrupted. The path 'site-packages/jedi/third_party/typeshed/stubs/pytz/pytz/__init__.pyi'
specified in the package manifest cannot be found.

CondaVerificationError: The package for jedi located at /home/raahimnawaz/miniforge3/pkgs/jedi-0.20.0-pyhcf101f3_0
appears to be corrupted. The path 'site-packages/jedi/third_party/typeshed/stubs/pytz/pytz/exceptions.pyi'
specified in the package manifest cannot be found.

CondaVerificationError: The package for jedi located at /home/raahimnawaz/miniforge3/pkgs/jedi-0.20.0-pyhcf101f3_0
appears to be corrupted. The path 'site-packages/jedi/third_party/typeshed/stubs/pytz/pytz/lazy.pyi'
specified in the package manifest cannot be found.

CondaVerificationError: The package for jedi located at /home/raahimnawaz/miniforge3/pkgs/jedi-0.20.0-pyhcf101f3_0
appears to be corrupted. The path 'site-packages/jedi/third_party/typeshed/stubs/pytz/pytz/reference.pyi'
specified in the package manifest cannot be found.

CondaVerificationError: The package for jedi located at /home/raahimnawaz/miniforge3/pkgs/jedi-0.20.0-pyhcf101f3_0
appears to be corrupted. The path 'site-packages/jedi/third_party/typeshed/stubs/pytz/pytz/tzfile.pyi'
specified in the package manifest cannot be found.

CondaVerificationError: The package for jedi located at /home/raahimnawaz/miniforge3/pkgs/jedi-0.20.0-pyhcf101f3_0
appears to be corrupted. The path 'site-packages/jedi/third_party/typeshed/stubs/pytz/pytz/tzinfo.pyi'
specified in the package manifest cannot be found.

CondaVerificationError: The package for jedi located at /home/raahimnawaz/miniforge3/pkgs/jedi-0.20.0-pyhcf101f3_0
appears to be corrupted. The path 'site-packages/jedi/third_party/typeshed/stubs/pywin32/_win32typing.pyi'
specified in the package manifest cannot be found.

CondaVerificationError: The package for jedi located at /home/raahimnawaz/miniforge3/pkgs/jedi-0.20.0-pyhcf101f3_0
appears to be corrupted. The path 'site-packages/jedi/third_party/typeshed/stubs/pywin32/commctrl.pyi'
specified in the package manifest cannot be found.

CondaVerificationError: The package for jedi located at /home/raahimnawaz/miniforge3/pkgs/jedi-0.20.0-pyhcf101f3_0
appears to be corrupted. The path 'site-packages/jedi/third_party/typeshed/stubs/pywin32/dde.pyi'
specified in the package manifest cannot be found.

CondaVerificationError: The package for jedi located at /home/raahimnawaz/miniforge3/pkgs/jedi-0.20.0-pyhcf101f3_0
appears to be corrupted. The path 'site-packages/jedi/third_party/typeshed/stubs/pywin32/isapi/__init__.pyi'
specified in the package manifest cannot be found.

CondaVerificationError: The package for jedi located at /home/raahimnawaz/miniforge3/pkgs/jedi-0.20.0-pyhcf101f3_0
appears to be corrupted. The path 'site-packages/jedi/third_party/typeshed/stubs/pywin32/isapi/install.pyi'
specified in the package manifest cannot be found.

CondaVerificationError: The package for jedi located at /home/raahimnawaz/miniforge3/pkgs/jedi-0.20.0-pyhcf101f3_0
appears to be corrupted. The path 'site-packages/jedi/third_party/typeshed/stubs/pywin32/isapi/isapicon.pyi'
specified in the package manifest cannot be found.

CondaVerificationError: The package for jedi located at /home/raahimnawaz/miniforge3/pkgs/jedi-0.20.0-pyhcf101f3_0
appears to be corrupted. The path 'site-packages/jedi/third_party/typeshed/stubs/pywin32/isapi/simple.pyi'
specified in the package manifest cannot be found.

CondaVerificationError: The package for jedi located at /home/raahimnawaz/miniforge3/pkgs/jedi-0.20.0-pyhcf101f3_0
appears to be corrupted. The path 'site-packages/jedi/third_party/typeshed/stubs/pywin32/isapi/threaded_extension.pyi'
specified in the package manifest cannot be found.

CondaVerificationError: The package for jedi located at /home/raahimnawaz/miniforge3/pkgs/jedi-0.20.0-pyhcf101f3_0
appears to be corrupted. The path 'site-packages/jedi/third_party/typeshed/stubs/pywin32/mmapfile.pyi'
specified in the package manifest cannot be found.

CondaVerificationError: The package for jedi located at /home/raahimnawaz/miniforge3/pkgs/jedi-0.20.0-pyhcf101f3_0
appears to be corrupted. The path 'site-packages/jedi/third_party/typeshed/stubs/pywin32/mmsystem.pyi'
specified in the package manifest cannot be found.

CondaVerificationError: The package for jedi located at /home/raahimnawaz/miniforge3/pkgs/jedi-0.20.0-pyhcf101f3_0
appears to be corrupted. The path 'site-packages/jedi/third_party/typeshed/stubs/pywin32/ntsecuritycon.pyi'
specified in the package manifest cannot be found.

CondaVerificationError: The package for jedi located at /home/raahimnawaz/miniforge3/pkgs/jedi-0.20.0-pyhcf101f3_0
appears to be corrupted. The path 'site-packages/jedi/third_party/typeshed/stubs/pywin32/odbc.pyi'
specified in the package manifest cannot be found.

CondaVerificationError: The package for jedi located at /home/raahimnawaz/miniforge3/pkgs/jedi-0.20.0-pyhcf101f3_0
appears to be corrupted. The path 'site-packages/jedi/third_party/typeshed/stubs/pywin32/perfmon.pyi'
specified in the package manifest cannot be found.

CondaVerificationError: The package for jedi located at /home/raahimnawaz/miniforge3/pkgs/jedi-0.20.0-pyhcf101f3_0
appears to be corrupted. The path 'site-packages/jedi/third_party/typeshed/stubs/pywin32/pythoncom.pyi'
specified in the package manifest cannot be found.

CondaVerificationError: The package for jedi located at /home/raahimnawaz/miniforge3/pkgs/jedi-0.20.0-pyhcf101f3_0
appears to be corrupted. The path 'site-packages/jedi/third_party/typeshed/stubs/pywin32/pythonwin/__init__.pyi'
specified in the package manifest cannot be found.

CondaVerificationError: The package for jedi located at /home/raahimnawaz/miniforge3/pkgs/jedi-0.20.0-pyhcf101f3_0
appears to be corrupted. The path 'site-packages/jedi/third_party/typeshed/stubs/pywin32/pythonwin/dde.pyi'
specified in the package manifest cannot be found.

CondaVerificationError: The package for jedi located at /home/raahimnawaz/miniforge3/pkgs/jedi-0.20.0-pyhcf101f3_0
appears to be corrupted. The path 'site-packages/jedi/third_party/typeshed/stubs/pywin32/pythonwin/win32ui.pyi'
specified in the package manifest cannot be found.

CondaVerificationError: The package for jedi located at /home/raahimnawaz/miniforge3/pkgs/jedi-0.20.0-pyhcf101f3_0
appears to be corrupted. The path 'site-packages/jedi/third_party/typeshed/stubs/pywin32/pythonwin/win32uiole.pyi'
specified in the package manifest cannot be found.

CondaVerificationError: The package for jedi located at /home/raahimnawaz/miniforge3/pkgs/jedi-0.20.0-pyhcf101f3_0
appears to be corrupted. The path 'site-packages/jedi/third_party/typeshed/stubs/pywin32/pywintypes.pyi'
specified in the package manifest cannot be found.

CondaVerificationError: The package for jedi located at /home/raahimnawaz/miniforge3/pkgs/jedi-0.20.0-pyhcf101f3_0
appears to be corrupted. The path 'site-packages/jedi/third_party/typeshed/stubs/pywin32/regutil.pyi'
specified in the package manifest cannot be found.

CondaVerificationError: The package for jedi located at /home/raahimnawaz/miniforge3/pkgs/jedi-0.20.0-pyhcf101f3_0
appears to be corrupted. The path 'site-packages/jedi/third_party/typeshed/stubs/pywin32/servicemanager.pyi'
specified in the package manifest cannot be found.

CondaVerificationError: The package for jedi located at /home/raahimnawaz/miniforge3/pkgs/jedi-0.20.0-pyhcf101f3_0
appears to be corrupted. The path 'site-packages/jedi/third_party/typeshed/stubs/pywin32/sspicon.pyi'
specified in the package manifest cannot be found.

CondaVerificationError: The package for jedi located at /home/raahimnawaz/miniforge3/pkgs/jedi-0.20.0-pyhcf101f3_0
appears to be corrupted. The path 'site-packages/jedi/third_party/typeshed/stubs/pywin32/timer.pyi'
specified in the package manifest cannot be found.

CondaVerificationError: The package for jedi located at /home/raahimnawaz/miniforge3/pkgs/jedi-0.20.0-pyhcf101f3_0
appears to be corrupted. The path 'site-packages/jedi/third_party/typeshed/stubs/pywin32/win2kras.pyi'
specified in the package manifest cannot be found.

CondaVerificationError: The package for jedi located at /home/raahimnawaz/miniforge3/pkgs/jedi-0.20.0-pyhcf101f3_0
appears to be corrupted. The path 'site-packages/jedi/third_party/typeshed/stubs/pywin32/win32/__init__.pyi'
specified in the package manifest cannot be found.

CondaVerificationError: The package for jedi located at /home/raahimnawaz/miniforge3/pkgs/jedi-0.20.0-pyhcf101f3_0
appears to be corrupted. The path 'site-packages/jedi/third_party/typeshed/stubs/pywin32/win32/lib/__init__.pyi'
specified in the package manifest cannot be found.

CondaVerificationError: The package for jedi located at /home/raahimnawaz/miniforge3/pkgs/jedi-0.20.0-pyhcf101f3_0
appears to be corrupted. The path 'site-packages/jedi/third_party/typeshed/stubs/pywin32/win32/lib/commctrl.pyi'
specified in the package manifest cannot be found.

CondaVerificationError: The package for jedi located at /home/raahimnawaz/miniforge3/pkgs/jedi-0.20.0-pyhcf101f3_0
appears to be corrupted. The path 'site-packages/jedi/third_party/typeshed/stubs/pywin32/win32/lib/mmsystem.pyi'
specified in the package manifest cannot be found.

CondaVerificationError: The package for jedi located at /home/raahimnawaz/miniforge3/pkgs/jedi-0.20.0-pyhcf101f3_0
appears to be corrupted. The path 'site-packages/jedi/third_party/typeshed/stubs/pywin32/win32/lib/ntsecuritycon.pyi'
specified in the package manifest cannot be found.

CondaVerificationError: The package for jedi located at /home/raahimnawaz/miniforge3/pkgs/jedi-0.20.0-pyhcf101f3_0
appears to be corrupted. The path 'site-packages/jedi/third_party/typeshed/stubs/pywin32/win32/lib/pywintypes.pyi'
specified in the package manifest cannot be found.

CondaVerificationError: The package for jedi located at /home/raahimnawaz/miniforge3/pkgs/jedi-0.20.0-pyhcf101f3_0
appears to be corrupted. The path 'site-packages/jedi/third_party/typeshed/stubs/pywin32/win32/lib/regutil.pyi'
specified in the package manifest cannot be found.

CondaVerificationError: The package for jedi located at /home/raahimnawaz/miniforge3/pkgs/jedi-0.20.0-pyhcf101f3_0
appears to be corrupted. The path 'site-packages/jedi/third_party/typeshed/stubs/pywin32/win32/lib/sspicon.pyi'
specified in the package manifest cannot be found.

CondaVerificationError: The package for jedi located at /home/raahimnawaz/miniforge3/pkgs/jedi-0.20.0-pyhcf101f3_0
appears to be corrupted. The path 'site-packages/jedi/third_party/typeshed/stubs/pywin32/win32/lib/win2kras.pyi'
specified in the package manifest cannot be found.

CondaVerificationError: The package for jedi located at /home/raahimnawaz/miniforge3/pkgs/jedi-0.20.0-pyhcf101f3_0
appears to be corrupted. The path 'site-packages/jedi/third_party/typeshed/stubs/pywin32/win32/lib/win32con.pyi'
specified in the package manifest cannot be found.

CondaVerificationError: The package for jedi located at /home/raahimnawaz/miniforge3/pkgs/jedi-0.20.0-pyhcf101f3_0
appears to be corrupted. The path 'site-packages/jedi/third_party/typeshed/stubs/pywin32/win32/lib/win32cryptcon.pyi'
specified in the package manifest cannot be found.

CondaVerificationError: The package for jedi located at /home/raahimnawaz/miniforge3/pkgs/jedi-0.20.0-pyhcf101f3_0
appears to be corrupted. The path 'site-packages/jedi/third_party/typeshed/stubs/pywin32/win32/lib/win32evtlogutil.pyi'
specified in the package manifest cannot be found.

CondaVerificationError: The package for jedi located at /home/raahimnawaz/miniforge3/pkgs/jedi-0.20.0-pyhcf101f3_0
appears to be corrupted. The path 'site-packages/jedi/third_party/typeshed/stubs/pywin32/win32/lib/win32gui_struct.pyi'
specified in the package manifest cannot be found.

CondaVerificationError: The package for jedi located at /home/raahimnawaz/miniforge3/pkgs/jedi-0.20.0-pyhcf101f3_0
appears to be corrupted. The path 'site-packages/jedi/third_party/typeshed/stubs/pywin32/win32/lib/win32inetcon.pyi'
specified in the package manifest cannot be found.

CondaVerificationError: The package for jedi located at /home/raahimnawaz/miniforge3/pkgs/jedi-0.20.0-pyhcf101f3_0
appears to be corrupted. The path 'site-packages/jedi/third_party/typeshed/stubs/pywin32/win32/lib/win32netcon.pyi'
specified in the package manifest cannot be found.

CondaVerificationError: The package for jedi located at /home/raahimnawaz/miniforge3/pkgs/jedi-0.20.0-pyhcf101f3_0
appears to be corrupted. The path 'site-packages/jedi/third_party/typeshed/stubs/pywin32/win32/lib/win32pdhquery.pyi'
specified in the package manifest cannot be found.

CondaVerificationError: The package for jedi located at /home/raahimnawaz/miniforge3/pkgs/jedi-0.20.0-pyhcf101f3_0
appears to be corrupted. The path 'site-packages/jedi/third_party/typeshed/stubs/pywin32/win32/lib/win32serviceutil.pyi'
specified in the package manifest cannot be found.

CondaVerificationError: The package for jedi located at /home/raahimnawaz/miniforge3/pkgs/jedi-0.20.0-pyhcf101f3_0
appears to be corrupted. The path 'site-packages/jedi/third_party/typeshed/stubs/pywin32/win32/lib/win32timezone.pyi'
specified in the package manifest cannot be found.

CondaVerificationError: The package for jedi located at /home/raahimnawaz/miniforge3/pkgs/jedi-0.20.0-pyhcf101f3_0
appears to be corrupted. The path 'site-packages/jedi/third_party/typeshed/stubs/pywin32/win32/lib/win32verstamp.pyi'
specified in the package manifest cannot be found.

CondaVerificationError: The package for jedi located at /home/raahimnawaz/miniforge3/pkgs/jedi-0.20.0-pyhcf101f3_0
appears to be corrupted. The path 'site-packages/jedi/third_party/typeshed/stubs/pywin32/win32/lib/winerror.pyi'
specified in the package manifest cannot be found.

CondaVerificationError: The package for jedi located at /home/raahimnawaz/miniforge3/pkgs/jedi-0.20.0-pyhcf101f3_0
appears to be corrupted. The path 'site-packages/jedi/third_party/typeshed/stubs/pywin32/win32/lib/winioctlcon.pyi'
specified in the package manifest cannot be found.

CondaVerificationError: The package for jedi located at /home/raahimnawaz/miniforge3/pkgs/jedi-0.20.0-pyhcf101f3_0
appears to be corrupted. The path 'site-packages/jedi/third_party/typeshed/stubs/pywin32/win32/lib/winnt.pyi'
specified in the package manifest cannot be found.

CondaVerificationError: The package for jedi located at /home/raahimnawaz/miniforge3/pkgs/jedi-0.20.0-pyhcf101f3_0
appears to be corrupted. The path 'site-packages/jedi/third_party/typeshed/stubs/pywin32/win32/lib/winperf.pyi'
specified in the package manifest cannot be found.

CondaVerificationError: The package for jedi located at /home/raahimnawaz/miniforge3/pkgs/jedi-0.20.0-pyhcf101f3_0
appears to be corrupted. The path 'site-packages/jedi/third_party/typeshed/stubs/pywin32/win32/lib/winxptheme.pyi'
specified in the package manifest cannot be found.

CondaVerificationError: The package for jedi located at /home/raahimnawaz/miniforge3/pkgs/jedi-0.20.0-pyhcf101f3_0
appears to be corrupted. The path 'site-packages/jedi/third_party/typeshed/stubs/pywin32/win32/mmapfile.pyi'
specified in the package manifest cannot be found.

CondaVerificationError: The package for jedi located at /home/raahimnawaz/miniforge3/pkgs/jedi-0.20.0-pyhcf101f3_0
appears to be corrupted. The path 'site-packages/jedi/third_party/typeshed/stubs/pywin32/win32/odbc.pyi'
specified in the package manifest cannot be found.

CondaVerificationError: The package for jedi located at /home/raahimnawaz/miniforge3/pkgs/jedi-0.20.0-pyhcf101f3_0
appears to be corrupted. The path 'site-packages/jedi/third_party/typeshed/stubs/pywin32/win32/perfmon.pyi'
specified in the package manifest cannot be found.

CondaVerificationError: The package for jedi located at /home/raahimnawaz/miniforge3/pkgs/jedi-0.20.0-pyhcf101f3_0
appears to be corrupted. The path 'site-packages/jedi/third_party/typeshed/stubs/pywin32/win32/servicemanager.pyi'
specified in the package manifest cannot be found.

CondaVerificationError: The package for jedi located at /home/raahimnawaz/miniforge3/pkgs/jedi-0.20.0-pyhcf101f3_0
appears to be corrupted. The path 'site-packages/jedi/third_party/typeshed/stubs/pywin32/win32/timer.pyi'
specified in the package manifest cannot be found.

CondaVerificationError: The package for jedi located at /home/raahimnawaz/miniforge3/pkgs/jedi-0.20.0-pyhcf101f3_0
appears to be corrupted. The path 'site-packages/jedi/third_party/typeshed/stubs/pywin32/win32/win32api.pyi'
specified in the package manifest cannot be found.

CondaVerificationError: The package for jedi located at /home/raahimnawaz/miniforge3/pkgs/jedi-0.20.0-pyhcf101f3_0
appears to be corrupted. The path 'site-packages/jedi/third_party/typeshed/stubs/pywin32/win32/win32clipboard.pyi'
specified in the package manifest cannot be found.

CondaVerificationError: The package for jedi located at /home/raahimnawaz/miniforge3/pkgs/jedi-0.20.0-pyhcf101f3_0
appears to be corrupted. The path 'site-packages/jedi/third_party/typeshed/stubs/pywin32/win32/win32console.pyi'
specified in the package manifest cannot be found.

CondaVerificationError: The package for jedi located at /home/raahimnawaz/miniforge3/pkgs/jedi-0.20.0-pyhcf101f3_0
appears to be corrupted. The path 'site-packages/jedi/third_party/typeshed/stubs/pywin32/win32/win32cred.pyi'
specified in the package manifest cannot be found.

CondaVerificationError: The package for jedi located at /home/raahimnawaz/miniforge3/pkgs/jedi-0.20.0-pyhcf101f3_0
appears to be corrupted. The path 'site-packages/jedi/third_party/typeshed/stubs/pywin32/win32/win32crypt.pyi'
specified in the package manifest cannot be found.

CondaVerificationError: The package for jedi located at /home/raahimnawaz/miniforge3/pkgs/jedi-0.20.0-pyhcf101f3_0
appears to be corrupted. The path 'site-packages/jedi/third_party/typeshed/stubs/pywin32/win32/win32event.pyi'
specified in the package manifest cannot be found.

CondaVerificationError: The package for jedi located at /home/raahimnawaz/miniforge3/pkgs/jedi-0.20.0-pyhcf101f3_0
appears to be corrupted. The path 'site-packages/jedi/third_party/typeshed/stubs/pywin32/win32/win32evtlog.pyi'
specified in the package manifest cannot be found.

CondaVerificationError: The package for jedi located at /home/raahimnawaz/miniforge3/pkgs/jedi-0.20.0-pyhcf101f3_0
appears to be corrupted. The path 'site-packages/jedi/third_party/typeshed/stubs/pywin32/win32/win32file.pyi'
specified in the package manifest cannot be found.

CondaVerificationError: The package for jedi located at /home/raahimnawaz/miniforge3/pkgs/jedi-0.20.0-pyhcf101f3_0
appears to be corrupted. The path 'site-packages/jedi/third_party/typeshed/stubs/pywin32/win32/win32gui.pyi'
specified in the package manifest cannot be found.

CondaVerificationError: The package for jedi located at /home/raahimnawaz/miniforge3/pkgs/jedi-0.20.0-pyhcf101f3_0
appears to be corrupted. The path 'site-packages/jedi/third_party/typeshed/stubs/pywin32/win32/win32help.pyi'
specified in the package manifest cannot be found.

CondaVerificationError: The package for jedi located at /home/raahimnawaz/miniforge3/pkgs/jedi-0.20.0-pyhcf101f3_0
appears to be corrupted. The path 'site-packages/jedi/third_party/typeshed/stubs/pywin32/win32/win32inet.pyi'
specified in the package manifest cannot be found.

CondaVerificationError: The package for jedi located at /home/raahimnawaz/miniforge3/pkgs/jedi-0.20.0-pyhcf101f3_0
appears to be corrupted. The path 'site-packages/jedi/third_party/typeshed/stubs/pywin32/win32/win32job.pyi'
specified in the package manifest cannot be found.

CondaVerificationError: The package for jedi located at /home/raahimnawaz/miniforge3/pkgs/jedi-0.20.0-pyhcf101f3_0
appears to be corrupted. The path 'site-packages/jedi/third_party/typeshed/stubs/pywin32/win32/win32lz.pyi'
specified in the package manifest cannot be found.

CondaVerificationError: The package for jedi located at /home/raahimnawaz/miniforge3/pkgs/jedi-0.20.0-pyhcf101f3_0
appears to be corrupted. The path 'site-packages/jedi/third_party/typeshed/stubs/pywin32/win32/win32net.pyi'
specified in the package manifest cannot be found.

CondaVerificationError: The package for jedi located at /home/raahimnawaz/miniforge3/pkgs/jedi-0.20.0-pyhcf101f3_0
appears to be corrupted. The path 'site-packages/jedi/third_party/typeshed/stubs/pywin32/win32/win32pdh.pyi'
specified in the package manifest cannot be found.

CondaVerificationError: The package for jedi located at /home/raahimnawaz/miniforge3/pkgs/jedi-0.20.0-pyhcf101f3_0
appears to be corrupted. The path 'site-packages/jedi/third_party/typeshed/stubs/pywin32/win32/win32pipe.pyi'
specified in the package manifest cannot be found.

CondaVerificationError: The package for jedi located at /home/raahimnawaz/miniforge3/pkgs/jedi-0.20.0-pyhcf101f3_0
appears to be corrupted. The path 'site-packages/jedi/third_party/typeshed/stubs/pywin32/win32/win32print.pyi'
specified in the package manifest cannot be found.

CondaVerificationError: The package for jedi located at /home/raahimnawaz/miniforge3/pkgs/jedi-0.20.0-pyhcf101f3_0
appears to be corrupted. The path 'site-packages/jedi/third_party/typeshed/stubs/pywin32/win32/win32process.pyi'
specified in the package manifest cannot be found.

CondaVerificationError: The package for jedi located at /home/raahimnawaz/miniforge3/pkgs/jedi-0.20.0-pyhcf101f3_0
appears to be corrupted. The path 'site-packages/jedi/third_party/typeshed/stubs/pywin32/win32/win32profile.pyi'
specified in the package manifest cannot be found.

CondaVerificationError: The package for jedi located at /home/raahimnawaz/miniforge3/pkgs/jedi-0.20.0-pyhcf101f3_0
appears to be corrupted. The path 'site-packages/jedi/third_party/typeshed/stubs/pywin32/win32/win32ras.pyi'
specified in the package manifest cannot be found.

CondaVerificationError: The package for jedi located at /home/raahimnawaz/miniforge3/pkgs/jedi-0.20.0-pyhcf101f3_0
appears to be corrupted. The path 'site-packages/jedi/third_party/typeshed/stubs/pywin32/win32/win32security.pyi'
specified in the package manifest cannot be found.

CondaVerificationError: The package for jedi located at /home/raahimnawaz/miniforge3/pkgs/jedi-0.20.0-pyhcf101f3_0
appears to be corrupted. The path 'site-packages/jedi/third_party/typeshed/stubs/pywin32/win32/win32service.pyi'
specified in the package manifest cannot be found.

CondaVerificationError: The package for jedi located at /home/raahimnawaz/miniforge3/pkgs/jedi-0.20.0-pyhcf101f3_0
appears to be corrupted. The path 'site-packages/jedi/third_party/typeshed/stubs/pywin32/win32/win32trace.pyi'
specified in the package manifest cannot be found.

CondaVerificationError: The package for jedi located at /home/raahimnawaz/miniforge3/pkgs/jedi-0.20.0-pyhcf101f3_0
appears to be corrupted. The path 'site-packages/jedi/third_party/typeshed/stubs/pywin32/win32/win32transaction.pyi'
specified in the package manifest cannot be found.

CondaVerificationError: The package for jedi located at /home/raahimnawaz/miniforge3/pkgs/jedi-0.20.0-pyhcf101f3_0
appears to be corrupted. The path 'site-packages/jedi/third_party/typeshed/stubs/pywin32/win32/win32ts.pyi'
specified in the package manifest cannot be found.

CondaVerificationError: The package for jedi located at /home/raahimnawaz/miniforge3/pkgs/jedi-0.20.0-pyhcf101f3_0
appears to be corrupted. The path 'site-packages/jedi/third_party/typeshed/stubs/pywin32/win32/win32wnet.pyi'
specified in the package manifest cannot be found.

CondaVerificationError: The package for jedi located at /home/raahimnawaz/miniforge3/pkgs/jedi-0.20.0-pyhcf101f3_0
appears to be corrupted. The path 'site-packages/jedi/third_party/typeshed/stubs/pywin32/win32/winxpgui.pyi'
specified in the package manifest cannot be found.

CondaVerificationError: The package for jedi located at /home/raahimnawaz/miniforge3/pkgs/jedi-0.20.0-pyhcf101f3_0
appears to be corrupted. The path 'site-packages/jedi/third_party/typeshed/stubs/pywin32/win32api.pyi'
specified in the package manifest cannot be found.

CondaVerificationError: The package for jedi located at /home/raahimnawaz/miniforge3/pkgs/jedi-0.20.0-pyhcf101f3_0
appears to be corrupted. The path 'site-packages/jedi/third_party/typeshed/stubs/pywin32/win32clipboard.pyi'
specified in the package manifest cannot be found.

CondaVerificationError: The package for jedi located at /home/raahimnawaz/miniforge3/pkgs/jedi-0.20.0-pyhcf101f3_0
appears to be corrupted. The path 'site-packages/jedi/third_party/typeshed/stubs/pywin32/win32com/__init__.pyi'
specified in the package manifest cannot be found.

CondaVerificationError: The package for jedi located at /home/raahimnawaz/miniforge3/pkgs/jedi-0.20.0-pyhcf101f3_0
appears to be corrupted. The path 'site-packages/jedi/third_party/typeshed/stubs/pywin32/win32com/adsi/__init__.pyi'
specified in the package manifest cannot be found.

CondaVerificationError: The package for jedi located at /home/raahimnawaz/miniforge3/pkgs/jedi-0.20.0-pyhcf101f3_0
appears to be corrupted. The path 'site-packages/jedi/third_party/typeshed/stubs/pywin32/win32com/adsi/adsi.pyi'
specified in the package manifest cannot be found.

CondaVerificationError: The package for jedi located at /home/raahimnawaz/miniforge3/pkgs/jedi-0.20.0-pyhcf101f3_0
appears to be corrupted. The path 'site-packages/jedi/third_party/typeshed/stubs/pywin32/win32com/adsi/adsicon.pyi'
specified in the package manifest cannot be found.

CondaVerificationError: The package for jedi located at /home/raahimnawaz/miniforge3/pkgs/jedi-0.20.0-pyhcf101f3_0
appears to be corrupted. The path 'site-packages/jedi/third_party/typeshed/stubs/pywin32/win32com/authorization/__init__.pyi'
specified in the package manifest cannot be found.

CondaVerificationError: The package for jedi located at /home/raahimnawaz/miniforge3/pkgs/jedi-0.20.0-pyhcf101f3_0
appears to be corrupted. The path 'site-packages/jedi/third_party/typeshed/stubs/pywin32/win32com/authorization/authorization.pyi'
specified in the package manifest cannot be found.

CondaVerificationError: The package for jedi located at /home/raahimnawaz/miniforge3/pkgs/jedi-0.20.0-pyhcf101f3_0
appears to be corrupted. The path 'site-packages/jedi/third_party/typeshed/stubs/pywin32/win32com/axcontrol/__init__.pyi'
specified in the package manifest cannot be found.

CondaVerificationError: The package for jedi located at /home/raahimnawaz/miniforge3/pkgs/jedi-0.20.0-pyhcf101f3_0
appears to be corrupted. The path 'site-packages/jedi/third_party/typeshed/stubs/pywin32/win32com/axcontrol/axcontrol.pyi'
specified in the package manifest cannot be found.

CondaVerificationError: The package for jedi located at /home/raahimnawaz/miniforge3/pkgs/jedi-0.20.0-pyhcf101f3_0
appears to be corrupted. The path 'site-packages/jedi/third_party/typeshed/stubs/pywin32/win32com/axdebug/__init__.pyi'
specified in the package manifest cannot be found.

CondaVerificationError: The package for jedi located at /home/raahimnawaz/miniforge3/pkgs/jedi-0.20.0-pyhcf101f3_0
appears to be corrupted. The path 'site-packages/jedi/third_party/typeshed/stubs/pywin32/win32com/axdebug/adb.pyi'
specified in the package manifest cannot be found.

CondaVerificationError: The package for jedi located at /home/raahimnawaz/miniforge3/pkgs/jedi-0.20.0-pyhcf101f3_0
appears to be corrupted. The path 'site-packages/jedi/third_party/typeshed/stubs/pywin32/win32com/axdebug/axdebug.pyi'
specified in the package manifest cannot be found.

CondaVerificationError: The package for jedi located at /home/raahimnawaz/miniforge3/pkgs/jedi-0.20.0-pyhcf101f3_0
appears to be corrupted. The path 'site-packages/jedi/third_party/typeshed/stubs/pywin32/win32com/axdebug/codecontainer.pyi'
specified in the package manifest cannot be found.

CondaVerificationError: The package for jedi located at /home/raahimnawaz/miniforge3/pkgs/jedi-0.20.0-pyhcf101f3_0
appears to be corrupted. The path 'site-packages/jedi/third_party/typeshed/stubs/pywin32/win32com/axdebug/contexts.pyi'
specified in the package manifest cannot be found.

CondaVerificationError: The package for jedi located at /home/raahimnawaz/miniforge3/pkgs/jedi-0.20.0-pyhcf101f3_0
appears to be corrupted. The path 'site-packages/jedi/third_party/typeshed/stubs/pywin32/win32com/axdebug/debugger.pyi'
specified in the package manifest cannot be found.

CondaVerificationError: The package for jedi located at /home/raahimnawaz/miniforge3/pkgs/jedi-0.20.0-pyhcf101f3_0
appears to be corrupted. The path 'site-packages/jedi/third_party/typeshed/stubs/pywin32/win32com/axdebug/documents.pyi'
specified in the package manifest cannot be found.

CondaVerificationError: The package for jedi located at /home/raahimnawaz/miniforge3/pkgs/jedi-0.20.0-pyhcf101f3_0
appears to be corrupted. The path 'site-packages/jedi/third_party/typeshed/stubs/pywin32/win32com/axdebug/expressions.pyi'
specified in the package manifest cannot be found.

CondaVerificationError: The package for jedi located at /home/raahimnawaz/miniforge3/pkgs/jedi-0.20.0-pyhcf101f3_0
appears to be corrupted. The path 'site-packages/jedi/third_party/typeshed/stubs/pywin32/win32com/axdebug/gateways.pyi'
specified in the package manifest cannot be found.

CondaVerificationError: The package for jedi located at /home/raahimnawaz/miniforge3/pkgs/jedi-0.20.0-pyhcf101f3_0
appears to be corrupted. The path 'site-packages/jedi/third_party/typeshed/stubs/pywin32/win32com/axdebug/stackframe.pyi'
specified in the package manifest cannot be found.

CondaVerificationError: The package for jedi located at /home/raahimnawaz/miniforge3/pkgs/jedi-0.20.0-pyhcf101f3_0
appears to be corrupted. The path 'site-packages/jedi/third_party/typeshed/stubs/pywin32/win32com/axdebug/util.pyi'
specified in the package manifest cannot be found.

CondaVerificationError: The package for jedi located at /home/raahimnawaz/miniforge3/pkgs/jedi-0.20.0-pyhcf101f3_0
appears to be corrupted. The path 'site-packages/jedi/third_party/typeshed/stubs/pywin32/win32com/axscript/__init__.pyi'
specified in the package manifest cannot be found.

CondaVerificationError: The package for jedi located at /home/raahimnawaz/miniforge3/pkgs/jedi-0.20.0-pyhcf101f3_0
appears to be corrupted. The path 'site-packages/jedi/third_party/typeshed/stubs/pywin32/win32com/axscript/asputil.pyi'
specified in the package manifest cannot be found.

CondaVerificationError: The package for jedi located at /home/raahimnawaz/miniforge3/pkgs/jedi-0.20.0-pyhcf101f3_0
appears to be corrupted. The path 'site-packages/jedi/third_party/typeshed/stubs/pywin32/win32com/axscript/axscript.pyi'
specified in the package manifest cannot be found.

CondaVerificationError: The package for jedi located at /home/raahimnawaz/miniforge3/pkgs/jedi-0.20.0-pyhcf101f3_0
appears to be corrupted. The path 'site-packages/jedi/third_party/typeshed/stubs/pywin32/win32com/axscript/client/__init__.pyi'
specified in the package manifest cannot be found.

CondaVerificationError: The package for jedi located at /home/raahimnawaz/miniforge3/pkgs/jedi-0.20.0-pyhcf101f3_0
appears to be corrupted. The path 'site-packages/jedi/third_party/typeshed/stubs/pywin32/win32com/axscript/client/debug.pyi'
specified in the package manifest cannot be found.

CondaVerificationError: The package for jedi located at /home/raahimnawaz/miniforge3/pkgs/jedi-0.20.0-pyhcf101f3_0
appears to be corrupted. The path 'site-packages/jedi/third_party/typeshed/stubs/pywin32/win32com/axscript/client/error.pyi'
specified in the package manifest cannot be found.

CondaVerificationError: The package for jedi located at /home/raahimnawaz/miniforge3/pkgs/jedi-0.20.0-pyhcf101f3_0
appears to be corrupted. The path 'site-packages/jedi/third_party/typeshed/stubs/pywin32/win32com/axscript/client/framework.pyi'
specified in the package manifest cannot be found.

CondaVerificationError: The package for jedi located at /home/raahimnawaz/miniforge3/pkgs/jedi-0.20.0-pyhcf101f3_0
appears to be corrupted. The path 'site-packages/jedi/third_party/typeshed/stubs/pywin32/win32com/axscript/server/__init__.pyi'
specified in the package manifest cannot be found.

CondaVerificationError: The package for jedi located at /home/raahimnawaz/miniforge3/pkgs/jedi-0.20.0-pyhcf101f3_0
appears to be corrupted. The path 'site-packages/jedi/third_party/typeshed/stubs/pywin32/win32com/axscript/server/axsite.pyi'
specified in the package manifest cannot be found.

CondaVerificationError: The package for jedi located at /home/raahimnawaz/miniforge3/pkgs/jedi-0.20.0-pyhcf101f3_0
appears to be corrupted. The path 'site-packages/jedi/third_party/typeshed/stubs/pywin32/win32com/bits/__init__.pyi'
specified in the package manifest cannot be found.

CondaVerificationError: The package for jedi located at /home/raahimnawaz/miniforge3/pkgs/jedi-0.20.0-pyhcf101f3_0
appears to be corrupted. The path 'site-packages/jedi/third_party/typeshed/stubs/pywin32/win32com/bits/bits.pyi'
specified in the package manifest cannot be found.

CondaVerificationError: The package for jedi located at /home/raahimnawaz/miniforge3/pkgs/jedi-0.20.0-pyhcf101f3_0
appears to be corrupted. The path 'site-packages/jedi/third_party/typeshed/stubs/pywin32/win32com/client/__init__.pyi'
specified in the package manifest cannot be found.

CondaVerificationError: The package for jedi located at /home/raahimnawaz/miniforge3/pkgs/jedi-0.20.0-pyhcf101f3_0
appears to be corrupted. The path 'site-packages/jedi/third_party/typeshed/stubs/pywin32/win32com/client/build.pyi'
specified in the package manifest cannot be found.

CondaVerificationError: The package for jedi located at /home/raahimnawaz/miniforge3/pkgs/jedi-0.20.0-pyhcf101f3_0
appears to be corrupted. The path 'site-packages/jedi/third_party/typeshed/stubs/pywin32/win32com/client/dynamic.pyi'
specified in the package manifest cannot be found.

CondaVerificationError: The package for jedi located at /home/raahimnawaz/miniforge3/pkgs/jedi-0.20.0-pyhcf101f3_0
appears to be corrupted. The path 'site-packages/jedi/third_party/typeshed/stubs/pywin32/win32com/client/gencache.pyi'
specified in the package manifest cannot be found.

CondaVerificationError: The package for jedi located at /home/raahimnawaz/miniforge3/pkgs/jedi-0.20.0-pyhcf101f3_0
appears to be corrupted. The path 'site-packages/jedi/third_party/typeshed/stubs/pywin32/win32com/directsound/__init__.pyi'
specified in the package manifest cannot be found.

CondaVerificationError: The package for jedi located at /home/raahimnawaz/miniforge3/pkgs/jedi-0.20.0-pyhcf101f3_0
appears to be corrupted. The path 'site-packages/jedi/third_party/typeshed/stubs/pywin32/win32com/directsound/directsound.pyi'
specified in the package manifest cannot be found.

CondaVerificationError: The package for jedi located at /home/raahimnawaz/miniforge3/pkgs/jedi-0.20.0-pyhcf101f3_0
appears to be corrupted. The path 'site-packages/jedi/third_party/typeshed/stubs/pywin32/win32com/gen_py/__init__.pyi'
specified in the package manifest cannot be found.

CondaVerificationError: The package for jedi located at /home/raahimnawaz/miniforge3/pkgs/jedi-0.20.0-pyhcf101f3_0
appears to be corrupted. The path 'site-packages/jedi/third_party/typeshed/stubs/pywin32/win32com/ifilter/__init__.pyi'
specified in the package manifest cannot be found.

CondaVerificationError: The package for jedi located at /home/raahimnawaz/miniforge3/pkgs/jedi-0.20.0-pyhcf101f3_0
appears to be corrupted. The path 'site-packages/jedi/third_party/typeshed/stubs/pywin32/win32com/ifilter/ifilter.pyi'
specified in the package manifest cannot be found.

CondaVerificationError: The package for jedi located at /home/raahimnawaz/miniforge3/pkgs/jedi-0.20.0-pyhcf101f3_0
appears to be corrupted. The path 'site-packages/jedi/third_party/typeshed/stubs/pywin32/win32com/ifilter/ifiltercon.pyi'
specified in the package manifest cannot be found.

CondaVerificationError: The package for jedi located at /home/raahimnawaz/miniforge3/pkgs/jedi-0.20.0-pyhcf101f3_0
appears to be corrupted. The path 'site-packages/jedi/third_party/typeshed/stubs/pywin32/win32com/internet/__init__.pyi'
specified in the package manifest cannot be found.

CondaVerificationError: The package for jedi located at /home/raahimnawaz/miniforge3/pkgs/jedi-0.20.0-pyhcf101f3_0
appears to be corrupted. The path 'site-packages/jedi/third_party/typeshed/stubs/pywin32/win32com/internet/inetcon.pyi'
specified in the package manifest cannot be found.

CondaVerificationError: The package for jedi located at /home/raahimnawaz/miniforge3/pkgs/jedi-0.20.0-pyhcf101f3_0
appears to be corrupted. The path 'site-packages/jedi/third_party/typeshed/stubs/pywin32/win32com/internet/internet.pyi'
specified in the package manifest cannot be found.

CondaVerificationError: The package for jedi located at /home/raahimnawaz/miniforge3/pkgs/jedi-0.20.0-pyhcf101f3_0
appears to be corrupted. The path 'site-packages/jedi/third_party/typeshed/stubs/pywin32/win32com/mapi/__init__.pyi'
specified in the package manifest cannot be found.

CondaVerificationError: The package for jedi located at /home/raahimnawaz/miniforge3/pkgs/jedi-0.20.0-pyhcf101f3_0
appears to be corrupted. The path 'site-packages/jedi/third_party/typeshed/stubs/pywin32/win32com/mapi/emsabtags.pyi'
specified in the package manifest cannot be found.

CondaVerificationError: The package for jedi located at /home/raahimnawaz/miniforge3/pkgs/jedi-0.20.0-pyhcf101f3_0
appears to be corrupted. The path 'site-packages/jedi/third_party/typeshed/stubs/pywin32/win32com/mapi/exchange.pyi'
specified in the package manifest cannot be found.

CondaVerificationError: The package for jedi located at /home/raahimnawaz/miniforge3/pkgs/jedi-0.20.0-pyhcf101f3_0
appears to be corrupted. The path 'site-packages/jedi/third_party/typeshed/stubs/pywin32/win32com/mapi/mapi.pyi'
specified in the package manifest cannot be found.

CondaVerificationError: The package for jedi located at /home/raahimnawaz/miniforge3/pkgs/jedi-0.20.0-pyhcf101f3_0
appears to be corrupted. The path 'site-packages/jedi/third_party/typeshed/stubs/pywin32/win32com/mapi/mapitags.pyi'
specified in the package manifest cannot be found.

CondaVerificationError: The package for jedi located at /home/raahimnawaz/miniforge3/pkgs/jedi-0.20.0-pyhcf101f3_0
appears to be corrupted. The path 'site-packages/jedi/third_party/typeshed/stubs/pywin32/win32com/mapi/mapiutil.pyi'
specified in the package manifest cannot be found.

CondaVerificationError: The package for jedi located at /home/raahimnawaz/miniforge3/pkgs/jedi-0.20.0-pyhcf101f3_0
appears to be corrupted. The path 'site-packages/jedi/third_party/typeshed/stubs/pywin32/win32com/olectl.pyi'
specified in the package manifest cannot be found.

CondaVerificationError: The package for jedi located at /home/raahimnawaz/miniforge3/pkgs/jedi-0.20.0-pyhcf101f3_0
appears to be corrupted. The path 'site-packages/jedi/third_party/typeshed/stubs/pywin32/win32com/propsys/__init__.pyi'
specified in the package manifest cannot be found.

CondaVerificationError: The package for jedi located at /home/raahimnawaz/miniforge3/pkgs/jedi-0.20.0-pyhcf101f3_0
appears to be corrupted. The path 'site-packages/jedi/third_party/typeshed/stubs/pywin32/win32com/propsys/propsys.pyi'
specified in the package manifest cannot be found.

CondaVerificationError: The package for jedi located at /home/raahimnawaz/miniforge3/pkgs/jedi-0.20.0-pyhcf101f3_0
appears to be corrupted. The path 'site-packages/jedi/third_party/typeshed/stubs/pywin32/win32com/propsys/pscon.pyi'
specified in the package manifest cannot be found.

CondaVerificationError: The package for jedi located at /home/raahimnawaz/miniforge3/pkgs/jedi-0.20.0-pyhcf101f3_0
appears to be corrupted. The path 'site-packages/jedi/third_party/typeshed/stubs/pywin32/win32com/server/__init__.pyi'
specified in the package manifest cannot be found.

CondaVerificationError: The package for jedi located at /home/raahimnawaz/miniforge3/pkgs/jedi-0.20.0-pyhcf101f3_0
appears to be corrupted. The path 'site-packages/jedi/third_party/typeshed/stubs/pywin32/win32com/server/connect.pyi'
specified in the package manifest cannot be found.

CondaVerificationError: The package for jedi located at /home/raahimnawaz/miniforge3/pkgs/jedi-0.20.0-pyhcf101f3_0
appears to be corrupted. The path 'site-packages/jedi/third_party/typeshed/stubs/pywin32/win32com/server/dispatcher.pyi'
specified in the package manifest cannot be found.

CondaVerificationError: The package for jedi located at /home/raahimnawaz/miniforge3/pkgs/jedi-0.20.0-pyhcf101f3_0
appears to be corrupted. The path 'site-packages/jedi/third_party/typeshed/stubs/pywin32/win32com/server/exception.pyi'
specified in the package manifest cannot be found.

CondaVerificationError: The package for jedi located at /home/raahimnawaz/miniforge3/pkgs/jedi-0.20.0-pyhcf101f3_0
appears to be corrupted. The path 'site-packages/jedi/third_party/typeshed/stubs/pywin32/win32com/server/factory.pyi'
specified in the package manifest cannot be found.

CondaVerificationError: The package for jedi located at /home/raahimnawaz/miniforge3/pkgs/jedi-0.20.0-pyhcf101f3_0
appears to be corrupted. The path 'site-packages/jedi/third_party/typeshed/stubs/pywin32/win32com/server/localserver.pyi'
specified in the package manifest cannot be found.

CondaVerificationError: The package for jedi located at /home/raahimnawaz/miniforge3/pkgs/jedi-0.20.0-pyhcf101f3_0
appears to be corrupted. The path 'site-packages/jedi/third_party/typeshed/stubs/pywin32/win32com/server/policy.pyi'
specified in the package manifest cannot be found.

CondaVerificationError: The package for jedi located at /home/raahimnawaz/miniforge3/pkgs/jedi-0.20.0-pyhcf101f3_0
appears to be corrupted. The path 'site-packages/jedi/third_party/typeshed/stubs/pywin32/win32com/server/register.pyi'
specified in the package manifest cannot be found.

CondaVerificationError: The package for jedi located at /home/raahimnawaz/miniforge3/pkgs/jedi-0.20.0-pyhcf101f3_0
appears to be corrupted. The path 'site-packages/jedi/third_party/typeshed/stubs/pywin32/win32com/server/util.pyi'
specified in the package manifest cannot be found.

CondaVerificationError: The package for jedi located at /home/raahimnawaz/miniforge3/pkgs/jedi-0.20.0-pyhcf101f3_0
appears to be corrupted. The path 'site-packages/jedi/third_party/typeshed/stubs/pywin32/win32com/shell/__init__.pyi'
specified in the package manifest cannot be found.

CondaVerificationError: The package for jedi located at /home/raahimnawaz/miniforge3/pkgs/jedi-0.20.0-pyhcf101f3_0
appears to be corrupted. The path 'site-packages/jedi/third_party/typeshed/stubs/pywin32/win32com/shell/shell.pyi'
specified in the package manifest cannot be found.

CondaVerificationError: The package for jedi located at /home/raahimnawaz/miniforge3/pkgs/jedi-0.20.0-pyhcf101f3_0
appears to be corrupted. The path 'site-packages/jedi/third_party/typeshed/stubs/pywin32/win32com/shell/shellcon.pyi'
specified in the package manifest cannot be found.

CondaVerificationError: The package for jedi located at /home/raahimnawaz/miniforge3/pkgs/jedi-0.20.0-pyhcf101f3_0
appears to be corrupted. The path 'site-packages/jedi/third_party/typeshed/stubs/pywin32/win32com/storagecon.pyi'
specified in the package manifest cannot be found.

CondaVerificationError: The package for jedi located at /home/raahimnawaz/miniforge3/pkgs/jedi-0.20.0-pyhcf101f3_0
appears to be corrupted. The path 'site-packages/jedi/third_party/typeshed/stubs/pywin32/win32com/taskscheduler/__init__.pyi'
specified in the package manifest cannot be found.

CondaVerificationError: The package for jedi located at /home/raahimnawaz/miniforge3/pkgs/jedi-0.20.0-pyhcf101f3_0
appears to be corrupted. The path 'site-packages/jedi/third_party/typeshed/stubs/pywin32/win32com/taskscheduler/taskscheduler.pyi'
specified in the package manifest cannot be found.

CondaVerificationError: The package for jedi located at /home/raahimnawaz/miniforge3/pkgs/jedi-0.20.0-pyhcf101f3_0
appears to be corrupted. The path 'site-packages/jedi/third_party/typeshed/stubs/pywin32/win32com/universal.pyi'
specified in the package manifest cannot be found.

CondaVerificationError: The package for jedi located at /home/raahimnawaz/miniforge3/pkgs/jedi-0.20.0-pyhcf101f3_0
appears to be corrupted. The path 'site-packages/jedi/third_party/typeshed/stubs/pywin32/win32com/util.pyi'
specified in the package manifest cannot be found.

CondaVerificationError: The package for jedi located at /home/raahimnawaz/miniforge3/pkgs/jedi-0.20.0-pyhcf101f3_0
appears to be corrupted. The path 'site-packages/jedi/third_party/typeshed/stubs/pywin32/win32comext/__init__.pyi'
specified in the package manifest cannot be found.

CondaVerificationError: The package for jedi located at /home/raahimnawaz/miniforge3/pkgs/jedi-0.20.0-pyhcf101f3_0
appears to be corrupted. The path 'site-packages/jedi/third_party/typeshed/stubs/pywin32/win32comext/adsi/__init__.pyi'
specified in the package manifest cannot be found.

CondaVerificationError: The package for jedi located at /home/raahimnawaz/miniforge3/pkgs/jedi-0.20.0-pyhcf101f3_0
appears to be corrupted. The path 'site-packages/jedi/third_party/typeshed/stubs/pywin32/win32comext/adsi/adsi.pyi'
specified in the package manifest cannot be found.

CondaVerificationError: The package for jedi located at /home/raahimnawaz/miniforge3/pkgs/jedi-0.20.0-pyhcf101f3_0
appears to be corrupted. The path 'site-packages/jedi/third_party/typeshed/stubs/pywin32/win32comext/adsi/adsicon.pyi'
specified in the package manifest cannot be found.

CondaVerificationError: The package for jedi located at /home/raahimnawaz/miniforge3/pkgs/jedi-0.20.0-pyhcf101f3_0
appears to be corrupted. The path 'site-packages/jedi/third_party/typeshed/stubs/pywin32/win32comext/authorization/__init__.pyi'
specified in the package manifest cannot be found.

CondaVerificationError: The package for jedi located at /home/raahimnawaz/miniforge3/pkgs/jedi-0.20.0-pyhcf101f3_0
appears to be corrupted. The path 'site-packages/jedi/third_party/typeshed/stubs/pywin32/win32comext/authorization/authorization.pyi'
specified in the package manifest cannot be found.

CondaVerificationError: The package for jedi located at /home/raahimnawaz/miniforge3/pkgs/jedi-0.20.0-pyhcf101f3_0
appears to be corrupted. The path 'site-packages/jedi/third_party/typeshed/stubs/pywin32/win32comext/axcontrol/__init__.pyi'
specified in the package manifest cannot be found.

CondaVerificationError: The package for jedi located at /home/raahimnawaz/miniforge3/pkgs/jedi-0.20.0-pyhcf101f3_0
appears to be corrupted. The path 'site-packages/jedi/third_party/typeshed/stubs/pywin32/win32comext/axcontrol/axcontrol.pyi'
specified in the package manifest cannot be found.

CondaVerificationError: The package for jedi located at /home/raahimnawaz/miniforge3/pkgs/jedi-0.20.0-pyhcf101f3_0
appears to be corrupted. The path 'site-packages/jedi/third_party/typeshed/stubs/pywin32/win32comext/axdebug/__init__.pyi'
specified in the package manifest cannot be found.

CondaVerificationError: The package for jedi located at /home/raahimnawaz/miniforge3/pkgs/jedi-0.20.0-pyhcf101f3_0
appears to be corrupted. The path 'site-packages/jedi/third_party/typeshed/stubs/pywin32/win32comext/axdebug/adb.pyi'
specified in the package manifest cannot be found.

CondaVerificationError: The package for jedi located at /home/raahimnawaz/miniforge3/pkgs/jedi-0.20.0-pyhcf101f3_0
appears to be corrupted. The path 'site-packages/jedi/third_party/typeshed/stubs/pywin32/win32comext/axdebug/axdebug.pyi'
specified in the package manifest cannot be found.

CondaVerificationError: The package for jedi located at /home/raahimnawaz/miniforge3/pkgs/jedi-0.20.0-pyhcf101f3_0
appears to be corrupted. The path 'site-packages/jedi/third_party/typeshed/stubs/pywin32/win32comext/axdebug/codecontainer.pyi'
specified in the package manifest cannot be found.

CondaVerificationError: The package for jedi located at /home/raahimnawaz/miniforge3/pkgs/jedi-0.20.0-pyhcf101f3_0
appears to be corrupted. The path 'site-packages/jedi/third_party/typeshed/stubs/pywin32/win32comext/axdebug/contexts.pyi'
specified in the package manifest cannot be found.

CondaVerificationError: The package for jedi located at /home/raahimnawaz/miniforge3/pkgs/jedi-0.20.0-pyhcf101f3_0
appears to be corrupted. The path 'site-packages/jedi/third_party/typeshed/stubs/pywin32/win32comext/axdebug/debugger.pyi'
specified in the package manifest cannot be found.

CondaVerificationError: The package for jedi located at /home/raahimnawaz/miniforge3/pkgs/jedi-0.20.0-pyhcf101f3_0
appears to be corrupted. The path 'site-packages/jedi/third_party/typeshed/stubs/pywin32/win32comext/axdebug/documents.pyi'
specified in the package manifest cannot be found.

CondaVerificationError: The package for jedi located at /home/raahimnawaz/miniforge3/pkgs/jedi-0.20.0-pyhcf101f3_0
appears to be corrupted. The path 'site-packages/jedi/third_party/typeshed/stubs/pywin32/win32comext/axdebug/expressions.pyi'
specified in the package manifest cannot be found.

CondaVerificationError: The package for jedi located at /home/raahimnawaz/miniforge3/pkgs/jedi-0.20.0-pyhcf101f3_0
appears to be corrupted. The path 'site-packages/jedi/third_party/typeshed/stubs/pywin32/win32comext/axdebug/gateways.pyi'
specified in the package manifest cannot be found.

CondaVerificationError: The package for jedi located at /home/raahimnawaz/miniforge3/pkgs/jedi-0.20.0-pyhcf101f3_0
appears to be corrupted. The path 'site-packages/jedi/third_party/typeshed/stubs/pywin32/win32comext/axdebug/stackframe.pyi'
specified in the package manifest cannot be found.

CondaVerificationError: The package for jedi located at /home/raahimnawaz/miniforge3/pkgs/jedi-0.20.0-pyhcf101f3_0
appears to be corrupted. The path 'site-packages/jedi/third_party/typeshed/stubs/pywin32/win32comext/axdebug/util.pyi'
specified in the package manifest cannot be found.

CondaVerificationError: The package for jedi located at /home/raahimnawaz/miniforge3/pkgs/jedi-0.20.0-pyhcf101f3_0
appears to be corrupted. The path 'site-packages/jedi/third_party/typeshed/stubs/pywin32/win32comext/axscript/__init__.pyi'
specified in the package manifest cannot be found.

CondaVerificationError: The package for jedi located at /home/raahimnawaz/miniforge3/pkgs/jedi-0.20.0-pyhcf101f3_0
appears to be corrupted. The path 'site-packages/jedi/third_party/typeshed/stubs/pywin32/win32comext/axscript/asputil.pyi'
specified in the package manifest cannot be found.

CondaVerificationError: The package for jedi located at /home/raahimnawaz/miniforge3/pkgs/jedi-0.20.0-pyhcf101f3_0
appears to be corrupted. The path 'site-packages/jedi/third_party/typeshed/stubs/pywin32/win32comext/axscript/axscript.pyi'
specified in the package manifest cannot be found.

CondaVerificationError: The package for jedi located at /home/raahimnawaz/miniforge3/pkgs/jedi-0.20.0-pyhcf101f3_0
appears to be corrupted. The path 'site-packages/jedi/third_party/typeshed/stubs/pywin32/win32comext/axscript/client/__init__.pyi'
specified in the package manifest cannot be found.

CondaVerificationError: The package for jedi located at /home/raahimnawaz/miniforge3/pkgs/jedi-0.20.0-pyhcf101f3_0
appears to be corrupted. The path 'site-packages/jedi/third_party/typeshed/stubs/pywin32/win32comext/axscript/client/debug.pyi'
specified in the package manifest cannot be found.

CondaVerificationError: The package for jedi located at /home/raahimnawaz/miniforge3/pkgs/jedi-0.20.0-pyhcf101f3_0
appears to be corrupted. The path 'site-packages/jedi/third_party/typeshed/stubs/pywin32/win32comext/axscript/client/error.pyi'
specified in the package manifest cannot be found.

CondaVerificationError: The package for jedi located at /home/raahimnawaz/miniforge3/pkgs/jedi-0.20.0-pyhcf101f3_0
appears to be corrupted. The path 'site-packages/jedi/third_party/typeshed/stubs/pywin32/win32comext/axscript/client/framework.pyi'
specified in the package manifest cannot be found.

CondaVerificationError: The package for jedi located at /home/raahimnawaz/miniforge3/pkgs/jedi-0.20.0-pyhcf101f3_0
appears to be corrupted. The path 'site-packages/jedi/third_party/typeshed/stubs/pywin32/win32comext/axscript/server/__init__.pyi'
specified in the package manifest cannot be found.

CondaVerificationError: The package for jedi located at /home/raahimnawaz/miniforge3/pkgs/jedi-0.20.0-pyhcf101f3_0
appears to be corrupted. The path 'site-packages/jedi/third_party/typeshed/stubs/pywin32/win32comext/axscript/server/axsite.pyi'
specified in the package manifest cannot be found.

CondaVerificationError: The package for jedi located at /home/raahimnawaz/miniforge3/pkgs/jedi-0.20.0-pyhcf101f3_0
appears to be corrupted. The path 'site-packages/jedi/third_party/typeshed/stubs/pywin32/win32comext/bits/__init__.pyi'
specified in the package manifest cannot be found.

CondaVerificationError: The package for jedi located at /home/raahimnawaz/miniforge3/pkgs/jedi-0.20.0-pyhcf101f3_0
appears to be corrupted. The path 'site-packages/jedi/third_party/typeshed/stubs/pywin32/win32comext/bits/bits.pyi'
specified in the package manifest cannot be found.

CondaVerificationError: The package for jedi located at /home/raahimnawaz/miniforge3/pkgs/jedi-0.20.0-pyhcf101f3_0
appears to be corrupted. The path 'site-packages/jedi/third_party/typeshed/stubs/pywin32/win32comext/directsound/__init__.pyi'
specified in the package manifest cannot be found.

CondaVerificationError: The package for jedi located at /home/raahimnawaz/miniforge3/pkgs/jedi-0.20.0-pyhcf101f3_0
appears to be corrupted. The path 'site-packages/jedi/third_party/typeshed/stubs/pywin32/win32comext/directsound/directsound.pyi'
specified in the package manifest cannot be found.

CondaVerificationError: The package for jedi located at /home/raahimnawaz/miniforge3/pkgs/jedi-0.20.0-pyhcf101f3_0
appears to be corrupted. The path 'site-packages/jedi/third_party/typeshed/stubs/pywin32/win32comext/ifilter/__init__.pyi'
specified in the package manifest cannot be found.

CondaVerificationError: The package for jedi located at /home/raahimnawaz/miniforge3/pkgs/jedi-0.20.0-pyhcf101f3_0
appears to be corrupted. The path 'site-packages/jedi/third_party/typeshed/stubs/pywin32/win32comext/ifilter/ifilter.pyi'
specified in the package manifest cannot be found.

CondaVerificationError: The package for jedi located at /home/raahimnawaz/miniforge3/pkgs/jedi-0.20.0-pyhcf101f3_0
appears to be corrupted. The path 'site-packages/jedi/third_party/typeshed/stubs/pywin32/win32comext/ifilter/ifiltercon.pyi'
specified in the package manifest cannot be found.

CondaVerificationError: The package for jedi located at /home/raahimnawaz/miniforge3/pkgs/jedi-0.20.0-pyhcf101f3_0
appears to be corrupted. The path 'site-packages/jedi/third_party/typeshed/stubs/pywin32/win32comext/internet/__init__.pyi'
specified in the package manifest cannot be found.

CondaVerificationError: The package for jedi located at /home/raahimnawaz/miniforge3/pkgs/jedi-0.20.0-pyhcf101f3_0
appears to be corrupted. The path 'site-packages/jedi/third_party/typeshed/stubs/pywin32/win32comext/internet/inetcon.pyi'
specified in the package manifest cannot be found.

CondaVerificationError: The package for jedi located at /home/raahimnawaz/miniforge3/pkgs/jedi-0.20.0-pyhcf101f3_0
appears to be corrupted. The path 'site-packages/jedi/third_party/typeshed/stubs/pywin32/win32comext/internet/internet.pyi'
specified in the package manifest cannot be found.

CondaVerificationError: The package for jedi located at /home/raahimnawaz/miniforge3/pkgs/jedi-0.20.0-pyhcf101f3_0
appears to be corrupted. The path 'site-packages/jedi/third_party/typeshed/stubs/pywin32/win32comext/mapi/__init__.pyi'
specified in the package manifest cannot be found.

CondaVerificationError: The package for jedi located at /home/raahimnawaz/miniforge3/pkgs/jedi-0.20.0-pyhcf101f3_0
appears to be corrupted. The path 'site-packages/jedi/third_party/typeshed/stubs/pywin32/win32comext/mapi/emsabtags.pyi'
specified in the package manifest cannot be found.

CondaVerificationError: The package for jedi located at /home/raahimnawaz/miniforge3/pkgs/jedi-0.20.0-pyhcf101f3_0
appears to be corrupted. The path 'site-packages/jedi/third_party/typeshed/stubs/pywin32/win32comext/mapi/exchange.pyi'
specified in the package manifest cannot be found.

CondaVerificationError: The package for jedi located at /home/raahimnawaz/miniforge3/pkgs/jedi-0.20.0-pyhcf101f3_0
appears to be corrupted. The path 'site-packages/jedi/third_party/typeshed/stubs/pywin32/win32comext/mapi/mapi.pyi'
specified in the package manifest cannot be found.

CondaVerificationError: The package for jedi located at /home/raahimnawaz/miniforge3/pkgs/jedi-0.20.0-pyhcf101f3_0
appears to be corrupted. The path 'site-packages/jedi/third_party/typeshed/stubs/pywin32/win32comext/mapi/mapitags.pyi'
specified in the package manifest cannot be found.

CondaVerificationError: The package for jedi located at /home/raahimnawaz/miniforge3/pkgs/jedi-0.20.0-pyhcf101f3_0
appears to be corrupted. The path 'site-packages/jedi/third_party/typeshed/stubs/pywin32/win32comext/mapi/mapiutil.pyi'
specified in the package manifest cannot be found.

CondaVerificationError: The package for jedi located at /home/raahimnawaz/miniforge3/pkgs/jedi-0.20.0-pyhcf101f3_0
appears to be corrupted. The path 'site-packages/jedi/third_party/typeshed/stubs/pywin32/win32comext/propsys/__init__.pyi'
specified in the package manifest cannot be found.

CondaVerificationError: The package for jedi located at /home/raahimnawaz/miniforge3/pkgs/jedi-0.20.0-pyhcf101f3_0
appears to be corrupted. The path 'site-packages/jedi/third_party/typeshed/stubs/pywin32/win32comext/propsys/propsys.pyi'
specified in the package manifest cannot be found.

CondaVerificationError: The package for jedi located at /home/raahimnawaz/miniforge3/pkgs/jedi-0.20.0-pyhcf101f3_0
appears to be corrupted. The path 'site-packages/jedi/third_party/typeshed/stubs/pywin32/win32comext/propsys/pscon.pyi'
specified in the package manifest cannot be found.

CondaVerificationError: The package for jedi located at /home/raahimnawaz/miniforge3/pkgs/jedi-0.20.0-pyhcf101f3_0
appears to be corrupted. The path 'site-packages/jedi/third_party/typeshed/stubs/pywin32/win32comext/shell/__init__.pyi'
specified in the package manifest cannot be found.

CondaVerificationError: The package for jedi located at /home/raahimnawaz/miniforge3/pkgs/jedi-0.20.0-pyhcf101f3_0
appears to be corrupted. The path 'site-packages/jedi/third_party/typeshed/stubs/pywin32/win32comext/shell/shell.pyi'
specified in the package manifest cannot be found.

CondaVerificationError: The package for jedi located at /home/raahimnawaz/miniforge3/pkgs/jedi-0.20.0-pyhcf101f3_0
appears to be corrupted. The path 'site-packages/jedi/third_party/typeshed/stubs/pywin32/win32comext/shell/shellcon.pyi'
specified in the package manifest cannot be found.

CondaVerificationError: The package for jedi located at /home/raahimnawaz/miniforge3/pkgs/jedi-0.20.0-pyhcf101f3_0
appears to be corrupted. The path 'site-packages/jedi/third_party/typeshed/stubs/pywin32/win32comext/taskscheduler/__init__.pyi'
specified in the package manifest cannot be found.

CondaVerificationError: The package for jedi located at /home/raahimnawaz/miniforge3/pkgs/jedi-0.20.0-pyhcf101f3_0
appears to be corrupted. The path 'site-packages/jedi/third_party/typeshed/stubs/pywin32/win32comext/taskscheduler/taskscheduler.pyi'
specified in the package manifest cannot be found.

CondaVerificationError: The package for jedi located at /home/raahimnawaz/miniforge3/pkgs/jedi-0.20.0-pyhcf101f3_0
appears to be corrupted. The path 'site-packages/jedi/third_party/typeshed/stubs/pywin32/win32con.pyi'
specified in the package manifest cannot be found.

CondaVerificationError: The package for jedi located at /home/raahimnawaz/miniforge3/pkgs/jedi-0.20.0-pyhcf101f3_0
appears to be corrupted. The path 'site-packages/jedi/third_party/typeshed/stubs/pywin32/win32console.pyi'
specified in the package manifest cannot be found.

CondaVerificationError: The package for jedi located at /home/raahimnawaz/miniforge3/pkgs/jedi-0.20.0-pyhcf101f3_0
appears to be corrupted. The path 'site-packages/jedi/third_party/typeshed/stubs/pywin32/win32cred.pyi'
specified in the package manifest cannot be found.

CondaVerificationError: The package for jedi located at /home/raahimnawaz/miniforge3/pkgs/jedi-0.20.0-pyhcf101f3_0
appears to be corrupted. The path 'site-packages/jedi/third_party/typeshed/stubs/pywin32/win32crypt.pyi'
specified in the package manifest cannot be found.

CondaVerificationError: The package for jedi located at /home/raahimnawaz/miniforge3/pkgs/jedi-0.20.0-pyhcf101f3_0
appears to be corrupted. The path 'site-packages/jedi/third_party/typeshed/stubs/pywin32/win32cryptcon.pyi'
specified in the package manifest cannot be found.

CondaVerificationError: The package for jedi located at /home/raahimnawaz/miniforge3/pkgs/jedi-0.20.0-pyhcf101f3_0
appears to be corrupted. The path 'site-packages/jedi/third_party/typeshed/stubs/pywin32/win32event.pyi'
specified in the package manifest cannot be found.

CondaVerificationError: The package for jedi located at /home/raahimnawaz/miniforge3/pkgs/jedi-0.20.0-pyhcf101f3_0
appears to be corrupted. The path 'site-packages/jedi/third_party/typeshed/stubs/pywin32/win32evtlog.pyi'
specified in the package manifest cannot be found.

CondaVerificationError: The package for jedi located at /home/raahimnawaz/miniforge3/pkgs/jedi-0.20.0-pyhcf101f3_0
appears to be corrupted. The path 'site-packages/jedi/third_party/typeshed/stubs/pywin32/win32evtlogutil.pyi'
specified in the package manifest cannot be found.

CondaVerificationError: The package for jedi located at /home/raahimnawaz/miniforge3/pkgs/jedi-0.20.0-pyhcf101f3_0
appears to be corrupted. The path 'site-packages/jedi/third_party/typeshed/stubs/pywin32/win32file.pyi'
specified in the package manifest cannot be found.

CondaVerificationError: The package for jedi located at /home/raahimnawaz/miniforge3/pkgs/jedi-0.20.0-pyhcf101f3_0
appears to be corrupted. The path 'site-packages/jedi/third_party/typeshed/stubs/pywin32/win32gui.pyi'
specified in the package manifest cannot be found.

CondaVerificationError: The package for jedi located at /home/raahimnawaz/miniforge3/pkgs/jedi-0.20.0-pyhcf101f3_0
appears to be corrupted. The path 'site-packages/jedi/third_party/typeshed/stubs/pywin32/win32gui_struct.pyi'
specified in the package manifest cannot be found.

CondaVerificationError: The package for jedi located at /home/raahimnawaz/miniforge3/pkgs/jedi-0.20.0-pyhcf101f3_0
appears to be corrupted. The path 'site-packages/jedi/third_party/typeshed/stubs/pywin32/win32help.pyi'
specified in the package manifest cannot be found.

CondaVerificationError: The package for jedi located at /home/raahimnawaz/miniforge3/pkgs/jedi-0.20.0-pyhcf101f3_0
appears to be corrupted. The path 'site-packages/jedi/third_party/typeshed/stubs/pywin32/win32inet.pyi'
specified in the package manifest cannot be found.

CondaVerificationError: The package for jedi located at /home/raahimnawaz/miniforge3/pkgs/jedi-0.20.0-pyhcf101f3_0
appears to be corrupted. The path 'site-packages/jedi/third_party/typeshed/stubs/pywin32/win32inetcon.pyi'
specified in the package manifest cannot be found.

CondaVerificationError: The package for jedi located at /home/raahimnawaz/miniforge3/pkgs/jedi-0.20.0-pyhcf101f3_0
appears to be corrupted. The path 'site-packages/jedi/third_party/typeshed/stubs/pywin32/win32job.pyi'
specified in the package manifest cannot be found.

CondaVerificationError: The package for jedi located at /home/raahimnawaz/miniforge3/pkgs/jedi-0.20.0-pyhcf101f3_0
appears to be corrupted. The path 'site-packages/jedi/third_party/typeshed/stubs/pywin32/win32lz.pyi'
specified in the package manifest cannot be found.

CondaVerificationError: The package for jedi located at /home/raahimnawaz/miniforge3/pkgs/jedi-0.20.0-pyhcf101f3_0
appears to be corrupted. The path 'site-packages/jedi/third_party/typeshed/stubs/pywin32/win32net.pyi'
specified in the package manifest cannot be found.

CondaVerificationError: The package for jedi located at /home/raahimnawaz/miniforge3/pkgs/jedi-0.20.0-pyhcf101f3_0
appears to be corrupted. The path 'site-packages/jedi/third_party/typeshed/stubs/pywin32/win32netcon.pyi'
specified in the package manifest cannot be found.

CondaVerificationError: The package for jedi located at /home/raahimnawaz/miniforge3/pkgs/jedi-0.20.0-pyhcf101f3_0
appears to be corrupted. The path 'site-packages/jedi/third_party/typeshed/stubs/pywin32/win32pdh.pyi'
specified in the package manifest cannot be found.

CondaVerificationError: The package for jedi located at /home/raahimnawaz/miniforge3/pkgs/jedi-0.20.0-pyhcf101f3_0
appears to be corrupted. The path 'site-packages/jedi/third_party/typeshed/stubs/pywin32/win32pdhquery.pyi'
specified in the package manifest cannot be found.

CondaVerificationError: The package for jedi located at /home/raahimnawaz/miniforge3/pkgs/jedi-0.20.0-pyhcf101f3_0
appears to be corrupted. The path 'site-packages/jedi/third_party/typeshed/stubs/pywin32/win32pipe.pyi'
specified in the package manifest cannot be found.

CondaVerificationError: The package for jedi located at /home/raahimnawaz/miniforge3/pkgs/jedi-0.20.0-pyhcf101f3_0
appears to be corrupted. The path 'site-packages/jedi/third_party/typeshed/stubs/pywin32/win32print.pyi'
specified in the package manifest cannot be found.

CondaVerificationError: The package for jedi located at /home/raahimnawaz/miniforge3/pkgs/jedi-0.20.0-pyhcf101f3_0
appears to be corrupted. The path 'site-packages/jedi/third_party/typeshed/stubs/pywin32/win32process.pyi'
specified in the package manifest cannot be found.

CondaVerificationError: The package for jedi located at /home/raahimnawaz/miniforge3/pkgs/jedi-0.20.0-pyhcf101f3_0
appears to be corrupted. The path 'site-packages/jedi/third_party/typeshed/stubs/pywin32/win32profile.pyi'
specified in the package manifest cannot be found.

CondaVerificationError: The package for jedi located at /home/raahimnawaz/miniforge3/pkgs/jedi-0.20.0-pyhcf101f3_0
appears to be corrupted. The path 'site-packages/jedi/third_party/typeshed/stubs/pywin32/win32ras.pyi'
specified in the package manifest cannot be found.

CondaVerificationError: The package for jedi located at /home/raahimnawaz/miniforge3/pkgs/jedi-0.20.0-pyhcf101f3_0
appears to be corrupted. The path 'site-packages/jedi/third_party/typeshed/stubs/pywin32/win32security.pyi'
specified in the package manifest cannot be found.

CondaVerificationError: The package for jedi located at /home/raahimnawaz/miniforge3/pkgs/jedi-0.20.0-pyhcf101f3_0
appears to be corrupted. The path 'site-packages/jedi/third_party/typeshed/stubs/pywin32/win32service.pyi'
specified in the package manifest cannot be found.

CondaVerificationError: The package for jedi located at /home/raahimnawaz/miniforge3/pkgs/jedi-0.20.0-pyhcf101f3_0
appears to be corrupted. The path 'site-packages/jedi/third_party/typeshed/stubs/pywin32/win32serviceutil.pyi'
specified in the package manifest cannot be found.

CondaVerificationError: The package for jedi located at /home/raahimnawaz/miniforge3/pkgs/jedi-0.20.0-pyhcf101f3_0
appears to be corrupted. The path 'site-packages/jedi/third_party/typeshed/stubs/pywin32/win32timezone.pyi'
specified in the package manifest cannot be found.

CondaVerificationError: The package for jedi located at /home/raahimnawaz/miniforge3/pkgs/jedi-0.20.0-pyhcf101f3_0
appears to be corrupted. The path 'site-packages/jedi/third_party/typeshed/stubs/pywin32/win32trace.pyi'
specified in the package manifest cannot be found.

CondaVerificationError: The package for jedi located at /home/raahimnawaz/miniforge3/pkgs/jedi-0.20.0-pyhcf101f3_0
appears to be corrupted. The path 'site-packages/jedi/third_party/typeshed/stubs/pywin32/win32transaction.pyi'
specified in the package manifest cannot be found.

CondaVerificationError: The package for jedi located at /home/raahimnawaz/miniforge3/pkgs/jedi-0.20.0-pyhcf101f3_0
appears to be corrupted. The path 'site-packages/jedi/third_party/typeshed/stubs/pywin32/win32ts.pyi'
specified in the package manifest cannot be found.

CondaVerificationError: The package for jedi located at /home/raahimnawaz/miniforge3/pkgs/jedi-0.20.0-pyhcf101f3_0
appears to be corrupted. The path 'site-packages/jedi/third_party/typeshed/stubs/pywin32/win32ui.pyi'
specified in the package manifest cannot be found.

CondaVerificationError: The package for jedi located at /home/raahimnawaz/miniforge3/pkgs/jedi-0.20.0-pyhcf101f3_0
appears to be corrupted. The path 'site-packages/jedi/third_party/typeshed/stubs/pywin32/win32uiole.pyi'
specified in the package manifest cannot be found.

CondaVerificationError: The package for jedi located at /home/raahimnawaz/miniforge3/pkgs/jedi-0.20.0-pyhcf101f3_0
appears to be corrupted. The path 'site-packages/jedi/third_party/typeshed/stubs/pywin32/win32verstamp.pyi'
specified in the package manifest cannot be found.

CondaVerificationError: The package for jedi located at /home/raahimnawaz/miniforge3/pkgs/jedi-0.20.0-pyhcf101f3_0
appears to be corrupted. The path 'site-packages/jedi/third_party/typeshed/stubs/pywin32/win32wnet.pyi'
specified in the package manifest cannot be found.

CondaVerificationError: The package for jedi located at /home/raahimnawaz/miniforge3/pkgs/jedi-0.20.0-pyhcf101f3_0
appears to be corrupted. The path 'site-packages/jedi/third_party/typeshed/stubs/pywin32/winerror.pyi'
specified in the package manifest cannot be found.

CondaVerificationError: The package for jedi located at /home/raahimnawaz/miniforge3/pkgs/jedi-0.20.0-pyhcf101f3_0
appears to be corrupted. The path 'site-packages/jedi/third_party/typeshed/stubs/pywin32/winioctlcon.pyi'
specified in the package manifest cannot be found.

CondaVerificationError: The package for jedi located at /home/raahimnawaz/miniforge3/pkgs/jedi-0.20.0-pyhcf101f3_0
appears to be corrupted. The path 'site-packages/jedi/third_party/typeshed/stubs/pywin32/winnt.pyi'
specified in the package manifest cannot be found.

CondaVerificationError: The package for jedi located at /home/raahimnawaz/miniforge3/pkgs/jedi-0.20.0-pyhcf101f3_0
appears to be corrupted. The path 'site-packages/jedi/third_party/typeshed/stubs/pywin32/winperf.pyi'
specified in the package manifest cannot be found.

CondaVerificationError: The package for jedi located at /home/raahimnawaz/miniforge3/pkgs/jedi-0.20.0-pyhcf101f3_0
appears to be corrupted. The path 'site-packages/jedi/third_party/typeshed/stubs/pywin32/winxpgui.pyi'
specified in the package manifest cannot be found.

CondaVerificationError: The package for jedi located at /home/raahimnawaz/miniforge3/pkgs/jedi-0.20.0-pyhcf101f3_0
appears to be corrupted. The path 'site-packages/jedi/third_party/typeshed/stubs/pywin32/winxptheme.pyi'
specified in the package manifest cannot be found.

CondaVerificationError: The package for jedi located at /home/raahimnawaz/miniforge3/pkgs/jedi-0.20.0-pyhcf101f3_0
appears to be corrupted. The path 'site-packages/jedi/third_party/typeshed/stubs/pyxdg/xdg/BaseDirectory.pyi'
specified in the package manifest cannot be found.

CondaVerificationError: The package for jedi located at /home/raahimnawaz/miniforge3/pkgs/jedi-0.20.0-pyhcf101f3_0
appears to be corrupted. The path 'site-packages/jedi/third_party/typeshed/stubs/pyxdg/xdg/Config.pyi'
specified in the package manifest cannot be found.

CondaVerificationError: The package for jedi located at /home/raahimnawaz/miniforge3/pkgs/jedi-0.20.0-pyhcf101f3_0
appears to be corrupted. The path 'site-packages/jedi/third_party/typeshed/stubs/pyxdg/xdg/DesktopEntry.pyi'
specified in the package manifest cannot be found.

CondaVerificationError: The package for jedi located at /home/raahimnawaz/miniforge3/pkgs/jedi-0.20.0-pyhcf101f3_0
appears to be corrupted. The path 'site-packages/jedi/third_party/typeshed/stubs/pyxdg/xdg/Exceptions.pyi'
specified in the package manifest cannot be found.

CondaVerificationError: The package for jedi located at /home/raahimnawaz/miniforge3/pkgs/jedi-0.20.0-pyhcf101f3_0
appears to be corrupted. The path 'site-packages/jedi/third_party/typeshed/stubs/pyxdg/xdg/IconTheme.pyi'
specified in the package manifest cannot be found.

CondaVerificationError: The package for jedi located at /home/raahimnawaz/miniforge3/pkgs/jedi-0.20.0-pyhcf101f3_0
appears to be corrupted. The path 'site-packages/jedi/third_party/typeshed/stubs/pyxdg/xdg/IniFile.pyi'
specified in the package manifest cannot be found.

CondaVerificationError: The package for jedi located at /home/raahimnawaz/miniforge3/pkgs/jedi-0.20.0-pyhcf101f3_0
appears to be corrupted. The path 'site-packages/jedi/third_party/typeshed/stubs/pyxdg/xdg/Locale.pyi'
specified in the package manifest cannot be found.

CondaVerificationError: The package for jedi located at /home/raahimnawaz/miniforge3/pkgs/jedi-0.20.0-pyhcf101f3_0
appears to be corrupted. The path 'site-packages/jedi/third_party/typeshed/stubs/pyxdg/xdg/Menu.pyi'
specified in the package manifest cannot be found.

CondaVerificationError: The package for jedi located at /home/raahimnawaz/miniforge3/pkgs/jedi-0.20.0-pyhcf101f3_0
appears to be corrupted. The path 'site-packages/jedi/third_party/typeshed/stubs/pyxdg/xdg/MenuEditor.pyi'
specified in the package manifest cannot be found.

CondaVerificationError: The package for jedi located at /home/raahimnawaz/miniforge3/pkgs/jedi-0.20.0-pyhcf101f3_0
appears to be corrupted. The path 'site-packages/jedi/third_party/typeshed/stubs/pyxdg/xdg/Mime.pyi'
specified in the package manifest cannot be found.

CondaVerificationError: The package for jedi located at /home/raahimnawaz/miniforge3/pkgs/jedi-0.20.0-pyhcf101f3_0
appears to be corrupted. The path 'site-packages/jedi/third_party/typeshed/stubs/pyxdg/xdg/RecentFiles.pyi'
specified in the package manifest cannot be found.

CondaVerificationError: The package for jedi located at /home/raahimnawaz/miniforge3/pkgs/jedi-0.20.0-pyhcf101f3_0
appears to be corrupted. The path 'site-packages/jedi/third_party/typeshed/stubs/pyxdg/xdg/__init__.pyi'
specified in the package manifest cannot be found.

CondaVerificationError: The package for jedi located at /home/raahimnawaz/miniforge3/pkgs/jedi-0.20.0-pyhcf101f3_0
appears to be corrupted. The path 'site-packages/jedi/third_party/typeshed/stubs/pyxdg/xdg/util.pyi'
specified in the package manifest cannot be found.

CondaVerificationError: The package for jedi located at /home/raahimnawaz/miniforge3/pkgs/jedi-0.20.0-pyhcf101f3_0
appears to be corrupted. The path 'site-packages/jedi/third_party/typeshed/stubs/qrbill/qrbill/__init__.pyi'
specified in the package manifest cannot be found.

CondaVerificationError: The package for jedi located at /home/raahimnawaz/miniforge3/pkgs/jedi-0.20.0-pyhcf101f3_0
appears to be corrupted. The path 'site-packages/jedi/third_party/typeshed/stubs/qrbill/qrbill/bill.pyi'
specified in the package manifest cannot be found.

CondaVerificationError: The package for jedi located at /home/raahimnawaz/miniforge3/pkgs/jedi-0.20.0-pyhcf101f3_0
appears to be corrupted. The path 'site-packages/jedi/third_party/typeshed/stubs/qrcode/qrcode/LUT.pyi'
specified in the package manifest cannot be found.

CondaVerificationError: The package for jedi located at /home/raahimnawaz/miniforge3/pkgs/jedi-0.20.0-pyhcf101f3_0
appears to be corrupted. The path 'site-packages/jedi/third_party/typeshed/stubs/qrcode/qrcode/__init__.pyi'
specified in the package manifest cannot be found.

CondaVerificationError: The package for jedi located at /home/raahimnawaz/miniforge3/pkgs/jedi-0.20.0-pyhcf101f3_0
appears to be corrupted. The path 'site-packages/jedi/third_party/typeshed/stubs/qrcode/qrcode/_types.pyi'
specified in the package manifest cannot be found.

CondaVerificationError: The package for jedi located at /home/raahimnawaz/miniforge3/pkgs/jedi-0.20.0-pyhcf101f3_0
appears to be corrupted. The path 'site-packages/jedi/third_party/typeshed/stubs/qrcode/qrcode/base.pyi'
specified in the package manifest cannot be found.

CondaVerificationError: The package for jedi located at /home/raahimnawaz/miniforge3/pkgs/jedi-0.20.0-pyhcf101f3_0
appears to be corrupted. The path 'site-packages/jedi/third_party/typeshed/stubs/qrcode/qrcode/console_scripts.pyi'
specified in the package manifest cannot be found.

CondaVerificationError: The package for jedi located at /home/raahimnawaz/miniforge3/pkgs/jedi-0.20.0-pyhcf101f3_0
appears to be corrupted. The path 'site-packages/jedi/third_party/typeshed/stubs/qrcode/qrcode/constants.pyi'
specified in the package manifest cannot be found.

CondaVerificationError: The package for jedi located at /home/raahimnawaz/miniforge3/pkgs/jedi-0.20.0-pyhcf101f3_0
appears to be corrupted. The path 'site-packages/jedi/third_party/typeshed/stubs/qrcode/qrcode/exceptions.pyi'
specified in the package manifest cannot be found.

CondaVerificationError: The package for jedi located at /home/raahimnawaz/miniforge3/pkgs/jedi-0.20.0-pyhcf101f3_0
appears to be corrupted. The path 'site-packages/jedi/third_party/typeshed/stubs/qrcode/qrcode/image/__init__.pyi'
specified in the package manifest cannot be found.

CondaVerificationError: The package for jedi located at /home/raahimnawaz/miniforge3/pkgs/jedi-0.20.0-pyhcf101f3_0
appears to be corrupted. The path 'site-packages/jedi/third_party/typeshed/stubs/qrcode/qrcode/image/base.pyi'
specified in the package manifest cannot be found.

CondaVerificationError: The package for jedi located at /home/raahimnawaz/miniforge3/pkgs/jedi-0.20.0-pyhcf101f3_0
appears to be corrupted. The path 'site-packages/jedi/third_party/typeshed/stubs/qrcode/qrcode/image/pil.pyi'
specified in the package manifest cannot be found.

CondaVerificationError: The package for jedi located at /home/raahimnawaz/miniforge3/pkgs/jedi-0.20.0-pyhcf101f3_0
appears to be corrupted. The path 'site-packages/jedi/third_party/typeshed/stubs/qrcode/qrcode/image/pure.pyi'
specified in the package manifest cannot be found.

CondaVerificationError: The package for jedi located at /home/raahimnawaz/miniforge3/pkgs/jedi-0.20.0-pyhcf101f3_0
appears to be corrupted. The path 'site-packages/jedi/third_party/typeshed/stubs/qrcode/qrcode/image/styledpil.pyi'
specified in the package manifest cannot be found.

CondaVerificationError: The package for jedi located at /home/raahimnawaz/miniforge3/pkgs/jedi-0.20.0-pyhcf101f3_0
appears to be corrupted. The path 'site-packages/jedi/third_party/typeshed/stubs/qrcode/qrcode/image/styles/__init__.pyi'
specified in the package manifest cannot be found.

CondaVerificationError: The package for jedi located at /home/raahimnawaz/miniforge3/pkgs/jedi-0.20.0-pyhcf101f3_0
appears to be corrupted. The path 'site-packages/jedi/third_party/typeshed/stubs/qrcode/qrcode/image/styles/colormasks.pyi'
specified in the package manifest cannot be found.

CondaVerificationError: The package for jedi located at /home/raahimnawaz/miniforge3/pkgs/jedi-0.20.0-pyhcf101f3_0
appears to be corrupted. The path 'site-packages/jedi/third_party/typeshed/stubs/qrcode/qrcode/image/styles/moduledrawers/__init__.pyi'
specified in the package manifest cannot be found.

CondaVerificationError: The package for jedi located at /home/raahimnawaz/miniforge3/pkgs/jedi-0.20.0-pyhcf101f3_0
appears to be corrupted. The path 'site-packages/jedi/third_party/typeshed/stubs/qrcode/qrcode/image/styles/moduledrawers/base.pyi'
specified in the package manifest cannot be found.

CondaVerificationError: The package for jedi located at /home/raahimnawaz/miniforge3/pkgs/jedi-0.20.0-pyhcf101f3_0
appears to be corrupted. The path 'site-packages/jedi/third_party/typeshed/stubs/qrcode/qrcode/image/styles/moduledrawers/pil.pyi'
specified in the package manifest cannot be found.

CondaVerificationError: The package for jedi located at /home/raahimnawaz/miniforge3/pkgs/jedi-0.20.0-pyhcf101f3_0
appears to be corrupted. The path 'site-packages/jedi/third_party/typeshed/stubs/qrcode/qrcode/image/styles/moduledrawers/svg.pyi'
specified in the package manifest cannot be found.

CondaVerificationError: The package for jedi located at /home/raahimnawaz/miniforge3/pkgs/jedi-0.20.0-pyhcf101f3_0
appears to be corrupted. The path 'site-packages/jedi/third_party/typeshed/stubs/qrcode/qrcode/image/svg.pyi'
specified in the package manifest cannot be found.

CondaVerificationError: The package for jedi located at /home/raahimnawaz/miniforge3/pkgs/jedi-0.20.0-pyhcf101f3_0
appears to be corrupted. The path 'site-packages/jedi/third_party/typeshed/stubs/qrcode/qrcode/main.pyi'
specified in the package manifest cannot be found.

CondaVerificationError: The package for jedi located at /home/raahimnawaz/miniforge3/pkgs/jedi-0.20.0-pyhcf101f3_0
appears to be corrupted. The path 'site-packages/jedi/third_party/typeshed/stubs/qrcode/qrcode/release.pyi'
specified in the package manifest cannot be found.

CondaVerificationError: The package for jedi located at /home/raahimnawaz/miniforge3/pkgs/jedi-0.20.0-pyhcf101f3_0
appears to be corrupted. The path 'site-packages/jedi/third_party/typeshed/stubs/qrcode/qrcode/util.pyi'
specified in the package manifest cannot be found.

CondaVerificationError: The package for jedi located at /home/raahimnawaz/miniforge3/pkgs/jedi-0.20.0-pyhcf101f3_0
appears to be corrupted. The path 'site-packages/jedi/third_party/typeshed/stubs/ratelimit/ratelimit/__init__.pyi'
specified in the package manifest cannot be found.

CondaVerificationError: The package for jedi located at /home/raahimnawaz/miniforge3/pkgs/jedi-0.20.0-pyhcf101f3_0
appears to be corrupted. The path 'site-packages/jedi/third_party/typeshed/stubs/ratelimit/ratelimit/decorators.pyi'
specified in the package manifest cannot be found.

CondaVerificationError: The package for jedi located at /home/raahimnawaz/miniforge3/pkgs/jedi-0.20.0-pyhcf101f3_0
appears to be corrupted. The path 'site-packages/jedi/third_party/typeshed/stubs/ratelimit/ratelimit/exception.pyi'
specified in the package manifest cannot be found.

CondaVerificationError: The package for jedi located at /home/raahimnawaz/miniforge3/pkgs/jedi-0.20.0-pyhcf101f3_0
appears to be corrupted. The path 'site-packages/jedi/third_party/typeshed/stubs/regex/regex/__init__.pyi'
specified in the package manifest cannot be found.

CondaVerificationError: The package for jedi located at /home/raahimnawaz/miniforge3/pkgs/jedi-0.20.0-pyhcf101f3_0
appears to be corrupted. The path 'site-packages/jedi/third_party/typeshed/stubs/regex/regex/_main.pyi'
specified in the package manifest cannot be found.

CondaVerificationError: The package for jedi located at /home/raahimnawaz/miniforge3/pkgs/jedi-0.20.0-pyhcf101f3_0
appears to be corrupted. The path 'site-packages/jedi/third_party/typeshed/stubs/regex/regex/_regex.pyi'
specified in the package manifest cannot be found.

CondaVerificationError: The package for jedi located at /home/raahimnawaz/miniforge3/pkgs/jedi-0.20.0-pyhcf101f3_0
appears to be corrupted. The path 'site-packages/jedi/third_party/typeshed/stubs/regex/regex/_regex_core.pyi'
specified in the package manifest cannot be found.

CondaVerificationError: The package for jedi located at /home/raahimnawaz/miniforge3/pkgs/jedi-0.20.0-pyhcf101f3_0
appears to be corrupted. The path 'site-packages/jedi/third_party/typeshed/stubs/reportlab/reportlab/__init__.pyi'
specified in the package manifest cannot be found.

CondaVerificationError: The package for jedi located at /home/raahimnawaz/miniforge3/pkgs/jedi-0.20.0-pyhcf101f3_0
appears to be corrupted. The path 'site-packages/jedi/third_party/typeshed/stubs/reportlab/reportlab/graphics/__init__.pyi'
specified in the package manifest cannot be found.

CondaVerificationError: The package for jedi located at /home/raahimnawaz/miniforge3/pkgs/jedi-0.20.0-pyhcf101f3_0
appears to be corrupted. The path 'site-packages/jedi/third_party/typeshed/stubs/reportlab/reportlab/graphics/barcode/__init__.pyi'
specified in the package manifest cannot be found.

CondaVerificationError: The package for jedi located at /home/raahimnawaz/miniforge3/pkgs/jedi-0.20.0-pyhcf101f3_0
appears to be corrupted. The path 'site-packages/jedi/third_party/typeshed/stubs/reportlab/reportlab/graphics/barcode/code128.pyi'
specified in the package manifest cannot be found.

CondaVerificationError: The package for jedi located at /home/raahimnawaz/miniforge3/pkgs/jedi-0.20.0-pyhcf101f3_0
appears to be corrupted. The path 'site-packages/jedi/third_party/typeshed/stubs/reportlab/reportlab/graphics/barcode/code39.pyi'
specified in the package manifest cannot be found.

CondaVerificationError: The package for jedi located at /home/raahimnawaz/miniforge3/pkgs/jedi-0.20.0-pyhcf101f3_0
appears to be corrupted. The path 'site-packages/jedi/third_party/typeshed/stubs/reportlab/reportlab/graphics/barcode/code93.pyi'
specified in the package manifest cannot be found.

CondaVerificationError: The package for jedi located at /home/raahimnawaz/miniforge3/pkgs/jedi-0.20.0-pyhcf101f3_0
appears to be corrupted. The path 'site-packages/jedi/third_party/typeshed/stubs/reportlab/reportlab/graphics/barcode/common.pyi'
specified in the package manifest cannot be found.

CondaVerificationError: The package for jedi located at /home/raahimnawaz/miniforge3/pkgs/jedi-0.20.0-pyhcf101f3_0
appears to be corrupted. The path 'site-packages/jedi/third_party/typeshed/stubs/reportlab/reportlab/graphics/barcode/dmtx.pyi'
specified in the package manifest cannot be found.

CondaVerificationError: The package for jedi located at /home/raahimnawaz/miniforge3/pkgs/jedi-0.20.0-pyhcf101f3_0
appears to be corrupted. The path 'site-packages/jedi/third_party/typeshed/stubs/reportlab/reportlab/graphics/barcode/eanbc.pyi'
specified in the package manifest cannot be found.

CondaVerificationError: The package for jedi located at /home/raahimnawaz/miniforge3/pkgs/jedi-0.20.0-pyhcf101f3_0
appears to be corrupted. The path 'site-packages/jedi/third_party/typeshed/stubs/reportlab/reportlab/graphics/barcode/ecc200datamatrix.pyi'
specified in the package manifest cannot be found.

CondaVerificationError: The package for jedi located at /home/raahimnawaz/miniforge3/pkgs/jedi-0.20.0-pyhcf101f3_0
appears to be corrupted. The path 'site-packages/jedi/third_party/typeshed/stubs/reportlab/reportlab/graphics/barcode/fourstate.pyi'
specified in the package manifest cannot be found.

CondaVerificationError: The package for jedi located at /home/raahimnawaz/miniforge3/pkgs/jedi-0.20.0-pyhcf101f3_0
appears to be corrupted. The path 'site-packages/jedi/third_party/typeshed/stubs/reportlab/reportlab/graphics/barcode/lto.pyi'
specified in the package manifest cannot be found.

CondaVerificationError: The package for jedi located at /home/raahimnawaz/miniforge3/pkgs/jedi-0.20.0-pyhcf101f3_0
appears to be corrupted. The path 'site-packages/jedi/third_party/typeshed/stubs/reportlab/reportlab/graphics/barcode/qr.pyi'
specified in the package manifest cannot be found.

CondaVerificationError: The package for jedi located at /home/raahimnawaz/miniforge3/pkgs/jedi-0.20.0-pyhcf101f3_0
appears to be corrupted. The path 'site-packages/jedi/third_party/typeshed/stubs/reportlab/reportlab/graphics/barcode/qrencoder.pyi'
specified in the package manifest cannot be found.

CondaVerificationError: The package for jedi located at /home/raahimnawaz/miniforge3/pkgs/jedi-0.20.0-pyhcf101f3_0
appears to be corrupted. The path 'site-packages/jedi/third_party/typeshed/stubs/reportlab/reportlab/graphics/barcode/usps.pyi'
specified in the package manifest cannot be found.

CondaVerificationError: The package for jedi located at /home/raahimnawaz/miniforge3/pkgs/jedi-0.20.0-pyhcf101f3_0
appears to be corrupted. The path 'site-packages/jedi/third_party/typeshed/stubs/reportlab/reportlab/graphics/barcode/usps4s.pyi'
specified in the package manifest cannot be found.

CondaVerificationError: The package for jedi located at /home/raahimnawaz/miniforge3/pkgs/jedi-0.20.0-pyhcf101f3_0
appears to be corrupted. The path 'site-packages/jedi/third_party/typeshed/stubs/reportlab/reportlab/graphics/barcode/widgets.pyi'
specified in the package manifest cannot be found.

CondaVerificationError: The package for jedi located at /home/raahimnawaz/miniforge3/pkgs/jedi-0.20.0-pyhcf101f3_0
appears to be corrupted. The path 'site-packages/jedi/third_party/typeshed/stubs/reportlab/reportlab/graphics/charts/__init__.pyi'
specified in the package manifest cannot be found.

CondaVerificationError: The package for jedi located at /home/raahimnawaz/miniforge3/pkgs/jedi-0.20.0-pyhcf101f3_0
appears to be corrupted. The path 'site-packages/jedi/third_party/typeshed/stubs/reportlab/reportlab/graphics/charts/areas.pyi'
specified in the package manifest cannot be found.

CondaVerificationError: The package for jedi located at /home/raahimnawaz/miniforge3/pkgs/jedi-0.20.0-pyhcf101f3_0
appears to be corrupted. The path 'site-packages/jedi/third_party/typeshed/stubs/reportlab/reportlab/graphics/charts/axes.pyi'
specified in the package manifest cannot be found.

CondaVerificationError: The package for jedi located at /home/raahimnawaz/miniforge3/pkgs/jedi-0.20.0-pyhcf101f3_0
appears to be corrupted. The path 'site-packages/jedi/third_party/typeshed/stubs/reportlab/reportlab/graphics/charts/barcharts.pyi'
specified in the package manifest cannot be found.

CondaVerificationError: The package for jedi located at /home/raahimnawaz/miniforge3/pkgs/jedi-0.20.0-pyhcf101f3_0
appears to be corrupted. The path 'site-packages/jedi/third_party/typeshed/stubs/reportlab/reportlab/graphics/charts/dotbox.pyi'
specified in the package manifest cannot be found.

CondaVerificationError: The package for jedi located at /home/raahimnawaz/miniforge3/pkgs/jedi-0.20.0-pyhcf101f3_0
appears to be corrupted. The path 'site-packages/jedi/third_party/typeshed/stubs/reportlab/reportlab/graphics/charts/doughnut.pyi'
specified in the package manifest cannot be found.

CondaVerificationError: The package for jedi located at /home/raahimnawaz/miniforge3/pkgs/jedi-0.20.0-pyhcf101f3_0
appears to be corrupted. The path 'site-packages/jedi/third_party/typeshed/stubs/reportlab/reportlab/graphics/charts/legends.pyi'
specified in the package manifest cannot be found.

CondaVerificationError: The package for jedi located at /home/raahimnawaz/miniforge3/pkgs/jedi-0.20.0-pyhcf101f3_0
appears to be corrupted. The path 'site-packages/jedi/third_party/typeshed/stubs/reportlab/reportlab/graphics/charts/linecharts.pyi'
specified in the package manifest cannot be found.

CondaVerificationError: The package for jedi located at /home/raahimnawaz/miniforge3/pkgs/jedi-0.20.0-pyhcf101f3_0
appears to be corrupted. The path 'site-packages/jedi/third_party/typeshed/stubs/reportlab/reportlab/graphics/charts/lineplots.pyi'
specified in the package manifest cannot be found.

CondaVerificationError: The package for jedi located at /home/raahimnawaz/miniforge3/pkgs/jedi-0.20.0-pyhcf101f3_0
appears to be corrupted. The path 'site-packages/jedi/third_party/typeshed/stubs/reportlab/reportlab/graphics/charts/markers.pyi'
specified in the package manifest cannot be found.

CondaVerificationError: The package for jedi located at /home/raahimnawaz/miniforge3/pkgs/jedi-0.20.0-pyhcf101f3_0
appears to be corrupted. The path 'site-packages/jedi/third_party/typeshed/stubs/reportlab/reportlab/graphics/charts/piecharts.pyi'
specified in the package manifest cannot be found.

CondaVerificationError: The package for jedi located at /home/raahimnawaz/miniforge3/pkgs/jedi-0.20.0-pyhcf101f3_0
appears to be corrupted. The path 'site-packages/jedi/third_party/typeshed/stubs/reportlab/reportlab/graphics/charts/slidebox.pyi'
specified in the package manifest cannot be found.

CondaVerificationError: The package for jedi located at /home/raahimnawaz/miniforge3/pkgs/jedi-0.20.0-pyhcf101f3_0
appears to be corrupted. The path 'site-packages/jedi/third_party/typeshed/stubs/reportlab/reportlab/graphics/charts/spider.pyi'
specified in the package manifest cannot be found.

CondaVerificationError: The package for jedi located at /home/raahimnawaz/miniforge3/pkgs/jedi-0.20.0-pyhcf101f3_0
appears to be corrupted. The path 'site-packages/jedi/third_party/typeshed/stubs/reportlab/reportlab/graphics/charts/textlabels.pyi'
specified in the package manifest cannot be found.

CondaVerificationError: The package for jedi located at /home/raahimnawaz/miniforge3/pkgs/jedi-0.20.0-pyhcf101f3_0
appears to be corrupted. The path 'site-packages/jedi/third_party/typeshed/stubs/reportlab/reportlab/graphics/charts/utils.pyi'
specified in the package manifest cannot be found.

CondaVerificationError: The package for jedi located at /home/raahimnawaz/miniforge3/pkgs/jedi-0.20.0-pyhcf101f3_0
appears to be corrupted. The path 'site-packages/jedi/third_party/typeshed/stubs/reportlab/reportlab/graphics/charts/utils3d.pyi'
specified in the package manifest cannot be found.

CondaVerificationError: The package for jedi located at /home/raahimnawaz/miniforge3/pkgs/jedi-0.20.0-pyhcf101f3_0
appears to be corrupted. The path 'site-packages/jedi/third_party/typeshed/stubs/reportlab/reportlab/graphics/renderPDF.pyi'
specified in the package manifest cannot be found.

CondaVerificationError: The package for jedi located at /home/raahimnawaz/miniforge3/pkgs/jedi-0.20.0-pyhcf101f3_0
appears to be corrupted. The path 'site-packages/jedi/third_party/typeshed/stubs/reportlab/reportlab/graphics/renderPM.pyi'
specified in the package manifest cannot be found.

CondaVerificationError: The package for jedi located at /home/raahimnawaz/miniforge3/pkgs/jedi-0.20.0-pyhcf101f3_0
appears to be corrupted. The path 'site-packages/jedi/third_party/typeshed/stubs/reportlab/reportlab/graphics/renderPS.pyi'
specified in the package manifest cannot be found.

CondaVerificationError: The package for jedi located at /home/raahimnawaz/miniforge3/pkgs/jedi-0.20.0-pyhcf101f3_0
appears to be corrupted. The path 'site-packages/jedi/third_party/typeshed/stubs/reportlab/reportlab/graphics/renderSVG.pyi'
specified in the package manifest cannot be found.

CondaVerificationError: The package for jedi located at /home/raahimnawaz/miniforge3/pkgs/jedi-0.20.0-pyhcf101f3_0
appears to be corrupted. The path 'site-packages/jedi/third_party/typeshed/stubs/reportlab/reportlab/graphics/renderbase.pyi'
specified in the package manifest cannot be found.

CondaVerificationError: The package for jedi located at /home/raahimnawaz/miniforge3/pkgs/jedi-0.20.0-pyhcf101f3_0
appears to be corrupted. The path 'site-packages/jedi/third_party/typeshed/stubs/reportlab/reportlab/graphics/samples/__init__.pyi'
specified in the package manifest cannot be found.

CondaVerificationError: The package for jedi located at /home/raahimnawaz/miniforge3/pkgs/jedi-0.20.0-pyhcf101f3_0
appears to be corrupted. The path 'site-packages/jedi/third_party/typeshed/stubs/reportlab/reportlab/graphics/samples/bubble.pyi'
specified in the package manifest cannot be found.

CondaVerificationError: The package for jedi located at /home/raahimnawaz/miniforge3/pkgs/jedi-0.20.0-pyhcf101f3_0
appears to be corrupted. The path 'site-packages/jedi/third_party/typeshed/stubs/reportlab/reportlab/graphics/samples/clustered_bar.pyi'
specified in the package manifest cannot be found.

CondaVerificationError: The package for jedi located at /home/raahimnawaz/miniforge3/pkgs/jedi-0.20.0-pyhcf101f3_0
appears to be corrupted. The path 'site-packages/jedi/third_party/typeshed/stubs/reportlab/reportlab/graphics/samples/clustered_column.pyi'
specified in the package manifest cannot be found.

CondaVerificationError: The package for jedi located at /home/raahimnawaz/miniforge3/pkgs/jedi-0.20.0-pyhcf101f3_0
appears to be corrupted. The path 'site-packages/jedi/third_party/typeshed/stubs/reportlab/reportlab/graphics/samples/excelcolors.pyi'
specified in the package manifest cannot be found.

CondaVerificationError: The package for jedi located at /home/raahimnawaz/miniforge3/pkgs/jedi-0.20.0-pyhcf101f3_0
appears to be corrupted. The path 'site-packages/jedi/third_party/typeshed/stubs/reportlab/reportlab/graphics/samples/exploded_pie.pyi'
specified in the package manifest cannot be found.

CondaVerificationError: The package for jedi located at /home/raahimnawaz/miniforge3/pkgs/jedi-0.20.0-pyhcf101f3_0
appears to be corrupted. The path 'site-packages/jedi/third_party/typeshed/stubs/reportlab/reportlab/graphics/samples/filled_radar.pyi'
specified in the package manifest cannot be found.

CondaVerificationError: The package for jedi located at /home/raahimnawaz/miniforge3/pkgs/jedi-0.20.0-pyhcf101f3_0
appears to be corrupted. The path 'site-packages/jedi/third_party/typeshed/stubs/reportlab/reportlab/graphics/samples/line_chart.pyi'
specified in the package manifest cannot be found.

CondaVerificationError: The package for jedi located at /home/raahimnawaz/miniforge3/pkgs/jedi-0.20.0-pyhcf101f3_0
appears to be corrupted. The path 'site-packages/jedi/third_party/typeshed/stubs/reportlab/reportlab/graphics/samples/linechart_with_markers.pyi'
specified in the package manifest cannot be found.

CondaVerificationError: The package for jedi located at /home/raahimnawaz/miniforge3/pkgs/jedi-0.20.0-pyhcf101f3_0
appears to be corrupted. The path 'site-packages/jedi/third_party/typeshed/stubs/reportlab/reportlab/graphics/samples/radar.pyi'
specified in the package manifest cannot be found.

CondaVerificationError: The package for jedi located at /home/raahimnawaz/miniforge3/pkgs/jedi-0.20.0-pyhcf101f3_0
appears to be corrupted. The path 'site-packages/jedi/third_party/typeshed/stubs/reportlab/reportlab/graphics/samples/runall.pyi'
specified in the package manifest cannot be found.

CondaVerificationError: The package for jedi located at /home/raahimnawaz/miniforge3/pkgs/jedi-0.20.0-pyhcf101f3_0
appears to be corrupted. The path 'site-packages/jedi/third_party/typeshed/stubs/reportlab/reportlab/graphics/samples/scatter.pyi'
specified in the package manifest cannot be found.

CondaVerificationError: The package for jedi located at /home/raahimnawaz/miniforge3/pkgs/jedi-0.20.0-pyhcf101f3_0
appears to be corrupted. The path 'site-packages/jedi/third_party/typeshed/stubs/reportlab/reportlab/graphics/samples/scatter_lines.pyi'
specified in the package manifest cannot be found.

CondaVerificationError: The package for jedi located at /home/raahimnawaz/miniforge3/pkgs/jedi-0.20.0-pyhcf101f3_0
appears to be corrupted. The path 'site-packages/jedi/third_party/typeshed/stubs/reportlab/reportlab/graphics/samples/scatter_lines_markers.pyi'
specified in the package manifest cannot be found.

CondaVerificationError: The package for jedi located at /home/raahimnawaz/miniforge3/pkgs/jedi-0.20.0-pyhcf101f3_0
appears to be corrupted. The path 'site-packages/jedi/third_party/typeshed/stubs/reportlab/reportlab/graphics/samples/simple_pie.pyi'
specified in the package manifest cannot be found.

CondaVerificationError: The package for jedi located at /home/raahimnawaz/miniforge3/pkgs/jedi-0.20.0-pyhcf101f3_0
appears to be corrupted. The path 'site-packages/jedi/third_party/typeshed/stubs/reportlab/reportlab/graphics/samples/stacked_bar.pyi'
specified in the package manifest cannot be found.

CondaVerificationError: The package for jedi located at /home/raahimnawaz/miniforge3/pkgs/jedi-0.20.0-pyhcf101f3_0
appears to be corrupted. The path 'site-packages/jedi/third_party/typeshed/stubs/reportlab/reportlab/graphics/samples/stacked_column.pyi'
specified in the package manifest cannot be found.

CondaVerificationError: The package for jedi located at /home/raahimnawaz/miniforge3/pkgs/jedi-0.20.0-pyhcf101f3_0
appears to be corrupted. The path 'site-packages/jedi/third_party/typeshed/stubs/reportlab/reportlab/graphics/shapes.pyi'
specified in the package manifest cannot be found.

CondaVerificationError: The package for jedi located at /home/raahimnawaz/miniforge3/pkgs/jedi-0.20.0-pyhcf101f3_0
appears to be corrupted. The path 'site-packages/jedi/third_party/typeshed/stubs/reportlab/reportlab/graphics/svgpath.pyi'
specified in the package manifest cannot be found.

CondaVerificationError: The package for jedi located at /home/raahimnawaz/miniforge3/pkgs/jedi-0.20.0-pyhcf101f3_0
appears to be corrupted. The path 'site-packages/jedi/third_party/typeshed/stubs/reportlab/reportlab/graphics/transform.pyi'
specified in the package manifest cannot be found.

CondaVerificationError: The package for jedi located at /home/raahimnawaz/miniforge3/pkgs/jedi-0.20.0-pyhcf101f3_0
appears to be corrupted. The path 'site-packages/jedi/third_party/typeshed/stubs/reportlab/reportlab/graphics/utils.pyi'
specified in the package manifest cannot be found.

CondaVerificationError: The package for jedi located at /home/raahimnawaz/miniforge3/pkgs/jedi-0.20.0-pyhcf101f3_0
appears to be corrupted. The path 'site-packages/jedi/third_party/typeshed/stubs/reportlab/reportlab/graphics/widgetbase.pyi'
specified in the package manifest cannot be found.

CondaVerificationError: The package for jedi located at /home/raahimnawaz/miniforge3/pkgs/jedi-0.20.0-pyhcf101f3_0
appears to be corrupted. The path 'site-packages/jedi/third_party/typeshed/stubs/reportlab/reportlab/graphics/widgets/__init__.pyi'
specified in the package manifest cannot be found.

CondaVerificationError: The package for jedi located at /home/raahimnawaz/miniforge3/pkgs/jedi-0.20.0-pyhcf101f3_0
appears to be corrupted. The path 'site-packages/jedi/third_party/typeshed/stubs/reportlab/reportlab/graphics/widgets/adjustableArrow.pyi'
specified in the package manifest cannot be found.

CondaVerificationError: The package for jedi located at /home/raahimnawaz/miniforge3/pkgs/jedi-0.20.0-pyhcf101f3_0
appears to be corrupted. The path 'site-packages/jedi/third_party/typeshed/stubs/reportlab/reportlab/graphics/widgets/eventcal.pyi'
specified in the package manifest cannot be found.

CondaVerificationError: The package for jedi located at /home/raahimnawaz/miniforge3/pkgs/jedi-0.20.0-pyhcf101f3_0
appears to be corrupted. The path 'site-packages/jedi/third_party/typeshed/stubs/reportlab/reportlab/graphics/widgets/flags.pyi'
specified in the package manifest cannot be found.

CondaVerificationError: The package for jedi located at /home/raahimnawaz/miniforge3/pkgs/jedi-0.20.0-pyhcf101f3_0
appears to be corrupted. The path 'site-packages/jedi/third_party/typeshed/stubs/reportlab/reportlab/graphics/widgets/grids.pyi'
specified in the package manifest cannot be found.

CondaVerificationError: The package for jedi located at /home/raahimnawaz/miniforge3/pkgs/jedi-0.20.0-pyhcf101f3_0
appears to be corrupted. The path 'site-packages/jedi/third_party/typeshed/stubs/reportlab/reportlab/graphics/widgets/markers.pyi'
specified in the package manifest cannot be found.

CondaVerificationError: The package for jedi located at /home/raahimnawaz/miniforge3/pkgs/jedi-0.20.0-pyhcf101f3_0
appears to be corrupted. The path 'site-packages/jedi/third_party/typeshed/stubs/reportlab/reportlab/graphics/widgets/signsandsymbols.pyi'
specified in the package manifest cannot be found.

CondaVerificationError: The package for jedi located at /home/raahimnawaz/miniforge3/pkgs/jedi-0.20.0-pyhcf101f3_0
appears to be corrupted. The path 'site-packages/jedi/third_party/typeshed/stubs/reportlab/reportlab/graphics/widgets/table.pyi'
specified in the package manifest cannot be found.

CondaVerificationError: The package for jedi located at /home/raahimnawaz/miniforge3/pkgs/jedi-0.20.0-pyhcf101f3_0
appears to be corrupted. The path 'site-packages/jedi/third_party/typeshed/stubs/reportlab/reportlab/lib/PyFontify.pyi'
specified in the package manifest cannot be found.

CondaVerificationError: The package for jedi located at /home/raahimnawaz/miniforge3/pkgs/jedi-0.20.0-pyhcf101f3_0
appears to be corrupted. The path 'site-packages/jedi/third_party/typeshed/stubs/reportlab/reportlab/lib/__init__.pyi'
specified in the package manifest cannot be found.

CondaVerificationError: The package for jedi located at /home/raahimnawaz/miniforge3/pkgs/jedi-0.20.0-pyhcf101f3_0
appears to be corrupted. The path 'site-packages/jedi/third_party/typeshed/stubs/reportlab/reportlab/lib/abag.pyi'
specified in the package manifest cannot be found.

CondaVerificationError: The package for jedi located at /home/raahimnawaz/miniforge3/pkgs/jedi-0.20.0-pyhcf101f3_0
appears to be corrupted. The path 'site-packages/jedi/third_party/typeshed/stubs/reportlab/reportlab/lib/arciv.pyi'
specified in the package manifest cannot be found.

CondaVerificationError: The package for jedi located at /home/raahimnawaz/miniforge3/pkgs/jedi-0.20.0-pyhcf101f3_0
appears to be corrupted. The path 'site-packages/jedi/third_party/typeshed/stubs/reportlab/reportlab/lib/attrmap.pyi'
specified in the package manifest cannot be found.

CondaVerificationError: The package for jedi located at /home/raahimnawaz/miniforge3/pkgs/jedi-0.20.0-pyhcf101f3_0
appears to be corrupted. The path 'site-packages/jedi/third_party/typeshed/stubs/reportlab/reportlab/lib/boxstuff.pyi'
specified in the package manifest cannot be found.

CondaVerificationError: The package for jedi located at /home/raahimnawaz/miniforge3/pkgs/jedi-0.20.0-pyhcf101f3_0
appears to be corrupted. The path 'site-packages/jedi/third_party/typeshed/stubs/reportlab/reportlab/lib/codecharts.pyi'
specified in the package manifest cannot be found.

CondaVerificationError: The package for jedi located at /home/raahimnawaz/miniforge3/pkgs/jedi-0.20.0-pyhcf101f3_0
appears to be corrupted. The path 'site-packages/jedi/third_party/typeshed/stubs/reportlab/reportlab/lib/colors.pyi'
specified in the package manifest cannot be found.

CondaVerificationError: The package for jedi located at /home/raahimnawaz/miniforge3/pkgs/jedi-0.20.0-pyhcf101f3_0
appears to be corrupted. The path 'site-packages/jedi/third_party/typeshed/stubs/reportlab/reportlab/lib/corp.pyi'
specified in the package manifest cannot be found.

CondaVerificationError: The package for jedi located at /home/raahimnawaz/miniforge3/pkgs/jedi-0.20.0-pyhcf101f3_0
appears to be corrupted. The path 'site-packages/jedi/third_party/typeshed/stubs/reportlab/reportlab/lib/enums.pyi'
specified in the package manifest cannot be found.

CondaVerificationError: The package for jedi located at /home/raahimnawaz/miniforge3/pkgs/jedi-0.20.0-pyhcf101f3_0
appears to be corrupted. The path 'site-packages/jedi/third_party/typeshed/stubs/reportlab/reportlab/lib/extformat.pyi'
specified in the package manifest cannot be found.

CondaVerificationError: The package for jedi located at /home/raahimnawaz/miniforge3/pkgs/jedi-0.20.0-pyhcf101f3_0
appears to be corrupted. The path 'site-packages/jedi/third_party/typeshed/stubs/reportlab/reportlab/lib/fontfinder.pyi'
specified in the package manifest cannot be found.

CondaVerificationError: The package for jedi located at /home/raahimnawaz/miniforge3/pkgs/jedi-0.20.0-pyhcf101f3_0
appears to be corrupted. The path 'site-packages/jedi/third_party/typeshed/stubs/reportlab/reportlab/lib/fonts.pyi'
specified in the package manifest cannot be found.

CondaVerificationError: The package for jedi located at /home/raahimnawaz/miniforge3/pkgs/jedi-0.20.0-pyhcf101f3_0
appears to be corrupted. The path 'site-packages/jedi/third_party/typeshed/stubs/reportlab/reportlab/lib/formatters.pyi'
specified in the package manifest cannot be found.

CondaVerificationError: The package for jedi located at /home/raahimnawaz/miniforge3/pkgs/jedi-0.20.0-pyhcf101f3_0
appears to be corrupted. The path 'site-packages/jedi/third_party/typeshed/stubs/reportlab/reportlab/lib/geomutils.pyi'
specified in the package manifest cannot be found.

CondaVerificationError: The package for jedi located at /home/raahimnawaz/miniforge3/pkgs/jedi-0.20.0-pyhcf101f3_0
appears to be corrupted. The path 'site-packages/jedi/third_party/typeshed/stubs/reportlab/reportlab/lib/logger.pyi'
specified in the package manifest cannot be found.

CondaVerificationError: The package for jedi located at /home/raahimnawaz/miniforge3/pkgs/jedi-0.20.0-pyhcf101f3_0
appears to be corrupted. The path 'site-packages/jedi/third_party/typeshed/stubs/reportlab/reportlab/lib/normalDate.pyi'
specified in the package manifest cannot be found.

CondaVerificationError: The package for jedi located at /home/raahimnawaz/miniforge3/pkgs/jedi-0.20.0-pyhcf101f3_0
appears to be corrupted. The path 'site-packages/jedi/third_party/typeshed/stubs/reportlab/reportlab/lib/pagesizes.pyi'
specified in the package manifest cannot be found.

CondaVerificationError: The package for jedi located at /home/raahimnawaz/miniforge3/pkgs/jedi-0.20.0-pyhcf101f3_0
appears to be corrupted. The path 'site-packages/jedi/third_party/typeshed/stubs/reportlab/reportlab/lib/pdfencrypt.pyi'
specified in the package manifest cannot be found.

CondaVerificationError: The package for jedi located at /home/raahimnawaz/miniforge3/pkgs/jedi-0.20.0-pyhcf101f3_0
appears to be corrupted. The path 'site-packages/jedi/third_party/typeshed/stubs/reportlab/reportlab/lib/pygments2xpre.pyi'
specified in the package manifest cannot be found.

CondaVerificationError: The package for jedi located at /home/raahimnawaz/miniforge3/pkgs/jedi-0.20.0-pyhcf101f3_0
appears to be corrupted. The path 'site-packages/jedi/third_party/typeshed/stubs/reportlab/reportlab/lib/randomtext.pyi'
specified in the package manifest cannot be found.

CondaVerificationError: The package for jedi located at /home/raahimnawaz/miniforge3/pkgs/jedi-0.20.0-pyhcf101f3_0
appears to be corrupted. The path 'site-packages/jedi/third_party/typeshed/stubs/reportlab/reportlab/lib/rl_accel.pyi'
specified in the package manifest cannot be found.

CondaVerificationError: The package for jedi located at /home/raahimnawaz/miniforge3/pkgs/jedi-0.20.0-pyhcf101f3_0
appears to be corrupted. The path 'site-packages/jedi/third_party/typeshed/stubs/reportlab/reportlab/lib/rl_safe_eval.pyi'
specified in the package manifest cannot be found.

CondaVerificationError: The package for jedi located at /home/raahimnawaz/miniforge3/pkgs/jedi-0.20.0-pyhcf101f3_0
appears to be corrupted. The path 'site-packages/jedi/third_party/typeshed/stubs/reportlab/reportlab/lib/rltempfile.pyi'
specified in the package manifest cannot be found.

CondaVerificationError: The package for jedi located at /home/raahimnawaz/miniforge3/pkgs/jedi-0.20.0-pyhcf101f3_0
appears to be corrupted. The path 'site-packages/jedi/third_party/typeshed/stubs/reportlab/reportlab/lib/rparsexml.pyi'
specified in the package manifest cannot be found.

CondaVerificationError: The package for jedi located at /home/raahimnawaz/miniforge3/pkgs/jedi-0.20.0-pyhcf101f3_0
appears to be corrupted. The path 'site-packages/jedi/third_party/typeshed/stubs/reportlab/reportlab/lib/sequencer.pyi'
specified in the package manifest cannot be found.

CondaVerificationError: The package for jedi located at /home/raahimnawaz/miniforge3/pkgs/jedi-0.20.0-pyhcf101f3_0
appears to be corrupted. The path 'site-packages/jedi/third_party/typeshed/stubs/reportlab/reportlab/lib/styles.pyi'
specified in the package manifest cannot be found.

CondaVerificationError: The package for jedi located at /home/raahimnawaz/miniforge3/pkgs/jedi-0.20.0-pyhcf101f3_0
appears to be corrupted. The path 'site-packages/jedi/third_party/typeshed/stubs/reportlab/reportlab/lib/testutils.pyi'
specified in the package manifest cannot be found.

CondaVerificationError: The package for jedi located at /home/raahimnawaz/miniforge3/pkgs/jedi-0.20.0-pyhcf101f3_0
appears to be corrupted. The path 'site-packages/jedi/third_party/typeshed/stubs/reportlab/reportlab/lib/textsplit.pyi'
specified in the package manifest cannot be found.

CondaVerificationError: The package for jedi located at /home/raahimnawaz/miniforge3/pkgs/jedi-0.20.0-pyhcf101f3_0
appears to be corrupted. The path 'site-packages/jedi/third_party/typeshed/stubs/reportlab/reportlab/lib/units.pyi'
specified in the package manifest cannot be found.

CondaVerificationError: The package for jedi located at /home/raahimnawaz/miniforge3/pkgs/jedi-0.20.0-pyhcf101f3_0
appears to be corrupted. The path 'site-packages/jedi/third_party/typeshed/stubs/reportlab/reportlab/lib/utils.pyi'
specified in the package manifest cannot be found.

CondaVerificationError: The package for jedi located at /home/raahimnawaz/miniforge3/pkgs/jedi-0.20.0-pyhcf101f3_0
appears to be corrupted. The path 'site-packages/jedi/third_party/typeshed/stubs/reportlab/reportlab/lib/validators.pyi'
specified in the package manifest cannot be found.

CondaVerificationError: The package for jedi located at /home/raahimnawaz/miniforge3/pkgs/jedi-0.20.0-pyhcf101f3_0
appears to be corrupted. The path 'site-packages/jedi/third_party/typeshed/stubs/reportlab/reportlab/lib/yaml.pyi'
specified in the package manifest cannot be found.

CondaVerificationError: The package for jedi located at /home/raahimnawaz/miniforge3/pkgs/jedi-0.20.0-pyhcf101f3_0
appears to be corrupted. The path 'site-packages/jedi/third_party/typeshed/stubs/reportlab/reportlab/pdfbase/__init__.pyi'
specified in the package manifest cannot be found.

CondaVerificationError: The package for jedi located at /home/raahimnawaz/miniforge3/pkgs/jedi-0.20.0-pyhcf101f3_0
appears to be corrupted. The path 'site-packages/jedi/third_party/typeshed/stubs/reportlab/reportlab/pdfbase/acroform.pyi'
specified in the package manifest cannot be found.

CondaVerificationError: The package for jedi located at /home/raahimnawaz/miniforge3/pkgs/jedi-0.20.0-pyhcf101f3_0
appears to be corrupted. The path 'site-packages/jedi/third_party/typeshed/stubs/reportlab/reportlab/pdfbase/cidfonts.pyi'
specified in the package manifest cannot be found.

CondaVerificationError: The package for jedi located at /home/raahimnawaz/miniforge3/pkgs/jedi-0.20.0-pyhcf101f3_0
appears to be corrupted. The path 'site-packages/jedi/third_party/typeshed/stubs/reportlab/reportlab/pdfbase/pdfdoc.pyi'
specified in the package manifest cannot be found.

CondaVerificationError: The package for jedi located at /home/raahimnawaz/miniforge3/pkgs/jedi-0.20.0-pyhcf101f3_0
appears to be corrupted. The path 'site-packages/jedi/third_party/typeshed/stubs/reportlab/reportlab/pdfbase/pdfform.pyi'
specified in the package manifest cannot be found.

CondaVerificationError: The package for jedi located at /home/raahimnawaz/miniforge3/pkgs/jedi-0.20.0-pyhcf101f3_0
appears to be corrupted. The path 'site-packages/jedi/third_party/typeshed/stubs/reportlab/reportlab/pdfbase/pdfmetrics.pyi'
specified in the package manifest cannot be found.

CondaVerificationError: The package for jedi located at /home/raahimnawaz/miniforge3/pkgs/jedi-0.20.0-pyhcf101f3_0
appears to be corrupted. The path 'site-packages/jedi/third_party/typeshed/stubs/reportlab/reportlab/pdfbase/pdfpattern.pyi'
specified in the package manifest cannot be found.

CondaVerificationError: The package for jedi located at /home/raahimnawaz/miniforge3/pkgs/jedi-0.20.0-pyhcf101f3_0
appears to be corrupted. The path 'site-packages/jedi/third_party/typeshed/stubs/reportlab/reportlab/pdfbase/pdfutils.pyi'
specified in the package manifest cannot be found.

CondaVerificationError: The package for jedi located at /home/raahimnawaz/miniforge3/pkgs/jedi-0.20.0-pyhcf101f3_0
appears to be corrupted. The path 'site-packages/jedi/third_party/typeshed/stubs/reportlab/reportlab/pdfbase/rl_codecs.pyi'
specified in the package manifest cannot be found.

CondaVerificationError: The package for jedi located at /home/raahimnawaz/miniforge3/pkgs/jedi-0.20.0-pyhcf101f3_0
appears to be corrupted. The path 'site-packages/jedi/third_party/typeshed/stubs/reportlab/reportlab/pdfbase/ttfonts.pyi'
specified in the package manifest cannot be found.

CondaVerificationError: The package for jedi located at /home/raahimnawaz/miniforge3/pkgs/jedi-0.20.0-pyhcf101f3_0
appears to be corrupted. The path 'site-packages/jedi/third_party/typeshed/stubs/reportlab/reportlab/pdfgen/__init__.pyi'
specified in the package manifest cannot be found.

CondaVerificationError: The package for jedi located at /home/raahimnawaz/miniforge3/pkgs/jedi-0.20.0-pyhcf101f3_0
appears to be corrupted. The path 'site-packages/jedi/third_party/typeshed/stubs/reportlab/reportlab/pdfgen/canvas.pyi'
specified in the package manifest cannot be found.

CondaVerificationError: The package for jedi located at /home/raahimnawaz/miniforge3/pkgs/jedi-0.20.0-pyhcf101f3_0
appears to be corrupted. The path 'site-packages/jedi/third_party/typeshed/stubs/reportlab/reportlab/pdfgen/pathobject.pyi'
specified in the package manifest cannot be found.

CondaVerificationError: The package for jedi located at /home/raahimnawaz/miniforge3/pkgs/jedi-0.20.0-pyhcf101f3_0
appears to be corrupted. The path 'site-packages/jedi/third_party/typeshed/stubs/reportlab/reportlab/pdfgen/pdfgeom.pyi'
specified in the package manifest cannot be found.

CondaVerificationError: The package for jedi located at /home/raahimnawaz/miniforge3/pkgs/jedi-0.20.0-pyhcf101f3_0
appears to be corrupted. The path 'site-packages/jedi/third_party/typeshed/stubs/reportlab/reportlab/pdfgen/pdfimages.pyi'
specified in the package manifest cannot be found.

CondaVerificationError: The package for jedi located at /home/raahimnawaz/miniforge3/pkgs/jedi-0.20.0-pyhcf101f3_0
appears to be corrupted. The path 'site-packages/jedi/third_party/typeshed/stubs/reportlab/reportlab/pdfgen/textobject.pyi'
specified in the package manifest cannot be found.

CondaVerificationError: The package for jedi located at /home/raahimnawaz/miniforge3/pkgs/jedi-0.20.0-pyhcf101f3_0
appears to be corrupted. The path 'site-packages/jedi/third_party/typeshed/stubs/reportlab/reportlab/platypus/__init__.pyi'
specified in the package manifest cannot be found.

CondaVerificationError: The package for jedi located at /home/raahimnawaz/miniforge3/pkgs/jedi-0.20.0-pyhcf101f3_0
appears to be corrupted. The path 'site-packages/jedi/third_party/typeshed/stubs/reportlab/reportlab/platypus/doctemplate.pyi'
specified in the package manifest cannot be found.

CondaVerificationError: The package for jedi located at /home/raahimnawaz/miniforge3/pkgs/jedi-0.20.0-pyhcf101f3_0
appears to be corrupted. The path 'site-packages/jedi/third_party/typeshed/stubs/reportlab/reportlab/platypus/figures.pyi'
specified in the package manifest cannot be found.

CondaVerificationError: The package for jedi located at /home/raahimnawaz/miniforge3/pkgs/jedi-0.20.0-pyhcf101f3_0
appears to be corrupted. The path 'site-packages/jedi/third_party/typeshed/stubs/reportlab/reportlab/platypus/flowables.pyi'
specified in the package manifest cannot be found.

CondaVerificationError: The package for jedi located at /home/raahimnawaz/miniforge3/pkgs/jedi-0.20.0-pyhcf101f3_0
appears to be corrupted. The path 'site-packages/jedi/third_party/typeshed/stubs/reportlab/reportlab/platypus/frames.pyi'
specified in the package manifest cannot be found.

CondaVerificationError: The package for jedi located at /home/raahimnawaz/miniforge3/pkgs/jedi-0.20.0-pyhcf101f3_0
appears to be corrupted. The path 'site-packages/jedi/third_party/typeshed/stubs/reportlab/reportlab/platypus/multicol.pyi'
specified in the package manifest cannot be found.

CondaVerificationError: The package for jedi located at /home/raahimnawaz/miniforge3/pkgs/jedi-0.20.0-pyhcf101f3_0
appears to be corrupted. The path 'site-packages/jedi/third_party/typeshed/stubs/reportlab/reportlab/platypus/para.pyi'
specified in the package manifest cannot be found.

CondaVerificationError: The package for jedi located at /home/raahimnawaz/miniforge3/pkgs/jedi-0.20.0-pyhcf101f3_0
appears to be corrupted. The path 'site-packages/jedi/third_party/typeshed/stubs/reportlab/reportlab/platypus/paragraph.pyi'
specified in the package manifest cannot be found.

CondaVerificationError: The package for jedi located at /home/raahimnawaz/miniforge3/pkgs/jedi-0.20.0-pyhcf101f3_0
appears to be corrupted. The path 'site-packages/jedi/third_party/typeshed/stubs/reportlab/reportlab/platypus/paraparser.pyi'
specified in the package manifest cannot be found.

CondaVerificationError: The package for jedi located at /home/raahimnawaz/miniforge3/pkgs/jedi-0.20.0-pyhcf101f3_0
appears to be corrupted. The path 'site-packages/jedi/third_party/typeshed/stubs/reportlab/reportlab/platypus/tableofcontents.pyi'
specified in the package manifest cannot be found.

CondaVerificationError: The package for jedi located at /home/raahimnawaz/miniforge3/pkgs/jedi-0.20.0-pyhcf101f3_0
appears to be corrupted. The path 'site-packages/jedi/third_party/typeshed/stubs/reportlab/reportlab/platypus/tables.pyi'
specified in the package manifest cannot be found.

CondaVerificationError: The package for jedi located at /home/raahimnawaz/miniforge3/pkgs/jedi-0.20.0-pyhcf101f3_0
appears to be corrupted. The path 'site-packages/jedi/third_party/typeshed/stubs/reportlab/reportlab/platypus/xpreformatted.pyi'
specified in the package manifest cannot be found.

CondaVerificationError: The package for jedi located at /home/raahimnawaz/miniforge3/pkgs/jedi-0.20.0-pyhcf101f3_0
appears to be corrupted. The path 'site-packages/jedi/third_party/typeshed/stubs/reportlab/reportlab/rl_config.pyi'
specified in the package manifest cannot be found.

CondaVerificationError: The package for jedi located at /home/raahimnawaz/miniforge3/pkgs/jedi-0.20.0-pyhcf101f3_0
appears to be corrupted. The path 'site-packages/jedi/third_party/typeshed/stubs/reportlab/reportlab/rl_settings.pyi'
specified in the package manifest cannot be found.

CondaVerificationError: The package for jedi located at /home/raahimnawaz/miniforge3/pkgs/jedi-0.20.0-pyhcf101f3_0
appears to be corrupted. The path 'site-packages/jedi/third_party/typeshed/stubs/requests/requests/__init__.pyi'
specified in the package manifest cannot be found.

CondaVerificationError: The package for jedi located at /home/raahimnawaz/miniforge3/pkgs/jedi-0.20.0-pyhcf101f3_0
appears to be corrupted. The path 'site-packages/jedi/third_party/typeshed/stubs/requests/requests/__version__.pyi'
specified in the package manifest cannot be found.

CondaVerificationError: The package for jedi located at /home/raahimnawaz/miniforge3/pkgs/jedi-0.20.0-pyhcf101f3_0
appears to be corrupted. The path 'site-packages/jedi/third_party/typeshed/stubs/requests/requests/adapters.pyi'
specified in the package manifest cannot be found.

CondaVerificationError: The package for jedi located at /home/raahimnawaz/miniforge3/pkgs/jedi-0.20.0-pyhcf101f3_0
appears to be corrupted. The path 'site-packages/jedi/third_party/typeshed/stubs/requests/requests/api.pyi'
specified in the package manifest cannot be found.

CondaVerificationError: The package for jedi located at /home/raahimnawaz/miniforge3/pkgs/jedi-0.20.0-pyhcf101f3_0
appears to be corrupted. The path 'site-packages/jedi/third_party/typeshed/stubs/requests/requests/auth.pyi'
specified in the package manifest cannot be found.

CondaVerificationError: The package for jedi located at /home/raahimnawaz/miniforge3/pkgs/jedi-0.20.0-pyhcf101f3_0
appears to be corrupted. The path 'site-packages/jedi/third_party/typeshed/stubs/requests/requests/certs.pyi'
specified in the package manifest cannot be found.

CondaVerificationError: The package for jedi located at /home/raahimnawaz/miniforge3/pkgs/jedi-0.20.0-pyhcf101f3_0
appears to be corrupted. The path 'site-packages/jedi/third_party/typeshed/stubs/requests/requests/compat.pyi'
specified in the package manifest cannot be found.

CondaVerificationError: The package for jedi located at /home/raahimnawaz/miniforge3/pkgs/jedi-0.20.0-pyhcf101f3_0
appears to be corrupted. The path 'site-packages/jedi/third_party/typeshed/stubs/requests/requests/cookies.pyi'
specified in the package manifest cannot be found.

CondaVerificationError: The package for jedi located at /home/raahimnawaz/miniforge3/pkgs/jedi-0.20.0-pyhcf101f3_0
appears to be corrupted. The path 'site-packages/jedi/third_party/typeshed/stubs/requests/requests/exceptions.pyi'
specified in the package manifest cannot be found.

CondaVerificationError: The package for jedi located at /home/raahimnawaz/miniforge3/pkgs/jedi-0.20.0-pyhcf101f3_0
appears to be corrupted. The path 'site-packages/jedi/third_party/typeshed/stubs/requests/requests/help.pyi'
specified in the package manifest cannot be found.

CondaVerificationError: The package for jedi located at /home/raahimnawaz/miniforge3/pkgs/jedi-0.20.0-pyhcf101f3_0
appears to be corrupted. The path 'site-packages/jedi/third_party/typeshed/stubs/requests/requests/hooks.pyi'
specified in the package manifest cannot be found.

CondaVerificationError: The package for jedi located at /home/raahimnawaz/miniforge3/pkgs/jedi-0.20.0-pyhcf101f3_0
appears to be corrupted. The path 'site-packages/jedi/third_party/typeshed/stubs/requests/requests/models.pyi'
specified in the package manifest cannot be found.

CondaVerificationError: The package for jedi located at /home/raahimnawaz/miniforge3/pkgs/jedi-0.20.0-pyhcf101f3_0
appears to be corrupted. The path 'site-packages/jedi/third_party/typeshed/stubs/requests/requests/packages.pyi'
specified in the package manifest cannot be found.

CondaVerificationError: The package for jedi located at /home/raahimnawaz/miniforge3/pkgs/jedi-0.20.0-pyhcf101f3_0
appears to be corrupted. The path 'site-packages/jedi/third_party/typeshed/stubs/requests/requests/sessions.pyi'
specified in the package manifest cannot be found.

CondaVerificationError: The package for jedi located at /home/raahimnawaz/miniforge3/pkgs/jedi-0.20.0-pyhcf101f3_0
appears to be corrupted. The path 'site-packages/jedi/third_party/typeshed/stubs/requests/requests/status_codes.pyi'
specified in the package manifest cannot be found.

CondaVerificationError: The package for jedi located at /home/raahimnawaz/miniforge3/pkgs/jedi-0.20.0-pyhcf101f3_0
appears to be corrupted. The path 'site-packages/jedi/third_party/typeshed/stubs/requests/requests/structures.pyi'
specified in the package manifest cannot be found.

CondaVerificationError: The package for jedi located at /home/raahimnawaz/miniforge3/pkgs/jedi-0.20.0-pyhcf101f3_0
appears to be corrupted. The path 'site-packages/jedi/third_party/typeshed/stubs/requests/requests/utils.pyi'
specified in the package manifest cannot be found.

CondaVerificationError: The package for jedi located at /home/raahimnawaz/miniforge3/pkgs/jedi-0.20.0-pyhcf101f3_0
appears to be corrupted. The path 'site-packages/jedi/third_party/typeshed/stubs/requests-oauthlib/requests_oauthlib/__init__.pyi'
specified in the package manifest cannot be found.

CondaVerificationError: The package for jedi located at /home/raahimnawaz/miniforge3/pkgs/jedi-0.20.0-pyhcf101f3_0
appears to be corrupted. The path 'site-packages/jedi/third_party/typeshed/stubs/requests-oauthlib/requests_oauthlib/compliance_fixes/__init__.pyi'
specified in the package manifest cannot be found.

CondaVerificationError: The package for jedi located at /home/raahimnawaz/miniforge3/pkgs/jedi-0.20.0-pyhcf101f3_0
appears to be corrupted. The path 'site-packages/jedi/third_party/typeshed/stubs/requests-oauthlib/requests_oauthlib/compliance_fixes/douban.pyi'
specified in the package manifest cannot be found.

CondaVerificationError: The package for jedi located at /home/raahimnawaz/miniforge3/pkgs/jedi-0.20.0-pyhcf101f3_0
appears to be corrupted. The path 'site-packages/jedi/third_party/typeshed/stubs/requests-oauthlib/requests_oauthlib/compliance_fixes/ebay.pyi'
specified in the package manifest cannot be found.

CondaVerificationError: The package for jedi located at /home/raahimnawaz/miniforge3/pkgs/jedi-0.20.0-pyhcf101f3_0
appears to be corrupted. The path 'site-packages/jedi/third_party/typeshed/stubs/requests-oauthlib/requests_oauthlib/compliance_fixes/facebook.pyi'
specified in the package manifest cannot be found.

CondaVerificationError: The package for jedi located at /home/raahimnawaz/miniforge3/pkgs/jedi-0.20.0-pyhcf101f3_0
appears to be corrupted. The path 'site-packages/jedi/third_party/typeshed/stubs/requests-oauthlib/requests_oauthlib/compliance_fixes/fitbit.pyi'
specified in the package manifest cannot be found.

CondaVerificationError: The package for jedi located at /home/raahimnawaz/miniforge3/pkgs/jedi-0.20.0-pyhcf101f3_0
appears to be corrupted. The path 'site-packages/jedi/third_party/typeshed/stubs/requests-oauthlib/requests_oauthlib/compliance_fixes/instagram.pyi'
specified in the package manifest cannot be found.

CondaVerificationError: The package for jedi located at /home/raahimnawaz/miniforge3/pkgs/jedi-0.20.0-pyhcf101f3_0
appears to be corrupted. The path 'site-packages/jedi/third_party/typeshed/stubs/requests-oauthlib/requests_oauthlib/compliance_fixes/mailchimp.pyi'
specified in the package manifest cannot be found.

CondaVerificationError: The package for jedi located at /home/raahimnawaz/miniforge3/pkgs/jedi-0.20.0-pyhcf101f3_0
appears to be corrupted. The path 'site-packages/jedi/third_party/typeshed/stubs/requests-oauthlib/requests_oauthlib/compliance_fixes/plentymarkets.pyi'
specified in the package manifest cannot be found.

CondaVerificationError: The package for jedi located at /home/raahimnawaz/miniforge3/pkgs/jedi-0.20.0-pyhcf101f3_0
appears to be corrupted. The path 'site-packages/jedi/third_party/typeshed/stubs/requests-oauthlib/requests_oauthlib/compliance_fixes/slack.pyi'
specified in the package manifest cannot be found.

CondaVerificationError: The package for jedi located at /home/raahimnawaz/miniforge3/pkgs/jedi-0.20.0-pyhcf101f3_0
appears to be corrupted. The path 'site-packages/jedi/third_party/typeshed/stubs/requests-oauthlib/requests_oauthlib/compliance_fixes/weibo.pyi'
specified in the package manifest cannot be found.

CondaVerificationError: The package for jedi located at /home/raahimnawaz/miniforge3/pkgs/jedi-0.20.0-pyhcf101f3_0
appears to be corrupted. The path 'site-packages/jedi/third_party/typeshed/stubs/requests-oauthlib/requests_oauthlib/oauth1_auth.pyi'
specified in the package manifest cannot be found.

CondaVerificationError: The package for jedi located at /home/raahimnawaz/miniforge3/pkgs/jedi-0.20.0-pyhcf101f3_0
appears to be corrupted. The path 'site-packages/jedi/third_party/typeshed/stubs/requests-oauthlib/requests_oauthlib/oauth1_session.pyi'
specified in the package manifest cannot be found.

CondaVerificationError: The package for jedi located at /home/raahimnawaz/miniforge3/pkgs/jedi-0.20.0-pyhcf101f3_0
appears to be corrupted. The path 'site-packages/jedi/third_party/typeshed/stubs/requests-oauthlib/requests_oauthlib/oauth2_auth.pyi'
specified in the package manifest cannot be found.

CondaVerificationError: The package for jedi located at /home/raahimnawaz/miniforge3/pkgs/jedi-0.20.0-pyhcf101f3_0
appears to be corrupted. The path 'site-packages/jedi/third_party/typeshed/stubs/requests-oauthlib/requests_oauthlib/oauth2_session.pyi'
specified in the package manifest cannot be found.

CondaVerificationError: The package for jedi located at /home/raahimnawaz/miniforge3/pkgs/jedi-0.20.0-pyhcf101f3_0
appears to be corrupted. The path 'site-packages/jedi/third_party/typeshed/stubs/resampy/resampy/__init__.pyi'
specified in the package manifest cannot be found.

CondaVerificationError: The package for jedi located at /home/raahimnawaz/miniforge3/pkgs/jedi-0.20.0-pyhcf101f3_0
appears to be corrupted. The path 'site-packages/jedi/third_party/typeshed/stubs/resampy/resampy/core.pyi'
specified in the package manifest cannot be found.

CondaVerificationError: The package for jedi located at /home/raahimnawaz/miniforge3/pkgs/jedi-0.20.0-pyhcf101f3_0
appears to be corrupted. The path 'site-packages/jedi/third_party/typeshed/stubs/resampy/resampy/filters.pyi'
specified in the package manifest cannot be found.

CondaVerificationError: The package for jedi located at /home/raahimnawaz/miniforge3/pkgs/jedi-0.20.0-pyhcf101f3_0
appears to be corrupted. The path 'site-packages/jedi/third_party/typeshed/stubs/resampy/resampy/version.pyi'
specified in the package manifest cannot be found.

CondaVerificationError: The package for jedi located at /home/raahimnawaz/miniforge3/pkgs/jedi-0.20.0-pyhcf101f3_0
appears to be corrupted. The path 'site-packages/jedi/third_party/typeshed/stubs/retry/retry/__init__.pyi'
specified in the package manifest cannot be found.

CondaVerificationError: The package for jedi located at /home/raahimnawaz/miniforge3/pkgs/jedi-0.20.0-pyhcf101f3_0
appears to be corrupted. The path 'site-packages/jedi/third_party/typeshed/stubs/retry/retry/api.pyi'
specified in the package manifest cannot be found.

CondaVerificationError: The package for jedi located at /home/raahimnawaz/miniforge3/pkgs/jedi-0.20.0-pyhcf101f3_0
appears to be corrupted. The path 'site-packages/jedi/third_party/typeshed/stubs/rfc3339-validator/rfc3339_validator.pyi'
specified in the package manifest cannot be found.

CondaVerificationError: The package for jedi located at /home/raahimnawaz/miniforge3/pkgs/jedi-0.20.0-pyhcf101f3_0
appears to be corrupted. The path 'site-packages/jedi/third_party/typeshed/stubs/s2clientprotocol/s2clientprotocol/build.pyi'
specified in the package manifest cannot be found.

CondaVerificationError: The package for jedi located at /home/raahimnawaz/miniforge3/pkgs/jedi-0.20.0-pyhcf101f3_0
appears to be corrupted. The path 'site-packages/jedi/third_party/typeshed/stubs/s2clientprotocol/s2clientprotocol/common_pb2.pyi'
specified in the package manifest cannot be found.

CondaVerificationError: The package for jedi located at /home/raahimnawaz/miniforge3/pkgs/jedi-0.20.0-pyhcf101f3_0
appears to be corrupted. The path 'site-packages/jedi/third_party/typeshed/stubs/s2clientprotocol/s2clientprotocol/data_pb2.pyi'
specified in the package manifest cannot be found.

CondaVerificationError: The package for jedi located at /home/raahimnawaz/miniforge3/pkgs/jedi-0.20.0-pyhcf101f3_0
appears to be corrupted. The path 'site-packages/jedi/third_party/typeshed/stubs/s2clientprotocol/s2clientprotocol/debug_pb2.pyi'
specified in the package manifest cannot be found.

CondaVerificationError: The package for jedi located at /home/raahimnawaz/miniforge3/pkgs/jedi-0.20.0-pyhcf101f3_0
appears to be corrupted. The path 'site-packages/jedi/third_party/typeshed/stubs/s2clientprotocol/s2clientprotocol/error_pb2.pyi'
specified in the package manifest cannot be found.

CondaVerificationError: The package for jedi located at /home/raahimnawaz/miniforge3/pkgs/jedi-0.20.0-pyhcf101f3_0
appears to be corrupted. The path 'site-packages/jedi/third_party/typeshed/stubs/s2clientprotocol/s2clientprotocol/query_pb2.pyi'
specified in the package manifest cannot be found.

CondaVerificationError: The package for jedi located at /home/raahimnawaz/miniforge3/pkgs/jedi-0.20.0-pyhcf101f3_0
appears to be corrupted. The path 'site-packages/jedi/third_party/typeshed/stubs/s2clientprotocol/s2clientprotocol/raw_pb2.pyi'
specified in the package manifest cannot be found.

CondaVerificationError: The package for jedi located at /home/raahimnawaz/miniforge3/pkgs/jedi-0.20.0-pyhcf101f3_0
appears to be corrupted. The path 'site-packages/jedi/third_party/typeshed/stubs/s2clientprotocol/s2clientprotocol/sc2api_pb2.pyi'
specified in the package manifest cannot be found.

CondaVerificationError: The package for jedi located at /home/raahimnawaz/miniforge3/pkgs/jedi-0.20.0-pyhcf101f3_0
appears to be corrupted. The path 'site-packages/jedi/third_party/typeshed/stubs/s2clientprotocol/s2clientprotocol/score_pb2.pyi'
specified in the package manifest cannot be found.

CondaVerificationError: The package for jedi located at /home/raahimnawaz/miniforge3/pkgs/jedi-0.20.0-pyhcf101f3_0
appears to be corrupted. The path 'site-packages/jedi/third_party/typeshed/stubs/s2clientprotocol/s2clientprotocol/spatial_pb2.pyi'
specified in the package manifest cannot be found.

CondaVerificationError: The package for jedi located at /home/raahimnawaz/miniforge3/pkgs/jedi-0.20.0-pyhcf101f3_0
appears to be corrupted. The path 'site-packages/jedi/third_party/typeshed/stubs/s2clientprotocol/s2clientprotocol/ui_pb2.pyi'
specified in the package manifest cannot be found.

CondaVerificationError: The package for jedi located at /home/raahimnawaz/miniforge3/pkgs/jedi-0.20.0-pyhcf101f3_0
appears to be corrupted. The path 'site-packages/jedi/third_party/typeshed/stubs/seaborn/seaborn/__init__.pyi'
specified in the package manifest cannot be found.

CondaVerificationError: The package for jedi located at /home/raahimnawaz/miniforge3/pkgs/jedi-0.20.0-pyhcf101f3_0
appears to be corrupted. The path 'site-packages/jedi/third_party/typeshed/stubs/seaborn/seaborn/_core/__init__.pyi'
specified in the package manifest cannot be found.

CondaVerificationError: The package for jedi located at /home/raahimnawaz/miniforge3/pkgs/jedi-0.20.0-pyhcf101f3_0
appears to be corrupted. The path 'site-packages/jedi/third_party/typeshed/stubs/seaborn/seaborn/_core/data.pyi'
specified in the package manifest cannot be found.

CondaVerificationError: The package for jedi located at /home/raahimnawaz/miniforge3/pkgs/jedi-0.20.0-pyhcf101f3_0
appears to be corrupted. The path 'site-packages/jedi/third_party/typeshed/stubs/seaborn/seaborn/_core/exceptions.pyi'
specified in the package manifest cannot be found.

CondaVerificationError: The package for jedi located at /home/raahimnawaz/miniforge3/pkgs/jedi-0.20.0-pyhcf101f3_0
appears to be corrupted. The path 'site-packages/jedi/third_party/typeshed/stubs/seaborn/seaborn/_core/groupby.pyi'
specified in the package manifest cannot be found.

CondaVerificationError: The package for jedi located at /home/raahimnawaz/miniforge3/pkgs/jedi-0.20.0-pyhcf101f3_0
appears to be corrupted. The path 'site-packages/jedi/third_party/typeshed/stubs/seaborn/seaborn/_core/moves.pyi'
specified in the package manifest cannot be found.

CondaVerificationError: The package for jedi located at /home/raahimnawaz/miniforge3/pkgs/jedi-0.20.0-pyhcf101f3_0
appears to be corrupted. The path 'site-packages/jedi/third_party/typeshed/stubs/seaborn/seaborn/_core/plot.pyi'
specified in the package manifest cannot be found.

CondaVerificationError: The package for jedi located at /home/raahimnawaz/miniforge3/pkgs/jedi-0.20.0-pyhcf101f3_0
appears to be corrupted. The path 'site-packages/jedi/third_party/typeshed/stubs/seaborn/seaborn/_core/properties.pyi'
specified in the package manifest cannot be found.

CondaVerificationError: The package for jedi located at /home/raahimnawaz/miniforge3/pkgs/jedi-0.20.0-pyhcf101f3_0
appears to be corrupted. The path 'site-packages/jedi/third_party/typeshed/stubs/seaborn/seaborn/_core/rules.pyi'
specified in the package manifest cannot be found.

CondaVerificationError: The package for jedi located at /home/raahimnawaz/miniforge3/pkgs/jedi-0.20.0-pyhcf101f3_0
appears to be corrupted. The path 'site-packages/jedi/third_party/typeshed/stubs/seaborn/seaborn/_core/scales.pyi'
specified in the package manifest cannot be found.

CondaVerificationError: The package for jedi located at /home/raahimnawaz/miniforge3/pkgs/jedi-0.20.0-pyhcf101f3_0
appears to be corrupted. The path 'site-packages/jedi/third_party/typeshed/stubs/seaborn/seaborn/_core/subplots.pyi'
specified in the package manifest cannot be found.

CondaVerificationError: The package for jedi located at /home/raahimnawaz/miniforge3/pkgs/jedi-0.20.0-pyhcf101f3_0
appears to be corrupted. The path 'site-packages/jedi/third_party/typeshed/stubs/seaborn/seaborn/_core/typing.pyi'
specified in the package manifest cannot be found.

CondaVerificationError: The package for jedi located at /home/raahimnawaz/miniforge3/pkgs/jedi-0.20.0-pyhcf101f3_0
appears to be corrupted. The path 'site-packages/jedi/third_party/typeshed/stubs/seaborn/seaborn/_marks/__init__.pyi'
specified in the package manifest cannot be found.

CondaVerificationError: The package for jedi located at /home/raahimnawaz/miniforge3/pkgs/jedi-0.20.0-pyhcf101f3_0
appears to be corrupted. The path 'site-packages/jedi/third_party/typeshed/stubs/seaborn/seaborn/_marks/area.pyi'
specified in the package manifest cannot be found.

CondaVerificationError: The package for jedi located at /home/raahimnawaz/miniforge3/pkgs/jedi-0.20.0-pyhcf101f3_0
appears to be corrupted. The path 'site-packages/jedi/third_party/typeshed/stubs/seaborn/seaborn/_marks/bar.pyi'
specified in the package manifest cannot be found.

CondaVerificationError: The package for jedi located at /home/raahimnawaz/miniforge3/pkgs/jedi-0.20.0-pyhcf101f3_0
appears to be corrupted. The path 'site-packages/jedi/third_party/typeshed/stubs/seaborn/seaborn/_marks/base.pyi'
specified in the package manifest cannot be found.

CondaVerificationError: The package for jedi located at /home/raahimnawaz/miniforge3/pkgs/jedi-0.20.0-pyhcf101f3_0
appears to be corrupted. The path 'site-packages/jedi/third_party/typeshed/stubs/seaborn/seaborn/_marks/dot.pyi'
specified in the package manifest cannot be found.

CondaVerificationError: The package for jedi located at /home/raahimnawaz/miniforge3/pkgs/jedi-0.20.0-pyhcf101f3_0
appears to be corrupted. The path 'site-packages/jedi/third_party/typeshed/stubs/seaborn/seaborn/_marks/line.pyi'
specified in the package manifest cannot be found.

CondaVerificationError: The package for jedi located at /home/raahimnawaz/miniforge3/pkgs/jedi-0.20.0-pyhcf101f3_0
appears to be corrupted. The path 'site-packages/jedi/third_party/typeshed/stubs/seaborn/seaborn/_marks/text.pyi'
specified in the package manifest cannot be found.

CondaVerificationError: The package for jedi located at /home/raahimnawaz/miniforge3/pkgs/jedi-0.20.0-pyhcf101f3_0
appears to be corrupted. The path 'site-packages/jedi/third_party/typeshed/stubs/seaborn/seaborn/_stats/__init__.pyi'
specified in the package manifest cannot be found.

CondaVerificationError: The package for jedi located at /home/raahimnawaz/miniforge3/pkgs/jedi-0.20.0-pyhcf101f3_0
appears to be corrupted. The path 'site-packages/jedi/third_party/typeshed/stubs/seaborn/seaborn/_stats/aggregation.pyi'
specified in the package manifest cannot be found.

CondaVerificationError: The package for jedi located at /home/raahimnawaz/miniforge3/pkgs/jedi-0.20.0-pyhcf101f3_0
appears to be corrupted. The path 'site-packages/jedi/third_party/typeshed/stubs/seaborn/seaborn/_stats/base.pyi'
specified in the package manifest cannot be found.

CondaVerificationError: The package for jedi located at /home/raahimnawaz/miniforge3/pkgs/jedi-0.20.0-pyhcf101f3_0
appears to be corrupted. The path 'site-packages/jedi/third_party/typeshed/stubs/seaborn/seaborn/_stats/counting.pyi'
specified in the package manifest cannot be found.

CondaVerificationError: The package for jedi located at /home/raahimnawaz/miniforge3/pkgs/jedi-0.20.0-pyhcf101f3_0
appears to be corrupted. The path 'site-packages/jedi/third_party/typeshed/stubs/seaborn/seaborn/_stats/density.pyi'
specified in the package manifest cannot be found.

CondaVerificationError: The package for jedi located at /home/raahimnawaz/miniforge3/pkgs/jedi-0.20.0-pyhcf101f3_0
appears to be corrupted. The path 'site-packages/jedi/third_party/typeshed/stubs/seaborn/seaborn/_stats/order.pyi'
specified in the package manifest cannot be found.

CondaVerificationError: The package for jedi located at /home/raahimnawaz/miniforge3/pkgs/jedi-0.20.0-pyhcf101f3_0
appears to be corrupted. The path 'site-packages/jedi/third_party/typeshed/stubs/seaborn/seaborn/_stats/regression.pyi'
specified in the package manifest cannot be found.

CondaVerificationError: The package for jedi located at /home/raahimnawaz/miniforge3/pkgs/jedi-0.20.0-pyhcf101f3_0
appears to be corrupted. The path 'site-packages/jedi/third_party/typeshed/stubs/seaborn/seaborn/algorithms.pyi'
specified in the package manifest cannot be found.

CondaVerificationError: The package for jedi located at /home/raahimnawaz/miniforge3/pkgs/jedi-0.20.0-pyhcf101f3_0
appears to be corrupted. The path 'site-packages/jedi/third_party/typeshed/stubs/seaborn/seaborn/axisgrid.pyi'
specified in the package manifest cannot be found.

CondaVerificationError: The package for jedi located at /home/raahimnawaz/miniforge3/pkgs/jedi-0.20.0-pyhcf101f3_0
appears to be corrupted. The path 'site-packages/jedi/third_party/typeshed/stubs/seaborn/seaborn/categorical.pyi'
specified in the package manifest cannot be found.

CondaVerificationError: The package for jedi located at /home/raahimnawaz/miniforge3/pkgs/jedi-0.20.0-pyhcf101f3_0
appears to be corrupted. The path 'site-packages/jedi/third_party/typeshed/stubs/seaborn/seaborn/cm.pyi'
specified in the package manifest cannot be found.

CondaVerificationError: The package for jedi located at /home/raahimnawaz/miniforge3/pkgs/jedi-0.20.0-pyhcf101f3_0
appears to be corrupted. The path 'site-packages/jedi/third_party/typeshed/stubs/seaborn/seaborn/colors/__init__.pyi'
specified in the package manifest cannot be found.

CondaVerificationError: The package for jedi located at /home/raahimnawaz/miniforge3/pkgs/jedi-0.20.0-pyhcf101f3_0
appears to be corrupted. The path 'site-packages/jedi/third_party/typeshed/stubs/seaborn/seaborn/colors/crayons.pyi'
specified in the package manifest cannot be found.

CondaVerificationError: The package for jedi located at /home/raahimnawaz/miniforge3/pkgs/jedi-0.20.0-pyhcf101f3_0
appears to be corrupted. The path 'site-packages/jedi/third_party/typeshed/stubs/seaborn/seaborn/colors/xkcd_rgb.pyi'
specified in the package manifest cannot be found.

CondaVerificationError: The package for jedi located at /home/raahimnawaz/miniforge3/pkgs/jedi-0.20.0-pyhcf101f3_0
appears to be corrupted. The path 'site-packages/jedi/third_party/typeshed/stubs/seaborn/seaborn/distributions.pyi'
specified in the package manifest cannot be found.

CondaVerificationError: The package for jedi located at /home/raahimnawaz/miniforge3/pkgs/jedi-0.20.0-pyhcf101f3_0
appears to be corrupted. The path 'site-packages/jedi/third_party/typeshed/stubs/seaborn/seaborn/external/__init__.pyi'
specified in the package manifest cannot be found.

CondaVerificationError: The package for jedi located at /home/raahimnawaz/miniforge3/pkgs/jedi-0.20.0-pyhcf101f3_0
appears to be corrupted. The path 'site-packages/jedi/third_party/typeshed/stubs/seaborn/seaborn/external/appdirs.pyi'
specified in the package manifest cannot be found.

CondaVerificationError: The package for jedi located at /home/raahimnawaz/miniforge3/pkgs/jedi-0.20.0-pyhcf101f3_0
appears to be corrupted. The path 'site-packages/jedi/third_party/typeshed/stubs/seaborn/seaborn/external/docscrape.pyi'
specified in the package manifest cannot be found.

CondaVerificationError: The package for jedi located at /home/raahimnawaz/miniforge3/pkgs/jedi-0.20.0-pyhcf101f3_0
appears to be corrupted. The path 'site-packages/jedi/third_party/typeshed/stubs/seaborn/seaborn/external/husl.pyi'
specified in the package manifest cannot be found.

CondaVerificationError: The package for jedi located at /home/raahimnawaz/miniforge3/pkgs/jedi-0.20.0-pyhcf101f3_0
appears to be corrupted. The path 'site-packages/jedi/third_party/typeshed/stubs/seaborn/seaborn/external/kde.pyi'
specified in the package manifest cannot be found.

CondaVerificationError: The package for jedi located at /home/raahimnawaz/miniforge3/pkgs/jedi-0.20.0-pyhcf101f3_0
appears to be corrupted. The path 'site-packages/jedi/third_party/typeshed/stubs/seaborn/seaborn/external/version.pyi'
specified in the package manifest cannot be found.

CondaVerificationError: The package for jedi located at /home/raahimnawaz/miniforge3/pkgs/jedi-0.20.0-pyhcf101f3_0
appears to be corrupted. The path 'site-packages/jedi/third_party/typeshed/stubs/seaborn/seaborn/matrix.pyi'
specified in the package manifest cannot be found.

CondaVerificationError: The package for jedi located at /home/raahimnawaz/miniforge3/pkgs/jedi-0.20.0-pyhcf101f3_0
appears to be corrupted. The path 'site-packages/jedi/third_party/typeshed/stubs/seaborn/seaborn/miscplot.pyi'
specified in the package manifest cannot be found.

CondaVerificationError: The package for jedi located at /home/raahimnawaz/miniforge3/pkgs/jedi-0.20.0-pyhcf101f3_0
appears to be corrupted. The path 'site-packages/jedi/third_party/typeshed/stubs/seaborn/seaborn/objects.pyi'
specified in the package manifest cannot be found.

CondaVerificationError: The package for jedi located at /home/raahimnawaz/miniforge3/pkgs/jedi-0.20.0-pyhcf101f3_0
appears to be corrupted. The path 'site-packages/jedi/third_party/typeshed/stubs/seaborn/seaborn/palettes.pyi'
specified in the package manifest cannot be found.

CondaVerificationError: The package for jedi located at /home/raahimnawaz/miniforge3/pkgs/jedi-0.20.0-pyhcf101f3_0
appears to be corrupted. The path 'site-packages/jedi/third_party/typeshed/stubs/seaborn/seaborn/rcmod.pyi'
specified in the package manifest cannot be found.

CondaVerificationError: The package for jedi located at /home/raahimnawaz/miniforge3/pkgs/jedi-0.20.0-pyhcf101f3_0
appears to be corrupted. The path 'site-packages/jedi/third_party/typeshed/stubs/seaborn/seaborn/regression.pyi'
specified in the package manifest cannot be found.

CondaVerificationError: The package for jedi located at /home/raahimnawaz/miniforge3/pkgs/jedi-0.20.0-pyhcf101f3_0
appears to be corrupted. The path 'site-packages/jedi/third_party/typeshed/stubs/seaborn/seaborn/relational.pyi'
specified in the package manifest cannot be found.

CondaVerificationError: The package for jedi located at /home/raahimnawaz/miniforge3/pkgs/jedi-0.20.0-pyhcf101f3_0
appears to be corrupted. The path 'site-packages/jedi/third_party/typeshed/stubs/seaborn/seaborn/utils.pyi'
specified in the package manifest cannot be found.

CondaVerificationError: The package for jedi located at /home/raahimnawaz/miniforge3/pkgs/jedi-0.20.0-pyhcf101f3_0
appears to be corrupted. The path 'site-packages/jedi/third_party/typeshed/stubs/seaborn/seaborn/widgets.pyi'
specified in the package manifest cannot be found.

CondaVerificationError: The package for jedi located at /home/raahimnawaz/miniforge3/pkgs/jedi-0.20.0-pyhcf101f3_0
appears to be corrupted. The path 'site-packages/jedi/third_party/typeshed/stubs/setuptools/distutils/__init__.pyi'
specified in the package manifest cannot be found.

CondaVerificationError: The package for jedi located at /home/raahimnawaz/miniforge3/pkgs/jedi-0.20.0-pyhcf101f3_0
appears to be corrupted. The path 'site-packages/jedi/third_party/typeshed/stubs/setuptools/distutils/_modified.pyi'
specified in the package manifest cannot be found.

CondaVerificationError: The package for jedi located at /home/raahimnawaz/miniforge3/pkgs/jedi-0.20.0-pyhcf101f3_0
appears to be corrupted. The path 'site-packages/jedi/third_party/typeshed/stubs/setuptools/distutils/_msvccompiler.pyi'
specified in the package manifest cannot be found.

CondaVerificationError: The package for jedi located at /home/raahimnawaz/miniforge3/pkgs/jedi-0.20.0-pyhcf101f3_0
appears to be corrupted. The path 'site-packages/jedi/third_party/typeshed/stubs/setuptools/distutils/archive_util.pyi'
specified in the package manifest cannot be found.

CondaVerificationError: The package for jedi located at /home/raahimnawaz/miniforge3/pkgs/jedi-0.20.0-pyhcf101f3_0
appears to be corrupted. The path 'site-packages/jedi/third_party/typeshed/stubs/setuptools/distutils/ccompiler.pyi'
specified in the package manifest cannot be found.

CondaVerificationError: The package for jedi located at /home/raahimnawaz/miniforge3/pkgs/jedi-0.20.0-pyhcf101f3_0
appears to be corrupted. The path 'site-packages/jedi/third_party/typeshed/stubs/setuptools/distutils/cmd.pyi'
specified in the package manifest cannot be found.

CondaVerificationError: The package for jedi located at /home/raahimnawaz/miniforge3/pkgs/jedi-0.20.0-pyhcf101f3_0
appears to be corrupted. The path 'site-packages/jedi/third_party/typeshed/stubs/setuptools/distutils/command/__init__.pyi'
specified in the package manifest cannot be found.

CondaVerificationError: The package for jedi located at /home/raahimnawaz/miniforge3/pkgs/jedi-0.20.0-pyhcf101f3_0
appears to be corrupted. The path 'site-packages/jedi/third_party/typeshed/stubs/setuptools/distutils/command/bdist.pyi'
specified in the package manifest cannot be found.

CondaVerificationError: The package for jedi located at /home/raahimnawaz/miniforge3/pkgs/jedi-0.20.0-pyhcf101f3_0
appears to be corrupted. The path 'site-packages/jedi/third_party/typeshed/stubs/setuptools/distutils/command/bdist_rpm.pyi'
specified in the package manifest cannot be found.

CondaVerificationError: The package for jedi located at /home/raahimnawaz/miniforge3/pkgs/jedi-0.20.0-pyhcf101f3_0
appears to be corrupted. The path 'site-packages/jedi/third_party/typeshed/stubs/setuptools/distutils/command/build.pyi'
specified in the package manifest cannot be found.

CondaVerificationError: The package for jedi located at /home/raahimnawaz/miniforge3/pkgs/jedi-0.20.0-pyhcf101f3_0
appears to be corrupted. The path 'site-packages/jedi/third_party/typeshed/stubs/setuptools/distutils/command/build_clib.pyi'
specified in the package manifest cannot be found.

CondaVerificationError: The package for jedi located at /home/raahimnawaz/miniforge3/pkgs/jedi-0.20.0-pyhcf101f3_0
appears to be corrupted. The path 'site-packages/jedi/third_party/typeshed/stubs/setuptools/distutils/command/build_ext.pyi'
specified in the package manifest cannot be found.

CondaVerificationError: The package for jedi located at /home/raahimnawaz/miniforge3/pkgs/jedi-0.20.0-pyhcf101f3_0
appears to be corrupted. The path 'site-packages/jedi/third_party/typeshed/stubs/setuptools/distutils/command/build_py.pyi'
specified in the package manifest cannot be found.

CondaVerificationError: The package for jedi located at /home/raahimnawaz/miniforge3/pkgs/jedi-0.20.0-pyhcf101f3_0
appears to be corrupted. The path 'site-packages/jedi/third_party/typeshed/stubs/setuptools/distutils/command/install.pyi'
specified in the package manifest cannot be found.

CondaVerificationError: The package for jedi located at /home/raahimnawaz/miniforge3/pkgs/jedi-0.20.0-pyhcf101f3_0
appears to be corrupted. The path 'site-packages/jedi/third_party/typeshed/stubs/setuptools/distutils/command/install_data.pyi'
specified in the package manifest cannot be found.

CondaVerificationError: The package for jedi located at /home/raahimnawaz/miniforge3/pkgs/jedi-0.20.0-pyhcf101f3_0
appears to be corrupted. The path 'site-packages/jedi/third_party/typeshed/stubs/setuptools/distutils/command/install_lib.pyi'
specified in the package manifest cannot be found.

CondaVerificationError: The package for jedi located at /home/raahimnawaz/miniforge3/pkgs/jedi-0.20.0-pyhcf101f3_0
appears to be corrupted. The path 'site-packages/jedi/third_party/typeshed/stubs/setuptools/distutils/command/install_scripts.pyi'
specified in the package manifest cannot be found.

CondaVerificationError: The package for jedi located at /home/raahimnawaz/miniforge3/pkgs/jedi-0.20.0-pyhcf101f3_0
appears to be corrupted. The path 'site-packages/jedi/third_party/typeshed/stubs/setuptools/distutils/command/sdist.pyi'
specified in the package manifest cannot be found.

CondaVerificationError: The package for jedi located at /home/raahimnawaz/miniforge3/pkgs/jedi-0.20.0-pyhcf101f3_0
appears to be corrupted. The path 'site-packages/jedi/third_party/typeshed/stubs/setuptools/distutils/compat/__init__.pyi'
specified in the package manifest cannot be found.

CondaVerificationError: The package for jedi located at /home/raahimnawaz/miniforge3/pkgs/jedi-0.20.0-pyhcf101f3_0
appears to be corrupted. The path 'site-packages/jedi/third_party/typeshed/stubs/setuptools/distutils/compilers/C/base.pyi'
specified in the package manifest cannot be found.

CondaVerificationError: The package for jedi located at /home/raahimnawaz/miniforge3/pkgs/jedi-0.20.0-pyhcf101f3_0
appears to be corrupted. The path 'site-packages/jedi/third_party/typeshed/stubs/setuptools/distutils/compilers/C/cygwin.pyi'
specified in the package manifest cannot be found.

CondaVerificationError: The package for jedi located at /home/raahimnawaz/miniforge3/pkgs/jedi-0.20.0-pyhcf101f3_0
appears to be corrupted. The path 'site-packages/jedi/third_party/typeshed/stubs/setuptools/distutils/compilers/C/errors.pyi'
specified in the package manifest cannot be found.

CondaVerificationError: The package for jedi located at /home/raahimnawaz/miniforge3/pkgs/jedi-0.20.0-pyhcf101f3_0
appears to be corrupted. The path 'site-packages/jedi/third_party/typeshed/stubs/setuptools/distutils/compilers/C/msvc.pyi'
specified in the package manifest cannot be found.

CondaVerificationError: The package for jedi located at /home/raahimnawaz/miniforge3/pkgs/jedi-0.20.0-pyhcf101f3_0
appears to be corrupted. The path 'site-packages/jedi/third_party/typeshed/stubs/setuptools/distutils/compilers/C/unix.pyi'
specified in the package manifest cannot be found.

CondaVerificationError: The package for jedi located at /home/raahimnawaz/miniforge3/pkgs/jedi-0.20.0-pyhcf101f3_0
appears to be corrupted. The path 'site-packages/jedi/third_party/typeshed/stubs/setuptools/distutils/compilers/C/zos.pyi'
specified in the package manifest cannot be found.

CondaVerificationError: The package for jedi located at /home/raahimnawaz/miniforge3/pkgs/jedi-0.20.0-pyhcf101f3_0
appears to be corrupted. The path 'site-packages/jedi/third_party/typeshed/stubs/setuptools/distutils/cygwinccompiler.pyi'
specified in the package manifest cannot be found.

CondaVerificationError: The package for jedi located at /home/raahimnawaz/miniforge3/pkgs/jedi-0.20.0-pyhcf101f3_0
appears to be corrupted. The path 'site-packages/jedi/third_party/typeshed/stubs/setuptools/distutils/dep_util.pyi'
specified in the package manifest cannot be found.

CondaVerificationError: The package for jedi located at /home/raahimnawaz/miniforge3/pkgs/jedi-0.20.0-pyhcf101f3_0
appears to be corrupted. The path 'site-packages/jedi/third_party/typeshed/stubs/setuptools/distutils/dist.pyi'
specified in the package manifest cannot be found.

CondaVerificationError: The package for jedi located at /home/raahimnawaz/miniforge3/pkgs/jedi-0.20.0-pyhcf101f3_0
appears to be corrupted. The path 'site-packages/jedi/third_party/typeshed/stubs/setuptools/distutils/errors.pyi'
specified in the package manifest cannot be found.

CondaVerificationError: The package for jedi located at /home/raahimnawaz/miniforge3/pkgs/jedi-0.20.0-pyhcf101f3_0
appears to be corrupted. The path 'site-packages/jedi/third_party/typeshed/stubs/setuptools/distutils/extension.pyi'
specified in the package manifest cannot be found.

CondaVerificationError: The package for jedi located at /home/raahimnawaz/miniforge3/pkgs/jedi-0.20.0-pyhcf101f3_0
appears to be corrupted. The path 'site-packages/jedi/third_party/typeshed/stubs/setuptools/distutils/filelist.pyi'
specified in the package manifest cannot be found.

CondaVerificationError: The package for jedi located at /home/raahimnawaz/miniforge3/pkgs/jedi-0.20.0-pyhcf101f3_0
appears to be corrupted. The path 'site-packages/jedi/third_party/typeshed/stubs/setuptools/distutils/spawn.pyi'
specified in the package manifest cannot be found.

CondaVerificationError: The package for jedi located at /home/raahimnawaz/miniforge3/pkgs/jedi-0.20.0-pyhcf101f3_0
appears to be corrupted. The path 'site-packages/jedi/third_party/typeshed/stubs/setuptools/distutils/sysconfig.pyi'
specified in the package manifest cannot be found.

CondaVerificationError: The package for jedi located at /home/raahimnawaz/miniforge3/pkgs/jedi-0.20.0-pyhcf101f3_0
appears to be corrupted. The path 'site-packages/jedi/third_party/typeshed/stubs/setuptools/distutils/unixccompiler.pyi'
specified in the package manifest cannot be found.

CondaVerificationError: The package for jedi located at /home/raahimnawaz/miniforge3/pkgs/jedi-0.20.0-pyhcf101f3_0
appears to be corrupted. The path 'site-packages/jedi/third_party/typeshed/stubs/setuptools/distutils/util.pyi'
specified in the package manifest cannot be found.

CondaVerificationError: The package for jedi located at /home/raahimnawaz/miniforge3/pkgs/jedi-0.20.0-pyhcf101f3_0
appears to be corrupted. The path 'site-packages/jedi/third_party/typeshed/stubs/setuptools/distutils/version.pyi'
specified in the package manifest cannot be found.

CondaVerificationError: The package for jedi located at /home/raahimnawaz/miniforge3/pkgs/jedi-0.20.0-pyhcf101f3_0
appears to be corrupted. The path 'site-packages/jedi/third_party/typeshed/stubs/setuptools/distutils/zosccompiler.pyi'
specified in the package manifest cannot be found.

CondaVerificationError: The package for jedi located at /home/raahimnawaz/miniforge3/pkgs/jedi-0.20.0-pyhcf101f3_0
appears to be corrupted. The path 'site-packages/jedi/third_party/typeshed/stubs/setuptools/setuptools/__init__.pyi'
specified in the package manifest cannot be found.

CondaVerificationError: The package for jedi located at /home/raahimnawaz/miniforge3/pkgs/jedi-0.20.0-pyhcf101f3_0
appears to be corrupted. The path 'site-packages/jedi/third_party/typeshed/stubs/setuptools/setuptools/_distutils/__init__.pyi'
specified in the package manifest cannot be found.

CondaVerificationError: The package for jedi located at /home/raahimnawaz/miniforge3/pkgs/jedi-0.20.0-pyhcf101f3_0
appears to be corrupted. The path 'site-packages/jedi/third_party/typeshed/stubs/setuptools/setuptools/_distutils/_modified.pyi'
specified in the package manifest cannot be found.

CondaVerificationError: The package for jedi located at /home/raahimnawaz/miniforge3/pkgs/jedi-0.20.0-pyhcf101f3_0
appears to be corrupted. The path 'site-packages/jedi/third_party/typeshed/stubs/setuptools/setuptools/_distutils/_msvccompiler.pyi'
specified in the package manifest cannot be found.

CondaVerificationError: The package for jedi located at /home/raahimnawaz/miniforge3/pkgs/jedi-0.20.0-pyhcf101f3_0
appears to be corrupted. The path 'site-packages/jedi/third_party/typeshed/stubs/setuptools/setuptools/_distutils/archive_util.pyi'
specified in the package manifest cannot be found.

CondaVerificationError: The package for jedi located at /home/raahimnawaz/miniforge3/pkgs/jedi-0.20.0-pyhcf101f3_0
appears to be corrupted. The path 'site-packages/jedi/third_party/typeshed/stubs/setuptools/setuptools/_distutils/ccompiler.pyi'
specified in the package manifest cannot be found.

CondaVerificationError: The package for jedi located at /home/raahimnawaz/miniforge3/pkgs/jedi-0.20.0-pyhcf101f3_0
appears to be corrupted. The path 'site-packages/jedi/third_party/typeshed/stubs/setuptools/setuptools/_distutils/cmd.pyi'
specified in the package manifest cannot be found.

CondaVerificationError: The package for jedi located at /home/raahimnawaz/miniforge3/pkgs/jedi-0.20.0-pyhcf101f3_0
appears to be corrupted. The path 'site-packages/jedi/third_party/typeshed/stubs/setuptools/setuptools/_distutils/command/__init__.pyi'
specified in the package manifest cannot be found.

CondaVerificationError: The package for jedi located at /home/raahimnawaz/miniforge3/pkgs/jedi-0.20.0-pyhcf101f3_0
appears to be corrupted. The path 'site-packages/jedi/third_party/typeshed/stubs/setuptools/setuptools/_distutils/command/bdist.pyi'
specified in the package manifest cannot be found.

CondaVerificationError: The package for jedi located at /home/raahimnawaz/miniforge3/pkgs/jedi-0.20.0-pyhcf101f3_0
appears to be corrupted. The path 'site-packages/jedi/third_party/typeshed/stubs/setuptools/setuptools/_distutils/command/bdist_rpm.pyi'
specified in the package manifest cannot be found.

CondaVerificationError: The package for jedi located at /home/raahimnawaz/miniforge3/pkgs/jedi-0.20.0-pyhcf101f3_0
appears to be corrupted. The path 'site-packages/jedi/third_party/typeshed/stubs/setuptools/setuptools/_distutils/command/build.pyi'
specified in the package manifest cannot be found.

CondaVerificationError: The package for jedi located at /home/raahimnawaz/miniforge3/pkgs/jedi-0.20.0-pyhcf101f3_0
appears to be corrupted. The path 'site-packages/jedi/third_party/typeshed/stubs/setuptools/setuptools/_distutils/command/build_clib.pyi'
specified in the package manifest cannot be found.

CondaVerificationError: The package for jedi located at /home/raahimnawaz/miniforge3/pkgs/jedi-0.20.0-pyhcf101f3_0
appears to be corrupted. The path 'site-packages/jedi/third_party/typeshed/stubs/setuptools/setuptools/_distutils/command/build_ext.pyi'
specified in the package manifest cannot be found.

CondaVerificationError: The package for jedi located at /home/raahimnawaz/miniforge3/pkgs/jedi-0.20.0-pyhcf101f3_0
appears to be corrupted. The path 'site-packages/jedi/third_party/typeshed/stubs/setuptools/setuptools/_distutils/command/build_py.pyi'
specified in the package manifest cannot be found.

CondaVerificationError: The package for jedi located at /home/raahimnawaz/miniforge3/pkgs/jedi-0.20.0-pyhcf101f3_0
appears to be corrupted. The path 'site-packages/jedi/third_party/typeshed/stubs/setuptools/setuptools/_distutils/command/install.pyi'
specified in the package manifest cannot be found.

CondaVerificationError: The package for jedi located at /home/raahimnawaz/miniforge3/pkgs/jedi-0.20.0-pyhcf101f3_0
appears to be corrupted. The path 'site-packages/jedi/third_party/typeshed/stubs/setuptools/setuptools/_distutils/command/install_data.pyi'
specified in the package manifest cannot be found.

CondaVerificationError: The package for jedi located at /home/raahimnawaz/miniforge3/pkgs/jedi-0.20.0-pyhcf101f3_0
appears to be corrupted. The path 'site-packages/jedi/third_party/typeshed/stubs/setuptools/setuptools/_distutils/command/install_lib.pyi'
specified in the package manifest cannot be found.

CondaVerificationError: The package for jedi located at /home/raahimnawaz/miniforge3/pkgs/jedi-0.20.0-pyhcf101f3_0
appears to be corrupted. The path 'site-packages/jedi/third_party/typeshed/stubs/setuptools/setuptools/_distutils/command/install_scripts.pyi'
specified in the package manifest cannot be found.

CondaVerificationError: The package for jedi located at /home/raahimnawaz/miniforge3/pkgs/jedi-0.20.0-pyhcf101f3_0
appears to be corrupted. The path 'site-packages/jedi/third_party/typeshed/stubs/setuptools/setuptools/_distutils/command/sdist.pyi'
specified in the package manifest cannot be found.

CondaVerificationError: The package for jedi located at /home/raahimnawaz/miniforge3/pkgs/jedi-0.20.0-pyhcf101f3_0
appears to be corrupted. The path 'site-packages/jedi/third_party/typeshed/stubs/setuptools/setuptools/_distutils/compat/__init__.pyi'
specified in the package manifest cannot be found.

CondaVerificationError: The package for jedi located at /home/raahimnawaz/miniforge3/pkgs/jedi-0.20.0-pyhcf101f3_0
appears to be corrupted. The path 'site-packages/jedi/third_party/typeshed/stubs/setuptools/setuptools/_distutils/compilers/C/base.pyi'
specified in the package manifest cannot be found.

CondaVerificationError: The package for jedi located at /home/raahimnawaz/miniforge3/pkgs/jedi-0.20.0-pyhcf101f3_0
appears to be corrupted. The path 'site-packages/jedi/third_party/typeshed/stubs/setuptools/setuptools/_distutils/compilers/C/cygwin.pyi'
specified in the package manifest cannot be found.

CondaVerificationError: The package for jedi located at /home/raahimnawaz/miniforge3/pkgs/jedi-0.20.0-pyhcf101f3_0
appears to be corrupted. The path 'site-packages/jedi/third_party/typeshed/stubs/setuptools/setuptools/_distutils/compilers/C/errors.pyi'
specified in the package manifest cannot be found.

CondaVerificationError: The package for jedi located at /home/raahimnawaz/miniforge3/pkgs/jedi-0.20.0-pyhcf101f3_0
appears to be corrupted. The path 'site-packages/jedi/third_party/typeshed/stubs/setuptools/setuptools/_distutils/compilers/C/msvc.pyi'
specified in the package manifest cannot be found.

CondaVerificationError: The package for jedi located at /home/raahimnawaz/miniforge3/pkgs/jedi-0.20.0-pyhcf101f3_0
appears to be corrupted. The path 'site-packages/jedi/third_party/typeshed/stubs/setuptools/setuptools/_distutils/compilers/C/unix.pyi'
specified in the package manifest cannot be found.

CondaVerificationError: The package for jedi located at /home/raahimnawaz/miniforge3/pkgs/jedi-0.20.0-pyhcf101f3_0
appears to be corrupted. The path 'site-packages/jedi/third_party/typeshed/stubs/setuptools/setuptools/_distutils/compilers/C/zos.pyi'
specified in the package manifest cannot be found.

CondaVerificationError: The package for jedi located at /home/raahimnawaz/miniforge3/pkgs/jedi-0.20.0-pyhcf101f3_0
appears to be corrupted. The path 'site-packages/jedi/third_party/typeshed/stubs/setuptools/setuptools/_distutils/cygwinccompiler.pyi'
specified in the package manifest cannot be found.

CondaVerificationError: The package for jedi located at /home/raahimnawaz/miniforge3/pkgs/jedi-0.20.0-pyhcf101f3_0
appears to be corrupted. The path 'site-packages/jedi/third_party/typeshed/stubs/setuptools/setuptools/_distutils/dep_util.pyi'
specified in the package manifest cannot be found.

CondaVerificationError: The package for jedi located at /home/raahimnawaz/miniforge3/pkgs/jedi-0.20.0-pyhcf101f3_0
appears to be corrupted. The path 'site-packages/jedi/third_party/typeshed/stubs/setuptools/setuptools/_distutils/dist.pyi'
specified in the package manifest cannot be found.

CondaVerificationError: The package for jedi located at /home/raahimnawaz/miniforge3/pkgs/jedi-0.20.0-pyhcf101f3_0
appears to be corrupted. The path 'site-packages/jedi/third_party/typeshed/stubs/setuptools/setuptools/_distutils/errors.pyi'
specified in the package manifest cannot be found.

CondaVerificationError: The package for jedi located at /home/raahimnawaz/miniforge3/pkgs/jedi-0.20.0-pyhcf101f3_0
appears to be corrupted. The path 'site-packages/jedi/third_party/typeshed/stubs/setuptools/setuptools/_distutils/extension.pyi'
specified in the package manifest cannot be found.

CondaVerificationError: The package for jedi located at /home/raahimnawaz/miniforge3/pkgs/jedi-0.20.0-pyhcf101f3_0
appears to be corrupted. The path 'site-packages/jedi/third_party/typeshed/stubs/setuptools/setuptools/_distutils/filelist.pyi'
specified in the package manifest cannot be found.

CondaVerificationError: The package for jedi located at /home/raahimnawaz/miniforge3/pkgs/jedi-0.20.0-pyhcf101f3_0
appears to be corrupted. The path 'site-packages/jedi/third_party/typeshed/stubs/setuptools/setuptools/_distutils/spawn.pyi'
specified in the package manifest cannot be found.

CondaVerificationError: The package for jedi located at /home/raahimnawaz/miniforge3/pkgs/jedi-0.20.0-pyhcf101f3_0
appears to be corrupted. The path 'site-packages/jedi/third_party/typeshed/stubs/setuptools/setuptools/_distutils/sysconfig.pyi'
specified in the package manifest cannot be found.

CondaVerificationError: The package for jedi located at /home/raahimnawaz/miniforge3/pkgs/jedi-0.20.0-pyhcf101f3_0
appears to be corrupted. The path 'site-packages/jedi/third_party/typeshed/stubs/setuptools/setuptools/_distutils/unixccompiler.pyi'
specified in the package manifest cannot be found.

CondaVerificationError: The package for jedi located at /home/raahimnawaz/miniforge3/pkgs/jedi-0.20.0-pyhcf101f3_0
appears to be corrupted. The path 'site-packages/jedi/third_party/typeshed/stubs/setuptools/setuptools/_distutils/util.pyi'
specified in the package manifest cannot be found.

CondaVerificationError: The package for jedi located at /home/raahimnawaz/miniforge3/pkgs/jedi-0.20.0-pyhcf101f3_0
appears to be corrupted. The path 'site-packages/jedi/third_party/typeshed/stubs/setuptools/setuptools/_distutils/version.pyi'
specified in the package manifest cannot be found.

CondaVerificationError: The package for jedi located at /home/raahimnawaz/miniforge3/pkgs/jedi-0.20.0-pyhcf101f3_0
appears to be corrupted. The path 'site-packages/jedi/third_party/typeshed/stubs/setuptools/setuptools/_distutils/zosccompiler.pyi'
specified in the package manifest cannot be found.

CondaVerificationError: The package for jedi located at /home/raahimnawaz/miniforge3/pkgs/jedi-0.20.0-pyhcf101f3_0
appears to be corrupted. The path 'site-packages/jedi/third_party/typeshed/stubs/setuptools/setuptools/archive_util.pyi'
specified in the package manifest cannot be found.

CondaVerificationError: The package for jedi located at /home/raahimnawaz/miniforge3/pkgs/jedi-0.20.0-pyhcf101f3_0
appears to be corrupted. The path 'site-packages/jedi/third_party/typeshed/stubs/setuptools/setuptools/build_meta.pyi'
specified in the package manifest cannot be found.

CondaVerificationError: The package for jedi located at /home/raahimnawaz/miniforge3/pkgs/jedi-0.20.0-pyhcf101f3_0
appears to be corrupted. The path 'site-packages/jedi/third_party/typeshed/stubs/setuptools/setuptools/command/__init__.pyi'
specified in the package manifest cannot be found.

CondaVerificationError: The package for jedi located at /home/raahimnawaz/miniforge3/pkgs/jedi-0.20.0-pyhcf101f3_0
appears to be corrupted. The path 'site-packages/jedi/third_party/typeshed/stubs/setuptools/setuptools/command/alias.pyi'
specified in the package manifest cannot be found.

CondaVerificationError: The package for jedi located at /home/raahimnawaz/miniforge3/pkgs/jedi-0.20.0-pyhcf101f3_0
appears to be corrupted. The path 'site-packages/jedi/third_party/typeshed/stubs/setuptools/setuptools/command/bdist_egg.pyi'
specified in the package manifest cannot be found.

CondaVerificationError: The package for jedi located at /home/raahimnawaz/miniforge3/pkgs/jedi-0.20.0-pyhcf101f3_0
appears to be corrupted. The path 'site-packages/jedi/third_party/typeshed/stubs/setuptools/setuptools/command/bdist_rpm.pyi'
specified in the package manifest cannot be found.

CondaVerificationError: The package for jedi located at /home/raahimnawaz/miniforge3/pkgs/jedi-0.20.0-pyhcf101f3_0
appears to be corrupted. The path 'site-packages/jedi/third_party/typeshed/stubs/setuptools/setuptools/command/bdist_wheel.pyi'
specified in the package manifest cannot be found.

CondaVerificationError: The package for jedi located at /home/raahimnawaz/miniforge3/pkgs/jedi-0.20.0-pyhcf101f3_0
appears to be corrupted. The path 'site-packages/jedi/third_party/typeshed/stubs/setuptools/setuptools/command/build.pyi'
specified in the package manifest cannot be found.

CondaVerificationError: The package for jedi located at /home/raahimnawaz/miniforge3/pkgs/jedi-0.20.0-pyhcf101f3_0
appears to be corrupted. The path 'site-packages/jedi/third_party/typeshed/stubs/setuptools/setuptools/command/build_clib.pyi'
specified in the package manifest cannot be found.

CondaVerificationError: The package for jedi located at /home/raahimnawaz/miniforge3/pkgs/jedi-0.20.0-pyhcf101f3_0
appears to be corrupted. The path 'site-packages/jedi/third_party/typeshed/stubs/setuptools/setuptools/command/build_ext.pyi'
specified in the package manifest cannot be found.

CondaVerificationError: The package for jedi located at /home/raahimnawaz/miniforge3/pkgs/jedi-0.20.0-pyhcf101f3_0
appears to be corrupted. The path 'site-packages/jedi/third_party/typeshed/stubs/setuptools/setuptools/command/build_py.pyi'
specified in the package manifest cannot be found.

CondaVerificationError: The package for jedi located at /home/raahimnawaz/miniforge3/pkgs/jedi-0.20.0-pyhcf101f3_0
appears to be corrupted. The path 'site-packages/jedi/third_party/typeshed/stubs/setuptools/setuptools/command/develop.pyi'
specified in the package manifest cannot be found.

CondaVerificationError: The package for jedi located at /home/raahimnawaz/miniforge3/pkgs/jedi-0.20.0-pyhcf101f3_0
appears to be corrupted. The path 'site-packages/jedi/third_party/typeshed/stubs/setuptools/setuptools/command/dist_info.pyi'
specified in the package manifest cannot be found.

CondaVerificationError: The package for jedi located at /home/raahimnawaz/miniforge3/pkgs/jedi-0.20.0-pyhcf101f3_0
appears to be corrupted. The path 'site-packages/jedi/third_party/typeshed/stubs/setuptools/setuptools/command/easy_install.pyi'
specified in the package manifest cannot be found.

CondaVerificationError: The package for jedi located at /home/raahimnawaz/miniforge3/pkgs/jedi-0.20.0-pyhcf101f3_0
appears to be corrupted. The path 'site-packages/jedi/third_party/typeshed/stubs/setuptools/setuptools/command/editable_wheel.pyi'
specified in the package manifest cannot be found.

CondaVerificationError: The package for jedi located at /home/raahimnawaz/miniforge3/pkgs/jedi-0.20.0-pyhcf101f3_0
appears to be corrupted. The path 'site-packages/jedi/third_party/typeshed/stubs/setuptools/setuptools/command/egg_info.pyi'
specified in the package manifest cannot be found.

CondaVerificationError: The package for jedi located at /home/raahimnawaz/miniforge3/pkgs/jedi-0.20.0-pyhcf101f3_0
appears to be corrupted. The path 'site-packages/jedi/third_party/typeshed/stubs/setuptools/setuptools/command/install.pyi'
specified in the package manifest cannot be found.

CondaVerificationError: The package for jedi located at /home/raahimnawaz/miniforge3/pkgs/jedi-0.20.0-pyhcf101f3_0
appears to be corrupted. The path 'site-packages/jedi/third_party/typeshed/stubs/setuptools/setuptools/command/install_egg_info.pyi'
specified in the package manifest cannot be found.

CondaVerificationError: The package for jedi located at /home/raahimnawaz/miniforge3/pkgs/jedi-0.20.0-pyhcf101f3_0
appears to be corrupted. The path 'site-packages/jedi/third_party/typeshed/stubs/setuptools/setuptools/command/install_lib.pyi'
specified in the package manifest cannot be found.

CondaVerificationError: The package for jedi located at /home/raahimnawaz/miniforge3/pkgs/jedi-0.20.0-pyhcf101f3_0
appears to be corrupted. The path 'site-packages/jedi/third_party/typeshed/stubs/setuptools/setuptools/command/install_scripts.pyi'
specified in the package manifest cannot be found.

CondaVerificationError: The package for jedi located at /home/raahimnawaz/miniforge3/pkgs/jedi-0.20.0-pyhcf101f3_0
appears to be corrupted. The path 'site-packages/jedi/third_party/typeshed/stubs/setuptools/setuptools/command/rotate.pyi'
specified in the package manifest cannot be found.

CondaVerificationError: The package for jedi located at /home/raahimnawaz/miniforge3/pkgs/jedi-0.20.0-pyhcf101f3_0
appears to be corrupted. The path 'site-packages/jedi/third_party/typeshed/stubs/setuptools/setuptools/command/saveopts.pyi'
specified in the package manifest cannot be found.

CondaVerificationError: The package for jedi located at /home/raahimnawaz/miniforge3/pkgs/jedi-0.20.0-pyhcf101f3_0
appears to be corrupted. The path 'site-packages/jedi/third_party/typeshed/stubs/setuptools/setuptools/command/sdist.pyi'
specified in the package manifest cannot be found.

CondaVerificationError: The package for jedi located at /home/raahimnawaz/miniforge3/pkgs/jedi-0.20.0-pyhcf101f3_0
appears to be corrupted. The path 'site-packages/jedi/third_party/typeshed/stubs/setuptools/setuptools/command/setopt.pyi'
specified in the package manifest cannot be found.

CondaVerificationError: The package for jedi located at /home/raahimnawaz/miniforge3/pkgs/jedi-0.20.0-pyhcf101f3_0
appears to be corrupted. The path 'site-packages/jedi/third_party/typeshed/stubs/setuptools/setuptools/command/test.pyi'
specified in the package manifest cannot be found.

CondaVerificationError: The package for jedi located at /home/raahimnawaz/miniforge3/pkgs/jedi-0.20.0-pyhcf101f3_0
appears to be corrupted. The path 'site-packages/jedi/third_party/typeshed/stubs/setuptools/setuptools/config/__init__.pyi'
specified in the package manifest cannot be found.

CondaVerificationError: The package for jedi located at /home/raahimnawaz/miniforge3/pkgs/jedi-0.20.0-pyhcf101f3_0
appears to be corrupted. The path 'site-packages/jedi/third_party/typeshed/stubs/setuptools/setuptools/config/expand.pyi'
specified in the package manifest cannot be found.

CondaVerificationError: The package for jedi located at /home/raahimnawaz/miniforge3/pkgs/jedi-0.20.0-pyhcf101f3_0
appears to be corrupted. The path 'site-packages/jedi/third_party/typeshed/stubs/setuptools/setuptools/config/pyprojecttoml.pyi'
specified in the package manifest cannot be found.

CondaVerificationError: The package for jedi located at /home/raahimnawaz/miniforge3/pkgs/jedi-0.20.0-pyhcf101f3_0
appears to be corrupted. The path 'site-packages/jedi/third_party/typeshed/stubs/setuptools/setuptools/config/setupcfg.pyi'
specified in the package manifest cannot be found.

CondaVerificationError: The package for jedi located at /home/raahimnawaz/miniforge3/pkgs/jedi-0.20.0-pyhcf101f3_0
appears to be corrupted. The path 'site-packages/jedi/third_party/typeshed/stubs/setuptools/setuptools/depends.pyi'
specified in the package manifest cannot be found.

CondaVerificationError: The package for jedi located at /home/raahimnawaz/miniforge3/pkgs/jedi-0.20.0-pyhcf101f3_0
appears to be corrupted. The path 'site-packages/jedi/third_party/typeshed/stubs/setuptools/setuptools/discovery.pyi'
specified in the package manifest cannot be found.

CondaVerificationError: The package for jedi located at /home/raahimnawaz/miniforge3/pkgs/jedi-0.20.0-pyhcf101f3_0
appears to be corrupted. The path 'site-packages/jedi/third_party/typeshed/stubs/setuptools/setuptools/dist.pyi'
specified in the package manifest cannot be found.

CondaVerificationError: The package for jedi located at /home/raahimnawaz/miniforge3/pkgs/jedi-0.20.0-pyhcf101f3_0
appears to be corrupted. The path 'site-packages/jedi/third_party/typeshed/stubs/setuptools/setuptools/errors.pyi'
specified in the package manifest cannot be found.

CondaVerificationError: The package for jedi located at /home/raahimnawaz/miniforge3/pkgs/jedi-0.20.0-pyhcf101f3_0
appears to be corrupted. The path 'site-packages/jedi/third_party/typeshed/stubs/setuptools/setuptools/extension.pyi'
specified in the package manifest cannot be found.

CondaVerificationError: The package for jedi located at /home/raahimnawaz/miniforge3/pkgs/jedi-0.20.0-pyhcf101f3_0
appears to be corrupted. The path 'site-packages/jedi/third_party/typeshed/stubs/setuptools/setuptools/glob.pyi'
specified in the package manifest cannot be found.

CondaVerificationError: The package for jedi located at /home/raahimnawaz/miniforge3/pkgs/jedi-0.20.0-pyhcf101f3_0
appears to be corrupted. The path 'site-packages/jedi/third_party/typeshed/stubs/setuptools/setuptools/installer.pyi'
specified in the package manifest cannot be found.

CondaVerificationError: The package for jedi located at /home/raahimnawaz/miniforge3/pkgs/jedi-0.20.0-pyhcf101f3_0
appears to be corrupted. The path 'site-packages/jedi/third_party/typeshed/stubs/setuptools/setuptools/launch.pyi'
specified in the package manifest cannot be found.

CondaVerificationError: The package for jedi located at /home/raahimnawaz/miniforge3/pkgs/jedi-0.20.0-pyhcf101f3_0
appears to be corrupted. The path 'site-packages/jedi/third_party/typeshed/stubs/setuptools/setuptools/logging.pyi'
specified in the package manifest cannot be found.

CondaVerificationError: The package for jedi located at /home/raahimnawaz/miniforge3/pkgs/jedi-0.20.0-pyhcf101f3_0
appears to be corrupted. The path 'site-packages/jedi/third_party/typeshed/stubs/setuptools/setuptools/modified.pyi'
specified in the package manifest cannot be found.

CondaVerificationError: The package for jedi located at /home/raahimnawaz/miniforge3/pkgs/jedi-0.20.0-pyhcf101f3_0
appears to be corrupted. The path 'site-packages/jedi/third_party/typeshed/stubs/setuptools/setuptools/monkey.pyi'
specified in the package manifest cannot be found.

CondaVerificationError: The package for jedi located at /home/raahimnawaz/miniforge3/pkgs/jedi-0.20.0-pyhcf101f3_0
appears to be corrupted. The path 'site-packages/jedi/third_party/typeshed/stubs/setuptools/setuptools/msvc.pyi'
specified in the package manifest cannot be found.

CondaVerificationError: The package for jedi located at /home/raahimnawaz/miniforge3/pkgs/jedi-0.20.0-pyhcf101f3_0
appears to be corrupted. The path 'site-packages/jedi/third_party/typeshed/stubs/setuptools/setuptools/namespaces.pyi'
specified in the package manifest cannot be found.

CondaVerificationError: The package for jedi located at /home/raahimnawaz/miniforge3/pkgs/jedi-0.20.0-pyhcf101f3_0
appears to be corrupted. The path 'site-packages/jedi/third_party/typeshed/stubs/setuptools/setuptools/unicode_utils.pyi'
specified in the package manifest cannot be found.

CondaVerificationError: The package for jedi located at /home/raahimnawaz/miniforge3/pkgs/jedi-0.20.0-pyhcf101f3_0
appears to be corrupted. The path 'site-packages/jedi/third_party/typeshed/stubs/setuptools/setuptools/version.pyi'
specified in the package manifest cannot be found.

CondaVerificationError: The package for jedi located at /home/raahimnawaz/miniforge3/pkgs/jedi-0.20.0-pyhcf101f3_0
appears to be corrupted. The path 'site-packages/jedi/third_party/typeshed/stubs/setuptools/setuptools/warnings.pyi'
specified in the package manifest cannot be found.

CondaVerificationError: The package for jedi located at /home/raahimnawaz/miniforge3/pkgs/jedi-0.20.0-pyhcf101f3_0
appears to be corrupted. The path 'site-packages/jedi/third_party/typeshed/stubs/setuptools/setuptools/wheel.pyi'
specified in the package manifest cannot be found.

CondaVerificationError: The package for jedi located at /home/raahimnawaz/miniforge3/pkgs/jedi-0.20.0-pyhcf101f3_0
appears to be corrupted. The path 'site-packages/jedi/third_party/typeshed/stubs/setuptools/setuptools/windows_support.pyi'
specified in the package manifest cannot be found.

CondaVerificationError: The package for jedi located at /home/raahimnawaz/miniforge3/pkgs/jedi-0.20.0-pyhcf101f3_0
appears to be corrupted. The path 'site-packages/jedi/third_party/typeshed/stubs/shapely/shapely/__init__.pyi'
specified in the package manifest cannot be found.

CondaVerificationError: The package for jedi located at /home/raahimnawaz/miniforge3/pkgs/jedi-0.20.0-pyhcf101f3_0
appears to be corrupted. The path 'site-packages/jedi/third_party/typeshed/stubs/shapely/shapely/_coverage.pyi'
specified in the package manifest cannot be found.

CondaVerificationError: The package for jedi located at /home/raahimnawaz/miniforge3/pkgs/jedi-0.20.0-pyhcf101f3_0
appears to be corrupted. The path 'site-packages/jedi/third_party/typeshed/stubs/shapely/shapely/_enum.pyi'
specified in the package manifest cannot be found.

CondaVerificationError: The package for jedi located at /home/raahimnawaz/miniforge3/pkgs/jedi-0.20.0-pyhcf101f3_0
appears to be corrupted. The path 'site-packages/jedi/third_party/typeshed/stubs/shapely/shapely/_geometry.pyi'
specified in the package manifest cannot be found.

CondaVerificationError: The package for jedi located at /home/raahimnawaz/miniforge3/pkgs/jedi-0.20.0-pyhcf101f3_0
appears to be corrupted. The path 'site-packages/jedi/third_party/typeshed/stubs/shapely/shapely/_ragged_array.pyi'
specified in the package manifest cannot be found.

CondaVerificationError: The package for jedi located at /home/raahimnawaz/miniforge3/pkgs/jedi-0.20.0-pyhcf101f3_0
appears to be corrupted. The path 'site-packages/jedi/third_party/typeshed/stubs/shapely/shapely/_typing.pyi'
specified in the package manifest cannot be found.

CondaVerificationError: The package for jedi located at /home/raahimnawaz/miniforge3/pkgs/jedi-0.20.0-pyhcf101f3_0
appears to be corrupted. The path 'site-packages/jedi/third_party/typeshed/stubs/shapely/shapely/_version.pyi'
specified in the package manifest cannot be found.

CondaVerificationError: The package for jedi located at /home/raahimnawaz/miniforge3/pkgs/jedi-0.20.0-pyhcf101f3_0
appears to be corrupted. The path 'site-packages/jedi/third_party/typeshed/stubs/shapely/shapely/affinity.pyi'
specified in the package manifest cannot be found.

CondaVerificationError: The package for jedi located at /home/raahimnawaz/miniforge3/pkgs/jedi-0.20.0-pyhcf101f3_0
appears to be corrupted. The path 'site-packages/jedi/third_party/typeshed/stubs/shapely/shapely/algorithms/__init__.pyi'
specified in the package manifest cannot be found.

CondaVerificationError: The package for jedi located at /home/raahimnawaz/miniforge3/pkgs/jedi-0.20.0-pyhcf101f3_0
appears to be corrupted. The path 'site-packages/jedi/third_party/typeshed/stubs/shapely/shapely/algorithms/cga.pyi'
specified in the package manifest cannot be found.

CondaVerificationError: The package for jedi located at /home/raahimnawaz/miniforge3/pkgs/jedi-0.20.0-pyhcf101f3_0
appears to be corrupted. The path 'site-packages/jedi/third_party/typeshed/stubs/shapely/shapely/algorithms/polylabel.pyi'
specified in the package manifest cannot be found.

CondaVerificationError: The package for jedi located at /home/raahimnawaz/miniforge3/pkgs/jedi-0.20.0-pyhcf101f3_0
appears to be corrupted. The path 'site-packages/jedi/third_party/typeshed/stubs/shapely/shapely/constructive.pyi'
specified in the package manifest cannot be found.

CondaVerificationError: The package for jedi located at /home/raahimnawaz/miniforge3/pkgs/jedi-0.20.0-pyhcf101f3_0
appears to be corrupted. The path 'site-packages/jedi/third_party/typeshed/stubs/shapely/shapely/coordinates.pyi'
specified in the package manifest cannot be found.

CondaVerificationError: The package for jedi located at /home/raahimnawaz/miniforge3/pkgs/jedi-0.20.0-pyhcf101f3_0
appears to be corrupted. The path 'site-packages/jedi/third_party/typeshed/stubs/shapely/shapely/coords.pyi'
specified in the package manifest cannot be found.

CondaVerificationError: The package for jedi located at /home/raahimnawaz/miniforge3/pkgs/jedi-0.20.0-pyhcf101f3_0
appears to be corrupted. The path 'site-packages/jedi/third_party/typeshed/stubs/shapely/shapely/creation.pyi'
specified in the package manifest cannot be found.

CondaVerificationError: The package for jedi located at /home/raahimnawaz/miniforge3/pkgs/jedi-0.20.0-pyhcf101f3_0
appears to be corrupted. The path 'site-packages/jedi/third_party/typeshed/stubs/shapely/shapely/decorators.pyi'
specified in the package manifest cannot be found.

CondaVerificationError: The package for jedi located at /home/raahimnawaz/miniforge3/pkgs/jedi-0.20.0-pyhcf101f3_0
appears to be corrupted. The path 'site-packages/jedi/third_party/typeshed/stubs/shapely/shapely/errors.pyi'
specified in the package manifest cannot be found.

CondaVerificationError: The package for jedi located at /home/raahimnawaz/miniforge3/pkgs/jedi-0.20.0-pyhcf101f3_0
appears to be corrupted. The path 'site-packages/jedi/third_party/typeshed/stubs/shapely/shapely/geometry/__init__.pyi'
specified in the package manifest cannot be found.

CondaVerificationError: The package for jedi located at /home/raahimnawaz/miniforge3/pkgs/jedi-0.20.0-pyhcf101f3_0
appears to be corrupted. The path 'site-packages/jedi/third_party/typeshed/stubs/shapely/shapely/geometry/base.pyi'
specified in the package manifest cannot be found.

CondaVerificationError: The package for jedi located at /home/raahimnawaz/miniforge3/pkgs/jedi-0.20.0-pyhcf101f3_0
appears to be corrupted. The path 'site-packages/jedi/third_party/typeshed/stubs/shapely/shapely/geometry/collection.pyi'
specified in the package manifest cannot be found.

CondaVerificationError: The package for jedi located at /home/raahimnawaz/miniforge3/pkgs/jedi-0.20.0-pyhcf101f3_0
appears to be corrupted. The path 'site-packages/jedi/third_party/typeshed/stubs/shapely/shapely/geometry/geo.pyi'
specified in the package manifest cannot be found.

CondaVerificationError: The package for jedi located at /home/raahimnawaz/miniforge3/pkgs/jedi-0.20.0-pyhcf101f3_0
appears to be corrupted. The path 'site-packages/jedi/third_party/typeshed/stubs/shapely/shapely/geometry/linestring.pyi'
specified in the package manifest cannot be found.

CondaVerificationError: The package for jedi located at /home/raahimnawaz/miniforge3/pkgs/jedi-0.20.0-pyhcf101f3_0
appears to be corrupted. The path 'site-packages/jedi/third_party/typeshed/stubs/shapely/shapely/geometry/multilinestring.pyi'
specified in the package manifest cannot be found.

CondaVerificationError: The package for jedi located at /home/raahimnawaz/miniforge3/pkgs/jedi-0.20.0-pyhcf101f3_0
appears to be corrupted. The path 'site-packages/jedi/third_party/typeshed/stubs/shapely/shapely/geometry/multipoint.pyi'
specified in the package manifest cannot be found.

CondaVerificationError: The package for jedi located at /home/raahimnawaz/miniforge3/pkgs/jedi-0.20.0-pyhcf101f3_0
appears to be corrupted. The path 'site-packages/jedi/third_party/typeshed/stubs/shapely/shapely/geometry/multipolygon.pyi'
specified in the package manifest cannot be found.

CondaVerificationError: The package for jedi located at /home/raahimnawaz/miniforge3/pkgs/jedi-0.20.0-pyhcf101f3_0
appears to be corrupted. The path 'site-packages/jedi/third_party/typeshed/stubs/shapely/shapely/geometry/point.pyi'
specified in the package manifest cannot be found.

CondaVerificationError: The package for jedi located at /home/raahimnawaz/miniforge3/pkgs/jedi-0.20.0-pyhcf101f3_0
appears to be corrupted. The path 'site-packages/jedi/third_party/typeshed/stubs/shapely/shapely/geometry/polygon.pyi'
specified in the package manifest cannot be found.

CondaVerificationError: The package for jedi located at /home/raahimnawaz/miniforge3/pkgs/jedi-0.20.0-pyhcf101f3_0
appears to be corrupted. The path 'site-packages/jedi/third_party/typeshed/stubs/shapely/shapely/geos.pyi'
specified in the package manifest cannot be found.

CondaVerificationError: The package for jedi located at /home/raahimnawaz/miniforge3/pkgs/jedi-0.20.0-pyhcf101f3_0
appears to be corrupted. The path 'site-packages/jedi/third_party/typeshed/stubs/shapely/shapely/io.pyi'
specified in the package manifest cannot be found.

CondaVerificationError: The package for jedi located at /home/raahimnawaz/miniforge3/pkgs/jedi-0.20.0-pyhcf101f3_0
appears to be corrupted. The path 'site-packages/jedi/third_party/typeshed/stubs/shapely/shapely/lib.pyi'
specified in the package manifest cannot be found.

CondaVerificationError: The package for jedi located at /home/raahimnawaz/miniforge3/pkgs/jedi-0.20.0-pyhcf101f3_0
appears to be corrupted. The path 'site-packages/jedi/third_party/typeshed/stubs/shapely/shapely/linear.pyi'
specified in the package manifest cannot be found.

CondaVerificationError: The package for jedi located at /home/raahimnawaz/miniforge3/pkgs/jedi-0.20.0-pyhcf101f3_0
appears to be corrupted. The path 'site-packages/jedi/third_party/typeshed/stubs/shapely/shapely/measurement.pyi'
specified in the package manifest cannot be found.

CondaVerificationError: The package for jedi located at /home/raahimnawaz/miniforge3/pkgs/jedi-0.20.0-pyhcf101f3_0
appears to be corrupted. The path 'site-packages/jedi/third_party/typeshed/stubs/shapely/shapely/ops.pyi'
specified in the package manifest cannot be found.

CondaVerificationError: The package for jedi located at /home/raahimnawaz/miniforge3/pkgs/jedi-0.20.0-pyhcf101f3_0
appears to be corrupted. The path 'site-packages/jedi/third_party/typeshed/stubs/shapely/shapely/plotting.pyi'
specified in the package manifest cannot be found.

CondaVerificationError: The package for jedi located at /home/raahimnawaz/miniforge3/pkgs/jedi-0.20.0-pyhcf101f3_0
appears to be corrupted. The path 'site-packages/jedi/third_party/typeshed/stubs/shapely/shapely/predicates.pyi'
specified in the package manifest cannot be found.

CondaVerificationError: The package for jedi located at /home/raahimnawaz/miniforge3/pkgs/jedi-0.20.0-pyhcf101f3_0
appears to be corrupted. The path 'site-packages/jedi/third_party/typeshed/stubs/shapely/shapely/prepared.pyi'
specified in the package manifest cannot be found.

CondaVerificationError: The package for jedi located at /home/raahimnawaz/miniforge3/pkgs/jedi-0.20.0-pyhcf101f3_0
appears to be corrupted. The path 'site-packages/jedi/third_party/typeshed/stubs/shapely/shapely/set_operations.pyi'
specified in the package manifest cannot be found.

CondaVerificationError: The package for jedi located at /home/raahimnawaz/miniforge3/pkgs/jedi-0.20.0-pyhcf101f3_0
appears to be corrupted. The path 'site-packages/jedi/third_party/typeshed/stubs/shapely/shapely/speedups.pyi'
specified in the package manifest cannot be found.

CondaVerificationError: The package for jedi located at /home/raahimnawaz/miniforge3/pkgs/jedi-0.20.0-pyhcf101f3_0
appears to be corrupted. The path 'site-packages/jedi/third_party/typeshed/stubs/shapely/shapely/strtree.pyi'
specified in the package manifest cannot be found.

CondaVerificationError: The package for jedi located at /home/raahimnawaz/miniforge3/pkgs/jedi-0.20.0-pyhcf101f3_0
appears to be corrupted. The path 'site-packages/jedi/third_party/typeshed/stubs/shapely/shapely/testing.pyi'
specified in the package manifest cannot be found.

CondaVerificationError: The package for jedi located at /home/raahimnawaz/miniforge3/pkgs/jedi-0.20.0-pyhcf101f3_0
appears to be corrupted. The path 'site-packages/jedi/third_party/typeshed/stubs/shapely/shapely/validation.pyi'
specified in the package manifest cannot be found.

CondaVerificationError: The package for jedi located at /home/raahimnawaz/miniforge3/pkgs/jedi-0.20.0-pyhcf101f3_0
appears to be corrupted. The path 'site-packages/jedi/third_party/typeshed/stubs/shapely/shapely/vectorized/__init__.pyi'
specified in the package manifest cannot be found.

CondaVerificationError: The package for jedi located at /home/raahimnawaz/miniforge3/pkgs/jedi-0.20.0-pyhcf101f3_0
appears to be corrupted. The path 'site-packages/jedi/third_party/typeshed/stubs/shapely/shapely/wkb.pyi'
specified in the package manifest cannot be found.

CondaVerificationError: The package for jedi located at /home/raahimnawaz/miniforge3/pkgs/jedi-0.20.0-pyhcf101f3_0
appears to be corrupted. The path 'site-packages/jedi/third_party/typeshed/stubs/shapely/shapely/wkt.pyi'
specified in the package manifest cannot be found.

CondaVerificationError: The package for jedi located at /home/raahimnawaz/miniforge3/pkgs/jedi-0.20.0-pyhcf101f3_0
appears to be corrupted. The path 'site-packages/jedi/third_party/typeshed/stubs/simple-websocket/simple_websocket/__init__.pyi'
specified in the package manifest cannot be found.

CondaVerificationError: The package for jedi located at /home/raahimnawaz/miniforge3/pkgs/jedi-0.20.0-pyhcf101f3_0
appears to be corrupted. The path 'site-packages/jedi/third_party/typeshed/stubs/simple-websocket/simple_websocket/aiows.pyi'
specified in the package manifest cannot be found.

CondaVerificationError: The package for jedi located at /home/raahimnawaz/miniforge3/pkgs/jedi-0.20.0-pyhcf101f3_0
appears to be corrupted. The path 'site-packages/jedi/third_party/typeshed/stubs/simple-websocket/simple_websocket/asgi.pyi'
specified in the package manifest cannot be found.

CondaVerificationError: The package for jedi located at /home/raahimnawaz/miniforge3/pkgs/jedi-0.20.0-pyhcf101f3_0
appears to be corrupted. The path 'site-packages/jedi/third_party/typeshed/stubs/simple-websocket/simple_websocket/errors.pyi'
specified in the package manifest cannot be found.

CondaVerificationError: The package for jedi located at /home/raahimnawaz/miniforge3/pkgs/jedi-0.20.0-pyhcf101f3_0
appears to be corrupted. The path 'site-packages/jedi/third_party/typeshed/stubs/simple-websocket/simple_websocket/ws.pyi'
specified in the package manifest cannot be found.

CondaVerificationError: The package for jedi located at /home/raahimnawaz/miniforge3/pkgs/jedi-0.20.0-pyhcf101f3_0
appears to be corrupted. The path 'site-packages/jedi/third_party/typeshed/stubs/simplejson/simplejson/__init__.pyi'
specified in the package manifest cannot be found.

CondaVerificationError: The package for jedi located at /home/raahimnawaz/miniforge3/pkgs/jedi-0.20.0-pyhcf101f3_0
appears to be corrupted. The path 'site-packages/jedi/third_party/typeshed/stubs/simplejson/simplejson/decoder.pyi'
specified in the package manifest cannot be found.

CondaVerificationError: The package for jedi located at /home/raahimnawaz/miniforge3/pkgs/jedi-0.20.0-pyhcf101f3_0
appears to be corrupted. The path 'site-packages/jedi/third_party/typeshed/stubs/simplejson/simplejson/encoder.pyi'
specified in the package manifest cannot be found.

CondaVerificationError: The package for jedi located at /home/raahimnawaz/miniforge3/pkgs/jedi-0.20.0-pyhcf101f3_0
appears to be corrupted. The path 'site-packages/jedi/third_party/typeshed/stubs/simplejson/simplejson/errors.pyi'
specified in the package manifest cannot be found.

CondaVerificationError: The package for jedi located at /home/raahimnawaz/miniforge3/pkgs/jedi-0.20.0-pyhcf101f3_0
appears to be corrupted. The path 'site-packages/jedi/third_party/typeshed/stubs/simplejson/simplejson/raw_json.pyi'
specified in the package manifest cannot be found.

CondaVerificationError: The package for jedi located at /home/raahimnawaz/miniforge3/pkgs/jedi-0.20.0-pyhcf101f3_0
appears to be corrupted. The path 'site-packages/jedi/third_party/typeshed/stubs/simplejson/simplejson/scanner.pyi'
specified in the package manifest cannot be found.

CondaVerificationError: The package for jedi located at /home/raahimnawaz/miniforge3/pkgs/jedi-0.20.0-pyhcf101f3_0
appears to be corrupted. The path 'site-packages/jedi/third_party/typeshed/stubs/singledispatch/singledispatch.pyi'
specified in the package manifest cannot be found.

CondaVerificationError: The package for jedi located at /home/raahimnawaz/miniforge3/pkgs/jedi-0.20.0-pyhcf101f3_0
appears to be corrupted. The path 'site-packages/jedi/third_party/typeshed/stubs/six/six/__init__.pyi'
specified in the package manifest cannot be found.

CondaVerificationError: The package for jedi located at /home/raahimnawaz/miniforge3/pkgs/jedi-0.20.0-pyhcf101f3_0
appears to be corrupted. The path 'site-packages/jedi/third_party/typeshed/stubs/six/six/moves/BaseHTTPServer.pyi'
specified in the package manifest cannot be found.

CondaVerificationError: The package for jedi located at /home/raahimnawaz/miniforge3/pkgs/jedi-0.20.0-pyhcf101f3_0
appears to be corrupted. The path 'site-packages/jedi/third_party/typeshed/stubs/six/six/moves/CGIHTTPServer.pyi'
specified in the package manifest cannot be found.

CondaVerificationError: The package for jedi located at /home/raahimnawaz/miniforge3/pkgs/jedi-0.20.0-pyhcf101f3_0
appears to be corrupted. The path 'site-packages/jedi/third_party/typeshed/stubs/six/six/moves/SimpleHTTPServer.pyi'
specified in the package manifest cannot be found.

CondaVerificationError: The package for jedi located at /home/raahimnawaz/miniforge3/pkgs/jedi-0.20.0-pyhcf101f3_0
appears to be corrupted. The path 'site-packages/jedi/third_party/typeshed/stubs/six/six/moves/__init__.pyi'
specified in the package manifest cannot be found.

CondaVerificationError: The package for jedi located at /home/raahimnawaz/miniforge3/pkgs/jedi-0.20.0-pyhcf101f3_0
appears to be corrupted. The path 'site-packages/jedi/third_party/typeshed/stubs/six/six/moves/_dummy_thread.pyi'
specified in the package manifest cannot be found.

CondaVerificationError: The package for jedi located at /home/raahimnawaz/miniforge3/pkgs/jedi-0.20.0-pyhcf101f3_0
appears to be corrupted. The path 'site-packages/jedi/third_party/typeshed/stubs/six/six/moves/_thread.pyi'
specified in the package manifest cannot be found.

CondaVerificationError: The package for jedi located at /home/raahimnawaz/miniforge3/pkgs/jedi-0.20.0-pyhcf101f3_0
appears to be corrupted. The path 'site-packages/jedi/third_party/typeshed/stubs/six/six/moves/builtins.pyi'
specified in the package manifest cannot be found.

CondaVerificationError: The package for jedi located at /home/raahimnawaz/miniforge3/pkgs/jedi-0.20.0-pyhcf101f3_0
appears to be corrupted. The path 'site-packages/jedi/third_party/typeshed/stubs/six/six/moves/cPickle.pyi'
specified in the package manifest cannot be found.

CondaVerificationError: The package for jedi located at /home/raahimnawaz/miniforge3/pkgs/jedi-0.20.0-pyhcf101f3_0
appears to be corrupted. The path 'site-packages/jedi/third_party/typeshed/stubs/six/six/moves/collections_abc.pyi'
specified in the package manifest cannot be found.

CondaVerificationError: The package for jedi located at /home/raahimnawaz/miniforge3/pkgs/jedi-0.20.0-pyhcf101f3_0
appears to be corrupted. The path 'site-packages/jedi/third_party/typeshed/stubs/six/six/moves/configparser.pyi'
specified in the package manifest cannot be found.

CondaVerificationError: The package for jedi located at /home/raahimnawaz/miniforge3/pkgs/jedi-0.20.0-pyhcf101f3_0
appears to be corrupted. The path 'site-packages/jedi/third_party/typeshed/stubs/six/six/moves/copyreg.pyi'
specified in the package manifest cannot be found.

CondaVerificationError: The package for jedi located at /home/raahimnawaz/miniforge3/pkgs/jedi-0.20.0-pyhcf101f3_0
appears to be corrupted. The path 'site-packages/jedi/third_party/typeshed/stubs/six/six/moves/email_mime_base.pyi'
specified in the package manifest cannot be found.

CondaVerificationError: The package for jedi located at /home/raahimnawaz/miniforge3/pkgs/jedi-0.20.0-pyhcf101f3_0
appears to be corrupted. The path 'site-packages/jedi/third_party/typeshed/stubs/six/six/moves/email_mime_multipart.pyi'
specified in the package manifest cannot be found.

CondaVerificationError: The package for jedi located at /home/raahimnawaz/miniforge3/pkgs/jedi-0.20.0-pyhcf101f3_0
appears to be corrupted. The path 'site-packages/jedi/third_party/typeshed/stubs/six/six/moves/email_mime_nonmultipart.pyi'
specified in the package manifest cannot be found.

CondaVerificationError: The package for jedi located at /home/raahimnawaz/miniforge3/pkgs/jedi-0.20.0-pyhcf101f3_0
appears to be corrupted. The path 'site-packages/jedi/third_party/typeshed/stubs/six/six/moves/email_mime_text.pyi'
specified in the package manifest cannot be found.

CondaVerificationError: The package for jedi located at /home/raahimnawaz/miniforge3/pkgs/jedi-0.20.0-pyhcf101f3_0
appears to be corrupted. The path 'site-packages/jedi/third_party/typeshed/stubs/six/six/moves/html_entities.pyi'
specified in the package manifest cannot be found.

CondaVerificationError: The package for jedi located at /home/raahimnawaz/miniforge3/pkgs/jedi-0.20.0-pyhcf101f3_0
appears to be corrupted. The path 'site-packages/jedi/third_party/typeshed/stubs/six/six/moves/html_parser.pyi'
specified in the package manifest cannot be found.

CondaVerificationError: The package for jedi located at /home/raahimnawaz/miniforge3/pkgs/jedi-0.20.0-pyhcf101f3_0
appears to be corrupted. The path 'site-packages/jedi/third_party/typeshed/stubs/six/six/moves/http_client.pyi'
specified in the package manifest cannot be found.

CondaVerificationError: The package for jedi located at /home/raahimnawaz/miniforge3/pkgs/jedi-0.20.0-pyhcf101f3_0
appears to be corrupted. The path 'site-packages/jedi/third_party/typeshed/stubs/six/six/moves/http_cookiejar.pyi'
specified in the package manifest cannot be found.

CondaVerificationError: The package for jedi located at /home/raahimnawaz/miniforge3/pkgs/jedi-0.20.0-pyhcf101f3_0
appears to be corrupted. The path 'site-packages/jedi/third_party/typeshed/stubs/six/six/moves/http_cookies.pyi'
specified in the package manifest cannot be found.

CondaVerificationError: The package for jedi located at /home/raahimnawaz/miniforge3/pkgs/jedi-0.20.0-pyhcf101f3_0
appears to be corrupted. The path 'site-packages/jedi/third_party/typeshed/stubs/six/six/moves/queue.pyi'
specified in the package manifest cannot be found.

CondaVerificationError: The package for jedi located at /home/raahimnawaz/miniforge3/pkgs/jedi-0.20.0-pyhcf101f3_0
appears to be corrupted. The path 'site-packages/jedi/third_party/typeshed/stubs/six/six/moves/reprlib.pyi'
specified in the package manifest cannot be found.

CondaVerificationError: The package for jedi located at /home/raahimnawaz/miniforge3/pkgs/jedi-0.20.0-pyhcf101f3_0
appears to be corrupted. The path 'site-packages/jedi/third_party/typeshed/stubs/six/six/moves/socketserver.pyi'
specified in the package manifest cannot be found.

CondaVerificationError: The package for jedi located at /home/raahimnawaz/miniforge3/pkgs/jedi-0.20.0-pyhcf101f3_0
appears to be corrupted. The path 'site-packages/jedi/third_party/typeshed/stubs/six/six/moves/tkinter.pyi'
specified in the package manifest cannot be found.

CondaVerificationError: The package for jedi located at /home/raahimnawaz/miniforge3/pkgs/jedi-0.20.0-pyhcf101f3_0
appears to be corrupted. The path 'site-packages/jedi/third_party/typeshed/stubs/six/six/moves/tkinter_commondialog.pyi'
specified in the package manifest cannot be found.

CondaVerificationError: The package for jedi located at /home/raahimnawaz/miniforge3/pkgs/jedi-0.20.0-pyhcf101f3_0
appears to be corrupted. The path 'site-packages/jedi/third_party/typeshed/stubs/six/six/moves/tkinter_constants.pyi'
specified in the package manifest cannot be found.

CondaVerificationError: The package for jedi located at /home/raahimnawaz/miniforge3/pkgs/jedi-0.20.0-pyhcf101f3_0
appears to be corrupted. The path 'site-packages/jedi/third_party/typeshed/stubs/six/six/moves/tkinter_dialog.pyi'
specified in the package manifest cannot be found.

CondaVerificationError: The package for jedi located at /home/raahimnawaz/miniforge3/pkgs/jedi-0.20.0-pyhcf101f3_0
appears to be corrupted. The path 'site-packages/jedi/third_party/typeshed/stubs/six/six/moves/tkinter_filedialog.pyi'
specified in the package manifest cannot be found.

CondaVerificationError: The package for jedi located at /home/raahimnawaz/miniforge3/pkgs/jedi-0.20.0-pyhcf101f3_0
appears to be corrupted. The path 'site-packages/jedi/third_party/typeshed/stubs/six/six/moves/tkinter_tkfiledialog.pyi'
specified in the package manifest cannot be found.

CondaVerificationError: The package for jedi located at /home/raahimnawaz/miniforge3/pkgs/jedi-0.20.0-pyhcf101f3_0
appears to be corrupted. The path 'site-packages/jedi/third_party/typeshed/stubs/six/six/moves/tkinter_ttk.pyi'
specified in the package manifest cannot be found.

CondaVerificationError: The package for jedi located at /home/raahimnawaz/miniforge3/pkgs/jedi-0.20.0-pyhcf101f3_0
appears to be corrupted. The path 'site-packages/jedi/third_party/typeshed/stubs/six/six/moves/urllib/__init__.pyi'
specified in the package manifest cannot be found.

CondaVerificationError: The package for jedi located at /home/raahimnawaz/miniforge3/pkgs/jedi-0.20.0-pyhcf101f3_0
appears to be corrupted. The path 'site-packages/jedi/third_party/typeshed/stubs/six/six/moves/urllib/error.pyi'
specified in the package manifest cannot be found.

CondaVerificationError: The package for jedi located at /home/raahimnawaz/miniforge3/pkgs/jedi-0.20.0-pyhcf101f3_0
appears to be corrupted. The path 'site-packages/jedi/third_party/typeshed/stubs/six/six/moves/urllib/parse.pyi'
specified in the package manifest cannot be found.

CondaVerificationError: The package for jedi located at /home/raahimnawaz/miniforge3/pkgs/jedi-0.20.0-pyhcf101f3_0
appears to be corrupted. The path 'site-packages/jedi/third_party/typeshed/stubs/six/six/moves/urllib/request.pyi'
specified in the package manifest cannot be found.

CondaVerificationError: The package for jedi located at /home/raahimnawaz/miniforge3/pkgs/jedi-0.20.0-pyhcf101f3_0
appears to be corrupted. The path 'site-packages/jedi/third_party/typeshed/stubs/six/six/moves/urllib/response.pyi'
specified in the package manifest cannot be found.

CondaVerificationError: The package for jedi located at /home/raahimnawaz/miniforge3/pkgs/jedi-0.20.0-pyhcf101f3_0
appears to be corrupted. The path 'site-packages/jedi/third_party/typeshed/stubs/six/six/moves/urllib/robotparser.pyi'
specified in the package manifest cannot be found.

CondaVerificationError: The package for jedi located at /home/raahimnawaz/miniforge3/pkgs/jedi-0.20.0-pyhcf101f3_0
appears to be corrupted. The path 'site-packages/jedi/third_party/typeshed/stubs/six/six/moves/urllib_error.pyi'
specified in the package manifest cannot be found.

CondaVerificationError: The package for jedi located at /home/raahimnawaz/miniforge3/pkgs/jedi-0.20.0-pyhcf101f3_0
appears to be corrupted. The path 'site-packages/jedi/third_party/typeshed/stubs/six/six/moves/urllib_parse.pyi'
specified in the package manifest cannot be found.

CondaVerificationError: The package for jedi located at /home/raahimnawaz/miniforge3/pkgs/jedi-0.20.0-pyhcf101f3_0
appears to be corrupted. The path 'site-packages/jedi/third_party/typeshed/stubs/six/six/moves/urllib_request.pyi'
specified in the package manifest cannot be found.

CondaVerificationError: The package for jedi located at /home/raahimnawaz/miniforge3/pkgs/jedi-0.20.0-pyhcf101f3_0
appears to be corrupted. The path 'site-packages/jedi/third_party/typeshed/stubs/six/six/moves/urllib_response.pyi'
specified in the package manifest cannot be found.

CondaVerificationError: The package for jedi located at /home/raahimnawaz/miniforge3/pkgs/jedi-0.20.0-pyhcf101f3_0
appears to be corrupted. The path 'site-packages/jedi/third_party/typeshed/stubs/six/six/moves/urllib_robotparser.pyi'
specified in the package manifest cannot be found.

CondaVerificationError: The package for jedi located at /home/raahimnawaz/miniforge3/pkgs/jedi-0.20.0-pyhcf101f3_0
appears to be corrupted. The path 'site-packages/jedi/third_party/typeshed/stubs/slumber/slumber/__init__.pyi'
specified in the package manifest cannot be found.

CondaVerificationError: The package for jedi located at /home/raahimnawaz/miniforge3/pkgs/jedi-0.20.0-pyhcf101f3_0
appears to be corrupted. The path 'site-packages/jedi/third_party/typeshed/stubs/slumber/slumber/exceptions.pyi'
specified in the package manifest cannot be found.

CondaVerificationError: The package for jedi located at /home/raahimnawaz/miniforge3/pkgs/jedi-0.20.0-pyhcf101f3_0
appears to be corrupted. The path 'site-packages/jedi/third_party/typeshed/stubs/slumber/slumber/serialize.pyi'
specified in the package manifest cannot be found.

CondaVerificationError: The package for jedi located at /home/raahimnawaz/miniforge3/pkgs/jedi-0.20.0-pyhcf101f3_0
appears to be corrupted. The path 'site-packages/jedi/third_party/typeshed/stubs/slumber/slumber/utils.pyi'
specified in the package manifest cannot be found.

CondaVerificationError: The package for jedi located at /home/raahimnawaz/miniforge3/pkgs/jedi-0.20.0-pyhcf101f3_0
appears to be corrupted. The path 'site-packages/jedi/third_party/typeshed/stubs/str2bool/str2bool/__init__.pyi'
specified in the package manifest cannot be found.

CondaVerificationError: The package for jedi located at /home/raahimnawaz/miniforge3/pkgs/jedi-0.20.0-pyhcf101f3_0
appears to be corrupted. The path 'site-packages/jedi/third_party/typeshed/stubs/tabulate/tabulate/__init__.pyi'
specified in the package manifest cannot be found.

CondaVerificationError: The package for jedi located at /home/raahimnawaz/miniforge3/pkgs/jedi-0.20.0-pyhcf101f3_0
appears to be corrupted. The path 'site-packages/jedi/third_party/typeshed/stubs/tensorflow/tensorflow/__init__.pyi'
specified in the package manifest cannot be found.

CondaVerificationError: The package for jedi located at /home/raahimnawaz/miniforge3/pkgs/jedi-0.20.0-pyhcf101f3_0
appears to be corrupted. The path 'site-packages/jedi/third_party/typeshed/stubs/tensorflow/tensorflow/_aliases.pyi'
specified in the package manifest cannot be found.

CondaVerificationError: The package for jedi located at /home/raahimnawaz/miniforge3/pkgs/jedi-0.20.0-pyhcf101f3_0
appears to be corrupted. The path 'site-packages/jedi/third_party/typeshed/stubs/tensorflow/tensorflow/audio.pyi'
specified in the package manifest cannot be found.

CondaVerificationError: The package for jedi located at /home/raahimnawaz/miniforge3/pkgs/jedi-0.20.0-pyhcf101f3_0
appears to be corrupted. The path 'site-packages/jedi/third_party/typeshed/stubs/tensorflow/tensorflow/autodiff.pyi'
specified in the package manifest cannot be found.

CondaVerificationError: The package for jedi located at /home/raahimnawaz/miniforge3/pkgs/jedi-0.20.0-pyhcf101f3_0
appears to be corrupted. The path 'site-packages/jedi/third_party/typeshed/stubs/tensorflow/tensorflow/autograph/__init__.pyi'
specified in the package manifest cannot be found.

CondaVerificationError: The package for jedi located at /home/raahimnawaz/miniforge3/pkgs/jedi-0.20.0-pyhcf101f3_0
appears to be corrupted. The path 'site-packages/jedi/third_party/typeshed/stubs/tensorflow/tensorflow/autograph/experimental.pyi'
specified in the package manifest cannot be found.

CondaVerificationError: The package for jedi located at /home/raahimnawaz/miniforge3/pkgs/jedi-0.20.0-pyhcf101f3_0
appears to be corrupted. The path 'site-packages/jedi/third_party/typeshed/stubs/tensorflow/tensorflow/bitwise.pyi'
specified in the package manifest cannot be found.

CondaVerificationError: The package for jedi located at /home/raahimnawaz/miniforge3/pkgs/jedi-0.20.0-pyhcf101f3_0
appears to be corrupted. The path 'site-packages/jedi/third_party/typeshed/stubs/tensorflow/tensorflow/compiler/xla/service/hlo_pb2.pyi'
specified in the package manifest cannot be found.

CondaVerificationError: The package for jedi located at /home/raahimnawaz/miniforge3/pkgs/jedi-0.20.0-pyhcf101f3_0
appears to be corrupted. The path 'site-packages/jedi/third_party/typeshed/stubs/tensorflow/tensorflow/compiler/xla/service/hlo_profile_printer_data_pb2.pyi'
specified in the package manifest cannot be found.

CondaVerificationError: The package for jedi located at /home/raahimnawaz/miniforge3/pkgs/jedi-0.20.0-pyhcf101f3_0
appears to be corrupted. The path 'site-packages/jedi/third_party/typeshed/stubs/tensorflow/tensorflow/compiler/xla/service/metrics_pb2.pyi'
specified in the package manifest cannot be found.

CondaVerificationError: The package for jedi located at /home/raahimnawaz/miniforge3/pkgs/jedi-0.20.0-pyhcf101f3_0
appears to be corrupted. The path 'site-packages/jedi/third_party/typeshed/stubs/tensorflow/tensorflow/compiler/xla/service/test_compilation_environment_pb2.pyi'
specified in the package manifest cannot be found.

CondaVerificationError: The package for jedi located at /home/raahimnawaz/miniforge3/pkgs/jedi-0.20.0-pyhcf101f3_0
appears to be corrupted. The path 'site-packages/jedi/third_party/typeshed/stubs/tensorflow/tensorflow/compiler/xla/service/xla_compile_result_pb2.pyi'
specified in the package manifest cannot be found.

CondaVerificationError: The package for jedi located at /home/raahimnawaz/miniforge3/pkgs/jedi-0.20.0-pyhcf101f3_0
appears to be corrupted. The path 'site-packages/jedi/third_party/typeshed/stubs/tensorflow/tensorflow/compiler/xla/tsl/protobuf/bfc_memory_map_pb2.pyi'
specified in the package manifest cannot be found.

CondaVerificationError: The package for jedi located at /home/raahimnawaz/miniforge3/pkgs/jedi-0.20.0-pyhcf101f3_0
appears to be corrupted. The path 'site-packages/jedi/third_party/typeshed/stubs/tensorflow/tensorflow/compiler/xla/tsl/protobuf/test_log_pb2.pyi'
specified in the package manifest cannot be found.

CondaVerificationError: The package for jedi located at /home/raahimnawaz/miniforge3/pkgs/jedi-0.20.0-pyhcf101f3_0
appears to be corrupted. The path 'site-packages/jedi/third_party/typeshed/stubs/tensorflow/tensorflow/compiler/xla/xla_data_pb2.pyi'
specified in the package manifest cannot be found.

CondaVerificationError: The package for jedi located at /home/raahimnawaz/miniforge3/pkgs/jedi-0.20.0-pyhcf101f3_0
appears to be corrupted. The path 'site-packages/jedi/third_party/typeshed/stubs/tensorflow/tensorflow/compiler/xla/xla_pb2.pyi'
specified in the package manifest cannot be found.

CondaVerificationError: The package for jedi located at /home/raahimnawaz/miniforge3/pkgs/jedi-0.20.0-pyhcf101f3_0
appears to be corrupted. The path 'site-packages/jedi/third_party/typeshed/stubs/tensorflow/tensorflow/config/__init__.pyi'
specified in the package manifest cannot be found.

CondaVerificationError: The package for jedi located at /home/raahimnawaz/miniforge3/pkgs/jedi-0.20.0-pyhcf101f3_0
appears to be corrupted. The path 'site-packages/jedi/third_party/typeshed/stubs/tensorflow/tensorflow/config/experimental.pyi'
specified in the package manifest cannot be found.

CondaVerificationError: The package for jedi located at /home/raahimnawaz/miniforge3/pkgs/jedi-0.20.0-pyhcf101f3_0
appears to be corrupted. The path 'site-packages/jedi/third_party/typeshed/stubs/tensorflow/tensorflow/core/example/example_parser_configuration_pb2.pyi'
specified in the package manifest cannot be found.

CondaVerificationError: The package for jedi located at /home/raahimnawaz/miniforge3/pkgs/jedi-0.20.0-pyhcf101f3_0
appears to be corrupted. The path 'site-packages/jedi/third_party/typeshed/stubs/tensorflow/tensorflow/core/example/example_pb2.pyi'
specified in the package manifest cannot be found.

CondaVerificationError: The package for jedi located at /home/raahimnawaz/miniforge3/pkgs/jedi-0.20.0-pyhcf101f3_0
appears to be corrupted. The path 'site-packages/jedi/third_party/typeshed/stubs/tensorflow/tensorflow/core/example/feature_pb2.pyi'
specified in the package manifest cannot be found.

CondaVerificationError: The package for jedi located at /home/raahimnawaz/miniforge3/pkgs/jedi-0.20.0-pyhcf101f3_0
appears to be corrupted. The path 'site-packages/jedi/third_party/typeshed/stubs/tensorflow/tensorflow/core/framework/allocation_description_pb2.pyi'
specified in the package manifest cannot be found.

CondaVerificationError: The package for jedi located at /home/raahimnawaz/miniforge3/pkgs/jedi-0.20.0-pyhcf101f3_0
appears to be corrupted. The path 'site-packages/jedi/third_party/typeshed/stubs/tensorflow/tensorflow/core/framework/api_def_pb2.pyi'
specified in the package manifest cannot be found.

CondaVerificationError: The package for jedi located at /home/raahimnawaz/miniforge3/pkgs/jedi-0.20.0-pyhcf101f3_0
appears to be corrupted. The path 'site-packages/jedi/third_party/typeshed/stubs/tensorflow/tensorflow/core/framework/attr_value_pb2.pyi'
specified in the package manifest cannot be found.

CondaVerificationError: The package for jedi located at /home/raahimnawaz/miniforge3/pkgs/jedi-0.20.0-pyhcf101f3_0
appears to be corrupted. The path 'site-packages/jedi/third_party/typeshed/stubs/tensorflow/tensorflow/core/framework/cost_graph_pb2.pyi'
specified in the package manifest cannot be found.

CondaVerificationError: The package for jedi located at /home/raahimnawaz/miniforge3/pkgs/jedi-0.20.0-pyhcf101f3_0
appears to be corrupted. The path 'site-packages/jedi/third_party/typeshed/stubs/tensorflow/tensorflow/core/framework/cpp_shape_inference_pb2.pyi'
specified in the package manifest cannot be found.

CondaVerificationError: The package for jedi located at /home/raahimnawaz/miniforge3/pkgs/jedi-0.20.0-pyhcf101f3_0
appears to be corrupted. The path 'site-packages/jedi/third_party/typeshed/stubs/tensorflow/tensorflow/core/framework/dataset_metadata_pb2.pyi'
specified in the package manifest cannot be found.

CondaVerificationError: The package for jedi located at /home/raahimnawaz/miniforge3/pkgs/jedi-0.20.0-pyhcf101f3_0
appears to be corrupted. The path 'site-packages/jedi/third_party/typeshed/stubs/tensorflow/tensorflow/core/framework/dataset_options_pb2.pyi'
specified in the package manifest cannot be found.

CondaVerificationError: The package for jedi located at /home/raahimnawaz/miniforge3/pkgs/jedi-0.20.0-pyhcf101f3_0
appears to be corrupted. The path 'site-packages/jedi/third_party/typeshed/stubs/tensorflow/tensorflow/core/framework/dataset_pb2.pyi'
specified in the package manifest cannot be found.

CondaVerificationError: The package for jedi located at /home/raahimnawaz/miniforge3/pkgs/jedi-0.20.0-pyhcf101f3_0
appears to be corrupted. The path 'site-packages/jedi/third_party/typeshed/stubs/tensorflow/tensorflow/core/framework/device_attributes_pb2.pyi'
specified in the package manifest cannot be found.

CondaVerificationError: The package for jedi located at /home/raahimnawaz/miniforge3/pkgs/jedi-0.20.0-pyhcf101f3_0
appears to be corrupted. The path 'site-packages/jedi/third_party/typeshed/stubs/tensorflow/tensorflow/core/framework/full_type_pb2.pyi'
specified in the package manifest cannot be found.

CondaVerificationError: The package for jedi located at /home/raahimnawaz/miniforge3/pkgs/jedi-0.20.0-pyhcf101f3_0
appears to be corrupted. The path 'site-packages/jedi/third_party/typeshed/stubs/tensorflow/tensorflow/core/framework/function_pb2.pyi'
specified in the package manifest cannot be found.

CondaVerificationError: The package for jedi located at /home/raahimnawaz/miniforge3/pkgs/jedi-0.20.0-pyhcf101f3_0
appears to be corrupted. The path 'site-packages/jedi/third_party/typeshed/stubs/tensorflow/tensorflow/core/framework/graph_debug_info_pb2.pyi'
specified in the package manifest cannot be found.

CondaVerificationError: The package for jedi located at /home/raahimnawaz/miniforge3/pkgs/jedi-0.20.0-pyhcf101f3_0
appears to be corrupted. The path 'site-packages/jedi/third_party/typeshed/stubs/tensorflow/tensorflow/core/framework/graph_pb2.pyi'
specified in the package manifest cannot be found.

CondaVerificationError: The package for jedi located at /home/raahimnawaz/miniforge3/pkgs/jedi-0.20.0-pyhcf101f3_0
appears to be corrupted. The path 'site-packages/jedi/third_party/typeshed/stubs/tensorflow/tensorflow/core/framework/graph_transfer_info_pb2.pyi'
specified in the package manifest cannot be found.

CondaVerificationError: The package for jedi located at /home/raahimnawaz/miniforge3/pkgs/jedi-0.20.0-pyhcf101f3_0
appears to be corrupted. The path 'site-packages/jedi/third_party/typeshed/stubs/tensorflow/tensorflow/core/framework/kernel_def_pb2.pyi'
specified in the package manifest cannot be found.

CondaVerificationError: The package for jedi located at /home/raahimnawaz/miniforge3/pkgs/jedi-0.20.0-pyhcf101f3_0
appears to be corrupted. The path 'site-packages/jedi/third_party/typeshed/stubs/tensorflow/tensorflow/core/framework/log_memory_pb2.pyi'
specified in the package manifest cannot be found.

CondaVerificationError: The package for jedi located at /home/raahimnawaz/miniforge3/pkgs/jedi-0.20.0-pyhcf101f3_0
appears to be corrupted. The path 'site-packages/jedi/third_party/typeshed/stubs/tensorflow/tensorflow/core/framework/model_pb2.pyi'
specified in the package manifest cannot be found.

CondaVerificationError: The package for jedi located at /home/raahimnawaz/miniforge3/pkgs/jedi-0.20.0-pyhcf101f3_0
appears to be corrupted. The path 'site-packages/jedi/third_party/typeshed/stubs/tensorflow/tensorflow/core/framework/node_def_pb2.pyi'
specified in the package manifest cannot be found.

CondaVerificationError: The package for jedi located at /home/raahimnawaz/miniforge3/pkgs/jedi-0.20.0-pyhcf101f3_0
appears to be corrupted. The path 'site-packages/jedi/third_party/typeshed/stubs/tensorflow/tensorflow/core/framework/op_def_pb2.pyi'
specified in the package manifest cannot be found.

CondaVerificationError: The package for jedi located at /home/raahimnawaz/miniforge3/pkgs/jedi-0.20.0-pyhcf101f3_0
appears to be corrupted. The path 'site-packages/jedi/third_party/typeshed/stubs/tensorflow/tensorflow/core/framework/optimized_function_graph_pb2.pyi'
specified in the package manifest cannot be found.

CondaVerificationError: The package for jedi located at /home/raahimnawaz/miniforge3/pkgs/jedi-0.20.0-pyhcf101f3_0
appears to be corrupted. The path 'site-packages/jedi/third_party/typeshed/stubs/tensorflow/tensorflow/core/framework/reader_base_pb2.pyi'
specified in the package manifest cannot be found.

CondaVerificationError: The package for jedi located at /home/raahimnawaz/miniforge3/pkgs/jedi-0.20.0-pyhcf101f3_0
appears to be corrupted. The path 'site-packages/jedi/third_party/typeshed/stubs/tensorflow/tensorflow/core/framework/resource_handle_pb2.pyi'
specified in the package manifest cannot be found.

CondaVerificationError: The package for jedi located at /home/raahimnawaz/miniforge3/pkgs/jedi-0.20.0-pyhcf101f3_0
appears to be corrupted. The path 'site-packages/jedi/third_party/typeshed/stubs/tensorflow/tensorflow/core/framework/step_stats_pb2.pyi'
specified in the package manifest cannot be found.

CondaVerificationError: The package for jedi located at /home/raahimnawaz/miniforge3/pkgs/jedi-0.20.0-pyhcf101f3_0
appears to be corrupted. The path 'site-packages/jedi/third_party/typeshed/stubs/tensorflow/tensorflow/core/framework/summary_pb2.pyi'
specified in the package manifest cannot be found.

CondaVerificationError: The package for jedi located at /home/raahimnawaz/miniforge3/pkgs/jedi-0.20.0-pyhcf101f3_0
appears to be corrupted. The path 'site-packages/jedi/third_party/typeshed/stubs/tensorflow/tensorflow/core/framework/tensor_description_pb2.pyi'
specified in the package manifest cannot be found.

CondaVerificationError: The package for jedi located at /home/raahimnawaz/miniforge3/pkgs/jedi-0.20.0-pyhcf101f3_0
appears to be corrupted. The path 'site-packages/jedi/third_party/typeshed/stubs/tensorflow/tensorflow/core/framework/tensor_pb2.pyi'
specified in the package manifest cannot be found.

CondaVerificationError: The package for jedi located at /home/raahimnawaz/miniforge3/pkgs/jedi-0.20.0-pyhcf101f3_0
appears to be corrupted. The path 'site-packages/jedi/third_party/typeshed/stubs/tensorflow/tensorflow/core/framework/tensor_shape_pb2.pyi'
specified in the package manifest cannot be found.

CondaVerificationError: The package for jedi located at /home/raahimnawaz/miniforge3/pkgs/jedi-0.20.0-pyhcf101f3_0
appears to be corrupted. The path 'site-packages/jedi/third_party/typeshed/stubs/tensorflow/tensorflow/core/framework/tensor_slice_pb2.pyi'
specified in the package manifest cannot be found.

CondaVerificationError: The package for jedi located at /home/raahimnawaz/miniforge3/pkgs/jedi-0.20.0-pyhcf101f3_0
appears to be corrupted. The path 'site-packages/jedi/third_party/typeshed/stubs/tensorflow/tensorflow/core/framework/types_pb2.pyi'
specified in the package manifest cannot be found.

CondaVerificationError: The package for jedi located at /home/raahimnawaz/miniforge3/pkgs/jedi-0.20.0-pyhcf101f3_0
appears to be corrupted. The path 'site-packages/jedi/third_party/typeshed/stubs/tensorflow/tensorflow/core/framework/variable_pb2.pyi'
specified in the package manifest cannot be found.

CondaVerificationError: The package for jedi located at /home/raahimnawaz/miniforge3/pkgs/jedi-0.20.0-pyhcf101f3_0
appears to be corrupted. The path 'site-packages/jedi/third_party/typeshed/stubs/tensorflow/tensorflow/core/framework/versions_pb2.pyi'
specified in the package manifest cannot be found.

CondaVerificationError: The package for jedi located at /home/raahimnawaz/miniforge3/pkgs/jedi-0.20.0-pyhcf101f3_0
appears to be corrupted. The path 'site-packages/jedi/third_party/typeshed/stubs/tensorflow/tensorflow/core/protobuf/__init__.pyi'
specified in the package manifest cannot be found.

CondaVerificationError: The package for jedi located at /home/raahimnawaz/miniforge3/pkgs/jedi-0.20.0-pyhcf101f3_0
appears to be corrupted. The path 'site-packages/jedi/third_party/typeshed/stubs/tensorflow/tensorflow/core/protobuf/bfc_memory_map_pb2.pyi'
specified in the package manifest cannot be found.

CondaVerificationError: The package for jedi located at /home/raahimnawaz/miniforge3/pkgs/jedi-0.20.0-pyhcf101f3_0
appears to be corrupted. The path 'site-packages/jedi/third_party/typeshed/stubs/tensorflow/tensorflow/core/protobuf/cluster_pb2.pyi'
specified in the package manifest cannot be found.

CondaVerificationError: The package for jedi located at /home/raahimnawaz/miniforge3/pkgs/jedi-0.20.0-pyhcf101f3_0
appears to be corrupted. The path 'site-packages/jedi/third_party/typeshed/stubs/tensorflow/tensorflow/core/protobuf/composite_tensor_variant_pb2.pyi'
specified in the package manifest cannot be found.

CondaVerificationError: The package for jedi located at /home/raahimnawaz/miniforge3/pkgs/jedi-0.20.0-pyhcf101f3_0
appears to be corrupted. The path 'site-packages/jedi/third_party/typeshed/stubs/tensorflow/tensorflow/core/protobuf/config_pb2.pyi'
specified in the package manifest cannot be found.

CondaVerificationError: The package for jedi located at /home/raahimnawaz/miniforge3/pkgs/jedi-0.20.0-pyhcf101f3_0
appears to be corrupted. The path 'site-packages/jedi/third_party/typeshed/stubs/tensorflow/tensorflow/core/protobuf/control_flow_pb2.pyi'
specified in the package manifest cannot be found.

CondaVerificationError: The package for jedi located at /home/raahimnawaz/miniforge3/pkgs/jedi-0.20.0-pyhcf101f3_0
appears to be corrupted. The path 'site-packages/jedi/third_party/typeshed/stubs/tensorflow/tensorflow/core/protobuf/core_platform_payloads_pb2.pyi'
specified in the package manifest cannot be found.

CondaVerificationError: The package for jedi located at /home/raahimnawaz/miniforge3/pkgs/jedi-0.20.0-pyhcf101f3_0
appears to be corrupted. The path 'site-packages/jedi/third_party/typeshed/stubs/tensorflow/tensorflow/core/protobuf/data_service_pb2.pyi'
specified in the package manifest cannot be found.

CondaVerificationError: The package for jedi located at /home/raahimnawaz/miniforge3/pkgs/jedi-0.20.0-pyhcf101f3_0
appears to be corrupted. The path 'site-packages/jedi/third_party/typeshed/stubs/tensorflow/tensorflow/core/protobuf/debug_event_pb2.pyi'
specified in the package manifest cannot be found.

CondaVerificationError: The package for jedi located at /home/raahimnawaz/miniforge3/pkgs/jedi-0.20.0-pyhcf101f3_0
appears to be corrupted. The path 'site-packages/jedi/third_party/typeshed/stubs/tensorflow/tensorflow/core/protobuf/debug_pb2.pyi'
specified in the package manifest cannot be found.

CondaVerificationError: The package for jedi located at /home/raahimnawaz/miniforge3/pkgs/jedi-0.20.0-pyhcf101f3_0
appears to be corrupted. The path 'site-packages/jedi/third_party/typeshed/stubs/tensorflow/tensorflow/core/protobuf/device_filters_pb2.pyi'
specified in the package manifest cannot be found.

CondaVerificationError: The package for jedi located at /home/raahimnawaz/miniforge3/pkgs/jedi-0.20.0-pyhcf101f3_0
appears to be corrupted. The path 'site-packages/jedi/third_party/typeshed/stubs/tensorflow/tensorflow/core/protobuf/device_properties_pb2.pyi'
specified in the package manifest cannot be found.

CondaVerificationError: The package for jedi located at /home/raahimnawaz/miniforge3/pkgs/jedi-0.20.0-pyhcf101f3_0
appears to be corrupted. The path 'site-packages/jedi/third_party/typeshed/stubs/tensorflow/tensorflow/core/protobuf/error_codes_pb2.pyi'
specified in the package manifest cannot be found.

CondaVerificationError: The package for jedi located at /home/raahimnawaz/miniforge3/pkgs/jedi-0.20.0-pyhcf101f3_0
appears to be corrupted. The path 'site-packages/jedi/third_party/typeshed/stubs/tensorflow/tensorflow/core/protobuf/fingerprint_pb2.pyi'
specified in the package manifest cannot be found.

CondaVerificationError: The package for jedi located at /home/raahimnawaz/miniforge3/pkgs/jedi-0.20.0-pyhcf101f3_0
appears to be corrupted. The path 'site-packages/jedi/third_party/typeshed/stubs/tensorflow/tensorflow/core/protobuf/meta_graph_pb2.pyi'
specified in the package manifest cannot be found.

CondaVerificationError: The package for jedi located at /home/raahimnawaz/miniforge3/pkgs/jedi-0.20.0-pyhcf101f3_0
appears to be corrupted. The path 'site-packages/jedi/third_party/typeshed/stubs/tensorflow/tensorflow/core/protobuf/named_tensor_pb2.pyi'
specified in the package manifest cannot be found.

CondaVerificationError: The package for jedi located at /home/raahimnawaz/miniforge3/pkgs/jedi-0.20.0-pyhcf101f3_0
appears to be corrupted. The path 'site-packages/jedi/third_party/typeshed/stubs/tensorflow/tensorflow/core/protobuf/queue_runner_pb2.pyi'
specified in the package manifest cannot be found.

CondaVerificationError: The package for jedi located at /home/raahimnawaz/miniforge3/pkgs/jedi-0.20.0-pyhcf101f3_0
appears to be corrupted. The path 'site-packages/jedi/third_party/typeshed/stubs/tensorflow/tensorflow/core/protobuf/remote_tensor_handle_pb2.pyi'
specified in the package manifest cannot be found.

CondaVerificationError: The package for jedi located at /home/raahimnawaz/miniforge3/pkgs/jedi-0.20.0-pyhcf101f3_0
appears to be corrupted. The path 'site-packages/jedi/third_party/typeshed/stubs/tensorflow/tensorflow/core/protobuf/rewriter_config_pb2.pyi'
specified in the package manifest cannot be found.

CondaVerificationError: The package for jedi located at /home/raahimnawaz/miniforge3/pkgs/jedi-0.20.0-pyhcf101f3_0
appears to be corrupted. The path 'site-packages/jedi/third_party/typeshed/stubs/tensorflow/tensorflow/core/protobuf/rpc_options_pb2.pyi'
specified in the package manifest cannot be found.

CondaVerificationError: The package for jedi located at /home/raahimnawaz/miniforge3/pkgs/jedi-0.20.0-pyhcf101f3_0
appears to be corrupted. The path 'site-packages/jedi/third_party/typeshed/stubs/tensorflow/tensorflow/core/protobuf/saved_model_pb2.pyi'
specified in the package manifest cannot be found.

CondaVerificationError: The package for jedi located at /home/raahimnawaz/miniforge3/pkgs/jedi-0.20.0-pyhcf101f3_0
appears to be corrupted. The path 'site-packages/jedi/third_party/typeshed/stubs/tensorflow/tensorflow/core/protobuf/saved_object_graph_pb2.pyi'
specified in the package manifest cannot be found.

CondaVerificationError: The package for jedi located at /home/raahimnawaz/miniforge3/pkgs/jedi-0.20.0-pyhcf101f3_0
appears to be corrupted. The path 'site-packages/jedi/third_party/typeshed/stubs/tensorflow/tensorflow/core/protobuf/saver_pb2.pyi'
specified in the package manifest cannot be found.

CondaVerificationError: The package for jedi located at /home/raahimnawaz/miniforge3/pkgs/jedi-0.20.0-pyhcf101f3_0
appears to be corrupted. The path 'site-packages/jedi/third_party/typeshed/stubs/tensorflow/tensorflow/core/protobuf/service_config_pb2.pyi'
specified in the package manifest cannot be found.

CondaVerificationError: The package for jedi located at /home/raahimnawaz/miniforge3/pkgs/jedi-0.20.0-pyhcf101f3_0
appears to be corrupted. The path 'site-packages/jedi/third_party/typeshed/stubs/tensorflow/tensorflow/core/protobuf/snapshot_pb2.pyi'
specified in the package manifest cannot be found.

CondaVerificationError: The package for jedi located at /home/raahimnawaz/miniforge3/pkgs/jedi-0.20.0-pyhcf101f3_0
appears to be corrupted. The path 'site-packages/jedi/third_party/typeshed/stubs/tensorflow/tensorflow/core/protobuf/status_pb2.pyi'
specified in the package manifest cannot be found.

CondaVerificationError: The package for jedi located at /home/raahimnawaz/miniforge3/pkgs/jedi-0.20.0-pyhcf101f3_0
appears to be corrupted. The path 'site-packages/jedi/third_party/typeshed/stubs/tensorflow/tensorflow/core/protobuf/struct_pb2.pyi'
specified in the package manifest cannot be found.

CondaVerificationError: The package for jedi located at /home/raahimnawaz/miniforge3/pkgs/jedi-0.20.0-pyhcf101f3_0
appears to be corrupted. The path 'site-packages/jedi/third_party/typeshed/stubs/tensorflow/tensorflow/core/protobuf/tensor_bundle_pb2.pyi'
specified in the package manifest cannot be found.

CondaVerificationError: The package for jedi located at /home/raahimnawaz/miniforge3/pkgs/jedi-0.20.0-pyhcf101f3_0
appears to be corrupted. The path 'site-packages/jedi/third_party/typeshed/stubs/tensorflow/tensorflow/core/protobuf/tensorflow_server_pb2.pyi'
specified in the package manifest cannot be found.

CondaVerificationError: The package for jedi located at /home/raahimnawaz/miniforge3/pkgs/jedi-0.20.0-pyhcf101f3_0
appears to be corrupted. The path 'site-packages/jedi/third_party/typeshed/stubs/tensorflow/tensorflow/core/protobuf/tpu/compilation_result_pb2.pyi'
specified in the package manifest cannot be found.

CondaVerificationError: The package for jedi located at /home/raahimnawaz/miniforge3/pkgs/jedi-0.20.0-pyhcf101f3_0
appears to be corrupted. The path 'site-packages/jedi/third_party/typeshed/stubs/tensorflow/tensorflow/core/protobuf/tpu/dynamic_padding_pb2.pyi'
specified in the package manifest cannot be found.

CondaVerificationError: The package for jedi located at /home/raahimnawaz/miniforge3/pkgs/jedi-0.20.0-pyhcf101f3_0
appears to be corrupted. The path 'site-packages/jedi/third_party/typeshed/stubs/tensorflow/tensorflow/core/protobuf/tpu/optimization_parameters_pb2.pyi'
specified in the package manifest cannot be found.

CondaVerificationError: The package for jedi located at /home/raahimnawaz/miniforge3/pkgs/jedi-0.20.0-pyhcf101f3_0
appears to be corrupted. The path 'site-packages/jedi/third_party/typeshed/stubs/tensorflow/tensorflow/core/protobuf/tpu/topology_pb2.pyi'
specified in the package manifest cannot be found.

CondaVerificationError: The package for jedi located at /home/raahimnawaz/miniforge3/pkgs/jedi-0.20.0-pyhcf101f3_0
appears to be corrupted. The path 'site-packages/jedi/third_party/typeshed/stubs/tensorflow/tensorflow/core/protobuf/tpu/tpu_embedding_configuration_pb2.pyi'
specified in the package manifest cannot be found.

CondaVerificationError: The package for jedi located at /home/raahimnawaz/miniforge3/pkgs/jedi-0.20.0-pyhcf101f3_0
appears to be corrupted. The path 'site-packages/jedi/third_party/typeshed/stubs/tensorflow/tensorflow/core/protobuf/trackable_object_graph_pb2.pyi'
specified in the package manifest cannot be found.

CondaVerificationError: The package for jedi located at /home/raahimnawaz/miniforge3/pkgs/jedi-0.20.0-pyhcf101f3_0
appears to be corrupted. The path 'site-packages/jedi/third_party/typeshed/stubs/tensorflow/tensorflow/core/protobuf/transport_options_pb2.pyi'
specified in the package manifest cannot be found.

CondaVerificationError: The package for jedi located at /home/raahimnawaz/miniforge3/pkgs/jedi-0.20.0-pyhcf101f3_0
appears to be corrupted. The path 'site-packages/jedi/third_party/typeshed/stubs/tensorflow/tensorflow/core/protobuf/verifier_config_pb2.pyi'
specified in the package manifest cannot be found.

CondaVerificationError: The package for jedi located at /home/raahimnawaz/miniforge3/pkgs/jedi-0.20.0-pyhcf101f3_0
appears to be corrupted. The path 'site-packages/jedi/third_party/typeshed/stubs/tensorflow/tensorflow/core/util/event_pb2.pyi'
specified in the package manifest cannot be found.

CondaVerificationError: The package for jedi located at /home/raahimnawaz/miniforge3/pkgs/jedi-0.20.0-pyhcf101f3_0
appears to be corrupted. The path 'site-packages/jedi/third_party/typeshed/stubs/tensorflow/tensorflow/core/util/memmapped_file_system_pb2.pyi'
specified in the package manifest cannot be found.

CondaVerificationError: The package for jedi located at /home/raahimnawaz/miniforge3/pkgs/jedi-0.20.0-pyhcf101f3_0
appears to be corrupted. The path 'site-packages/jedi/third_party/typeshed/stubs/tensorflow/tensorflow/core/util/saved_tensor_slice_pb2.pyi'
specified in the package manifest cannot be found.

CondaVerificationError: The package for jedi located at /home/raahimnawaz/miniforge3/pkgs/jedi-0.20.0-pyhcf101f3_0
appears to be corrupted. The path 'site-packages/jedi/third_party/typeshed/stubs/tensorflow/tensorflow/core/util/test_log_pb2.pyi'
specified in the package manifest cannot be found.

CondaVerificationError: The package for jedi located at /home/raahimnawaz/miniforge3/pkgs/jedi-0.20.0-pyhcf101f3_0
appears to be corrupted. The path 'site-packages/jedi/third_party/typeshed/stubs/tensorflow/tensorflow/data/__init__.pyi'
specified in the package manifest cannot be found.

CondaVerificationError: The package for jedi located at /home/raahimnawaz/miniforge3/pkgs/jedi-0.20.0-pyhcf101f3_0
appears to be corrupted. The path 'site-packages/jedi/third_party/typeshed/stubs/tensorflow/tensorflow/data/experimental.pyi'
specified in the package manifest cannot be found.

CondaVerificationError: The package for jedi located at /home/raahimnawaz/miniforge3/pkgs/jedi-0.20.0-pyhcf101f3_0
appears to be corrupted. The path 'site-packages/jedi/third_party/typeshed/stubs/tensorflow/tensorflow/distribute/__init__.pyi'
specified in the package manifest cannot be found.

CondaVerificationError: The package for jedi located at /home/raahimnawaz/miniforge3/pkgs/jedi-0.20.0-pyhcf101f3_0
appears to be corrupted. The path 'site-packages/jedi/third_party/typeshed/stubs/tensorflow/tensorflow/distribute/coordinator.pyi'
specified in the package manifest cannot be found.

CondaVerificationError: The package for jedi located at /home/raahimnawaz/miniforge3/pkgs/jedi-0.20.0-pyhcf101f3_0
appears to be corrupted. The path 'site-packages/jedi/third_party/typeshed/stubs/tensorflow/tensorflow/distribute/experimental/coordinator.pyi'
specified in the package manifest cannot be found.

CondaVerificationError: The package for jedi located at /home/raahimnawaz/miniforge3/pkgs/jedi-0.20.0-pyhcf101f3_0
appears to be corrupted. The path 'site-packages/jedi/third_party/typeshed/stubs/tensorflow/tensorflow/dtypes.pyi'
specified in the package manifest cannot be found.

CondaVerificationError: The package for jedi located at /home/raahimnawaz/miniforge3/pkgs/jedi-0.20.0-pyhcf101f3_0
appears to be corrupted. The path 'site-packages/jedi/third_party/typeshed/stubs/tensorflow/tensorflow/experimental/__init__.pyi'
specified in the package manifest cannot be found.

CondaVerificationError: The package for jedi located at /home/raahimnawaz/miniforge3/pkgs/jedi-0.20.0-pyhcf101f3_0
appears to be corrupted. The path 'site-packages/jedi/third_party/typeshed/stubs/tensorflow/tensorflow/experimental/dtensor.pyi'
specified in the package manifest cannot be found.

CondaVerificationError: The package for jedi located at /home/raahimnawaz/miniforge3/pkgs/jedi-0.20.0-pyhcf101f3_0
appears to be corrupted. The path 'site-packages/jedi/third_party/typeshed/stubs/tensorflow/tensorflow/feature_column/__init__.pyi'
specified in the package manifest cannot be found.

CondaVerificationError: The package for jedi located at /home/raahimnawaz/miniforge3/pkgs/jedi-0.20.0-pyhcf101f3_0
appears to be corrupted. The path 'site-packages/jedi/third_party/typeshed/stubs/tensorflow/tensorflow/initializers.pyi'
specified in the package manifest cannot be found.

CondaVerificationError: The package for jedi located at /home/raahimnawaz/miniforge3/pkgs/jedi-0.20.0-pyhcf101f3_0
appears to be corrupted. The path 'site-packages/jedi/third_party/typeshed/stubs/tensorflow/tensorflow/io/__init__.pyi'
specified in the package manifest cannot be found.

CondaVerificationError: The package for jedi located at /home/raahimnawaz/miniforge3/pkgs/jedi-0.20.0-pyhcf101f3_0
appears to be corrupted. The path 'site-packages/jedi/third_party/typeshed/stubs/tensorflow/tensorflow/io/gfile.pyi'
specified in the package manifest cannot be found.

CondaVerificationError: The package for jedi located at /home/raahimnawaz/miniforge3/pkgs/jedi-0.20.0-pyhcf101f3_0
appears to be corrupted. The path 'site-packages/jedi/third_party/typeshed/stubs/tensorflow/tensorflow/keras/__init__.pyi'
specified in the package manifest cannot be found.

CondaVerificationError: The package for jedi located at /home/raahimnawaz/miniforge3/pkgs/jedi-0.20.0-pyhcf101f3_0
appears to be corrupted. The path 'site-packages/jedi/third_party/typeshed/stubs/tensorflow/tensorflow/keras/activations.pyi'
specified in the package manifest cannot be found.

CondaVerificationError: The package for jedi located at /home/raahimnawaz/miniforge3/pkgs/jedi-0.20.0-pyhcf101f3_0
appears to be corrupted. The path 'site-packages/jedi/third_party/typeshed/stubs/tensorflow/tensorflow/keras/callbacks.pyi'
specified in the package manifest cannot be found.

CondaVerificationError: The package for jedi located at /home/raahimnawaz/miniforge3/pkgs/jedi-0.20.0-pyhcf101f3_0
appears to be corrupted. The path 'site-packages/jedi/third_party/typeshed/stubs/tensorflow/tensorflow/keras/constraints.pyi'
specified in the package manifest cannot be found.

CondaVerificationError: The package for jedi located at /home/raahimnawaz/miniforge3/pkgs/jedi-0.20.0-pyhcf101f3_0
appears to be corrupted. The path 'site-packages/jedi/third_party/typeshed/stubs/tensorflow/tensorflow/keras/initializers.pyi'
specified in the package manifest cannot be found.

CondaVerificationError: The package for jedi located at /home/raahimnawaz/miniforge3/pkgs/jedi-0.20.0-pyhcf101f3_0
appears to be corrupted. The path 'site-packages/jedi/third_party/typeshed/stubs/tensorflow/tensorflow/keras/layers/__init__.pyi'
specified in the package manifest cannot be found.

CondaVerificationError: The package for jedi located at /home/raahimnawaz/miniforge3/pkgs/jedi-0.20.0-pyhcf101f3_0
appears to be corrupted. The path 'site-packages/jedi/third_party/typeshed/stubs/tensorflow/tensorflow/keras/losses.pyi'
specified in the package manifest cannot be found.

CondaVerificationError: The package for jedi located at /home/raahimnawaz/miniforge3/pkgs/jedi-0.20.0-pyhcf101f3_0
appears to be corrupted. The path 'site-packages/jedi/third_party/typeshed/stubs/tensorflow/tensorflow/keras/metrics.pyi'
specified in the package manifest cannot be found.

CondaVerificationError: The package for jedi located at /home/raahimnawaz/miniforge3/pkgs/jedi-0.20.0-pyhcf101f3_0
appears to be corrupted. The path 'site-packages/jedi/third_party/typeshed/stubs/tensorflow/tensorflow/keras/models.pyi'
specified in the package manifest cannot be found.

CondaVerificationError: The package for jedi located at /home/raahimnawaz/miniforge3/pkgs/jedi-0.20.0-pyhcf101f3_0
appears to be corrupted. The path 'site-packages/jedi/third_party/typeshed/stubs/tensorflow/tensorflow/keras/optimizers/__init__.pyi'
specified in the package manifest cannot be found.

CondaVerificationError: The package for jedi located at /home/raahimnawaz/miniforge3/pkgs/jedi-0.20.0-pyhcf101f3_0
appears to be corrupted. The path 'site-packages/jedi/third_party/typeshed/stubs/tensorflow/tensorflow/keras/optimizers/legacy/__init__.pyi'
specified in the package manifest cannot be found.

CondaVerificationError: The package for jedi located at /home/raahimnawaz/miniforge3/pkgs/jedi-0.20.0-pyhcf101f3_0
appears to be corrupted. The path 'site-packages/jedi/third_party/typeshed/stubs/tensorflow/tensorflow/keras/optimizers/schedules.pyi'
specified in the package manifest cannot be found.

CondaVerificationError: The package for jedi located at /home/raahimnawaz/miniforge3/pkgs/jedi-0.20.0-pyhcf101f3_0
appears to be corrupted. The path 'site-packages/jedi/third_party/typeshed/stubs/tensorflow/tensorflow/keras/regularizers.pyi'
specified in the package manifest cannot be found.

CondaVerificationError: The package for jedi located at /home/raahimnawaz/miniforge3/pkgs/jedi-0.20.0-pyhcf101f3_0
appears to be corrupted. The path 'site-packages/jedi/third_party/typeshed/stubs/tensorflow/tensorflow/linalg.pyi'
specified in the package manifest cannot be found.

CondaVerificationError: The package for jedi located at /home/raahimnawaz/miniforge3/pkgs/jedi-0.20.0-pyhcf101f3_0
appears to be corrupted. The path 'site-packages/jedi/third_party/typeshed/stubs/tensorflow/tensorflow/math.pyi'
specified in the package manifest cannot be found.

CondaVerificationError: The package for jedi located at /home/raahimnawaz/miniforge3/pkgs/jedi-0.20.0-pyhcf101f3_0
appears to be corrupted. The path 'site-packages/jedi/third_party/typeshed/stubs/tensorflow/tensorflow/nn.pyi'
specified in the package manifest cannot be found.

CondaVerificationError: The package for jedi located at /home/raahimnawaz/miniforge3/pkgs/jedi-0.20.0-pyhcf101f3_0
appears to be corrupted. The path 'site-packages/jedi/third_party/typeshed/stubs/tensorflow/tensorflow/python/__init__.pyi'
specified in the package manifest cannot be found.

CondaVerificationError: The package for jedi located at /home/raahimnawaz/miniforge3/pkgs/jedi-0.20.0-pyhcf101f3_0
appears to be corrupted. The path 'site-packages/jedi/third_party/typeshed/stubs/tensorflow/tensorflow/python/distribute/distribute_lib.pyi'
specified in the package manifest cannot be found.

CondaVerificationError: The package for jedi located at /home/raahimnawaz/miniforge3/pkgs/jedi-0.20.0-pyhcf101f3_0
appears to be corrupted. The path 'site-packages/jedi/third_party/typeshed/stubs/tensorflow/tensorflow/python/feature_column/__init__.pyi'
specified in the package manifest cannot be found.

CondaVerificationError: The package for jedi located at /home/raahimnawaz/miniforge3/pkgs/jedi-0.20.0-pyhcf101f3_0
appears to be corrupted. The path 'site-packages/jedi/third_party/typeshed/stubs/tensorflow/tensorflow/python/feature_column/feature_column_v2.pyi'
specified in the package manifest cannot be found.

CondaVerificationError: The package for jedi located at /home/raahimnawaz/miniforge3/pkgs/jedi-0.20.0-pyhcf101f3_0
appears to be corrupted. The path 'site-packages/jedi/third_party/typeshed/stubs/tensorflow/tensorflow/python/feature_column/sequence_feature_column.pyi'
specified in the package manifest cannot be found.

CondaVerificationError: The package for jedi located at /home/raahimnawaz/miniforge3/pkgs/jedi-0.20.0-pyhcf101f3_0
appears to be corrupted. The path 'site-packages/jedi/third_party/typeshed/stubs/tensorflow/tensorflow/python/framework/dtypes.pyi'
specified in the package manifest cannot be found.

CondaVerificationError: The package for jedi located at /home/raahimnawaz/miniforge3/pkgs/jedi-0.20.0-pyhcf101f3_0
appears to be corrupted. The path 'site-packages/jedi/third_party/typeshed/stubs/tensorflow/tensorflow/python/keras/__init__.pyi'
specified in the package manifest cannot be found.

CondaVerificationError: The package for jedi located at /home/raahimnawaz/miniforge3/pkgs/jedi-0.20.0-pyhcf101f3_0
appears to be corrupted. The path 'site-packages/jedi/third_party/typeshed/stubs/tensorflow/tensorflow/python/keras/protobuf/projector_config_pb2.pyi'
specified in the package manifest cannot be found.

CondaVerificationError: The package for jedi located at /home/raahimnawaz/miniforge3/pkgs/jedi-0.20.0-pyhcf101f3_0
appears to be corrupted. The path 'site-packages/jedi/third_party/typeshed/stubs/tensorflow/tensorflow/python/keras/protobuf/saved_metadata_pb2.pyi'
specified in the package manifest cannot be found.

CondaVerificationError: The package for jedi located at /home/raahimnawaz/miniforge3/pkgs/jedi-0.20.0-pyhcf101f3_0
appears to be corrupted. The path 'site-packages/jedi/third_party/typeshed/stubs/tensorflow/tensorflow/python/keras/protobuf/versions_pb2.pyi'
specified in the package manifest cannot be found.

CondaVerificationError: The package for jedi located at /home/raahimnawaz/miniforge3/pkgs/jedi-0.20.0-pyhcf101f3_0
appears to be corrupted. The path 'site-packages/jedi/third_party/typeshed/stubs/tensorflow/tensorflow/python/trackable/__init__.pyi'
specified in the package manifest cannot be found.

CondaVerificationError: The package for jedi located at /home/raahimnawaz/miniforge3/pkgs/jedi-0.20.0-pyhcf101f3_0
appears to be corrupted. The path 'site-packages/jedi/third_party/typeshed/stubs/tensorflow/tensorflow/python/trackable/autotrackable.pyi'
specified in the package manifest cannot be found.

CondaVerificationError: The package for jedi located at /home/raahimnawaz/miniforge3/pkgs/jedi-0.20.0-pyhcf101f3_0
appears to be corrupted. The path 'site-packages/jedi/third_party/typeshed/stubs/tensorflow/tensorflow/python/trackable/base.pyi'
specified in the package manifest cannot be found.

CondaVerificationError: The package for jedi located at /home/raahimnawaz/miniforge3/pkgs/jedi-0.20.0-pyhcf101f3_0
appears to be corrupted. The path 'site-packages/jedi/third_party/typeshed/stubs/tensorflow/tensorflow/python/trackable/resource.pyi'
specified in the package manifest cannot be found.

CondaVerificationError: The package for jedi located at /home/raahimnawaz/miniforge3/pkgs/jedi-0.20.0-pyhcf101f3_0
appears to be corrupted. The path 'site-packages/jedi/third_party/typeshed/stubs/tensorflow/tensorflow/python/trackable/ressource.pyi'
specified in the package manifest cannot be found.

CondaVerificationError: The package for jedi located at /home/raahimnawaz/miniforge3/pkgs/jedi-0.20.0-pyhcf101f3_0
appears to be corrupted. The path 'site-packages/jedi/third_party/typeshed/stubs/tensorflow/tensorflow/python/training/tracking/autotrackable.pyi'
specified in the package manifest cannot be found.

CondaVerificationError: The package for jedi located at /home/raahimnawaz/miniforge3/pkgs/jedi-0.20.0-pyhcf101f3_0
appears to be corrupted. The path 'site-packages/jedi/third_party/typeshed/stubs/tensorflow/tensorflow/random.pyi'
specified in the package manifest cannot be found.

CondaVerificationError: The package for jedi located at /home/raahimnawaz/miniforge3/pkgs/jedi-0.20.0-pyhcf101f3_0
appears to be corrupted. The path 'site-packages/jedi/third_party/typeshed/stubs/tensorflow/tensorflow/raw_ops.pyi'
specified in the package manifest cannot be found.

CondaVerificationError: The package for jedi located at /home/raahimnawaz/miniforge3/pkgs/jedi-0.20.0-pyhcf101f3_0
appears to be corrupted. The path 'site-packages/jedi/third_party/typeshed/stubs/tensorflow/tensorflow/saved_model/__init__.pyi'
specified in the package manifest cannot be found.

CondaVerificationError: The package for jedi located at /home/raahimnawaz/miniforge3/pkgs/jedi-0.20.0-pyhcf101f3_0
appears to be corrupted. The path 'site-packages/jedi/third_party/typeshed/stubs/tensorflow/tensorflow/saved_model/experimental.pyi'
specified in the package manifest cannot be found.

CondaVerificationError: The package for jedi located at /home/raahimnawaz/miniforge3/pkgs/jedi-0.20.0-pyhcf101f3_0
appears to be corrupted. The path 'site-packages/jedi/third_party/typeshed/stubs/tensorflow/tensorflow/signal.pyi'
specified in the package manifest cannot be found.

CondaVerificationError: The package for jedi located at /home/raahimnawaz/miniforge3/pkgs/jedi-0.20.0-pyhcf101f3_0
appears to be corrupted. The path 'site-packages/jedi/third_party/typeshed/stubs/tensorflow/tensorflow/sparse.pyi'
specified in the package manifest cannot be found.

CondaVerificationError: The package for jedi located at /home/raahimnawaz/miniforge3/pkgs/jedi-0.20.0-pyhcf101f3_0
appears to be corrupted. The path 'site-packages/jedi/third_party/typeshed/stubs/tensorflow/tensorflow/strings.pyi'
specified in the package manifest cannot be found.

CondaVerificationError: The package for jedi located at /home/raahimnawaz/miniforge3/pkgs/jedi-0.20.0-pyhcf101f3_0
appears to be corrupted. The path 'site-packages/jedi/third_party/typeshed/stubs/tensorflow/tensorflow/summary.pyi'
specified in the package manifest cannot be found.

CondaVerificationError: The package for jedi located at /home/raahimnawaz/miniforge3/pkgs/jedi-0.20.0-pyhcf101f3_0
appears to be corrupted. The path 'site-packages/jedi/third_party/typeshed/stubs/tensorflow/tensorflow/train/__init__.pyi'
specified in the package manifest cannot be found.

CondaVerificationError: The package for jedi located at /home/raahimnawaz/miniforge3/pkgs/jedi-0.20.0-pyhcf101f3_0
appears to be corrupted. The path 'site-packages/jedi/third_party/typeshed/stubs/tensorflow/tensorflow/train/experimental.pyi'
specified in the package manifest cannot be found.

CondaVerificationError: The package for jedi located at /home/raahimnawaz/miniforge3/pkgs/jedi-0.20.0-pyhcf101f3_0
appears to be corrupted. The path 'site-packages/jedi/third_party/typeshed/stubs/tensorflow/tensorflow/tsl/protobuf/coordination_config_pb2.pyi'
specified in the package manifest cannot be found.

CondaVerificationError: The package for jedi located at /home/raahimnawaz/miniforge3/pkgs/jedi-0.20.0-pyhcf101f3_0
appears to be corrupted. The path 'site-packages/jedi/third_party/typeshed/stubs/tensorflow/tensorflow/tsl/protobuf/coordination_service_pb2.pyi'
specified in the package manifest cannot be found.

CondaVerificationError: The package for jedi located at /home/raahimnawaz/miniforge3/pkgs/jedi-0.20.0-pyhcf101f3_0
appears to be corrupted. The path 'site-packages/jedi/third_party/typeshed/stubs/tensorflow/tensorflow/tsl/protobuf/distributed_runtime_payloads_pb2.pyi'
specified in the package manifest cannot be found.

CondaVerificationError: The package for jedi located at /home/raahimnawaz/miniforge3/pkgs/jedi-0.20.0-pyhcf101f3_0
appears to be corrupted. The path 'site-packages/jedi/third_party/typeshed/stubs/tensorflow/tensorflow/tsl/protobuf/dnn_pb2.pyi'
specified in the package manifest cannot be found.

CondaVerificationError: The package for jedi located at /home/raahimnawaz/miniforge3/pkgs/jedi-0.20.0-pyhcf101f3_0
appears to be corrupted. The path 'site-packages/jedi/third_party/typeshed/stubs/tensorflow/tensorflow/tsl/protobuf/error_codes_pb2.pyi'
specified in the package manifest cannot be found.

CondaVerificationError: The package for jedi located at /home/raahimnawaz/miniforge3/pkgs/jedi-0.20.0-pyhcf101f3_0
appears to be corrupted. The path 'site-packages/jedi/third_party/typeshed/stubs/tensorflow/tensorflow/tsl/protobuf/histogram_pb2.pyi'
specified in the package manifest cannot be found.

CondaVerificationError: The package for jedi located at /home/raahimnawaz/miniforge3/pkgs/jedi-0.20.0-pyhcf101f3_0
appears to be corrupted. The path 'site-packages/jedi/third_party/typeshed/stubs/tensorflow/tensorflow/tsl/protobuf/rpc_options_pb2.pyi'
specified in the package manifest cannot be found.

CondaVerificationError: The package for jedi located at /home/raahimnawaz/miniforge3/pkgs/jedi-0.20.0-pyhcf101f3_0
appears to be corrupted. The path 'site-packages/jedi/third_party/typeshed/stubs/tensorflow/tensorflow/tsl/protobuf/status_pb2.pyi'
specified in the package manifest cannot be found.

CondaVerificationError: The package for jedi located at /home/raahimnawaz/miniforge3/pkgs/jedi-0.20.0-pyhcf101f3_0
appears to be corrupted. The path 'site-packages/jedi/third_party/typeshed/stubs/tensorflow/tensorflow/types/__init__.pyi'
specified in the package manifest cannot be found.

CondaVerificationError: The package for jedi located at /home/raahimnawaz/miniforge3/pkgs/jedi-0.20.0-pyhcf101f3_0
appears to be corrupted. The path 'site-packages/jedi/third_party/typeshed/stubs/tensorflow/tensorflow/types/experimental.pyi'
specified in the package manifest cannot be found.

CondaVerificationError: The package for jedi located at /home/raahimnawaz/miniforge3/pkgs/jedi-0.20.0-pyhcf101f3_0
appears to be corrupted. The path 'site-packages/jedi/third_party/typeshed/stubs/tinycss2/tinycss2/__init__.pyi'
specified in the package manifest cannot be found.

CondaVerificationError: The package for jedi located at /home/raahimnawaz/miniforge3/pkgs/jedi-0.20.0-pyhcf101f3_0
appears to be corrupted. The path 'site-packages/jedi/third_party/typeshed/stubs/tinycss2/tinycss2/ast.pyi'
specified in the package manifest cannot be found.

CondaVerificationError: The package for jedi located at /home/raahimnawaz/miniforge3/pkgs/jedi-0.20.0-pyhcf101f3_0
appears to be corrupted. The path 'site-packages/jedi/third_party/typeshed/stubs/tinycss2/tinycss2/bytes.pyi'
specified in the package manifest cannot be found.

CondaVerificationError: The package for jedi located at /home/raahimnawaz/miniforge3/pkgs/jedi-0.20.0-pyhcf101f3_0
appears to be corrupted. The path 'site-packages/jedi/third_party/typeshed/stubs/tinycss2/tinycss2/color3.pyi'
specified in the package manifest cannot be found.

CondaVerificationError: The package for jedi located at /home/raahimnawaz/miniforge3/pkgs/jedi-0.20.0-pyhcf101f3_0
appears to be corrupted. The path 'site-packages/jedi/third_party/typeshed/stubs/tinycss2/tinycss2/color4.pyi'
specified in the package manifest cannot be found.

CondaVerificationError: The package for jedi located at /home/raahimnawaz/miniforge3/pkgs/jedi-0.20.0-pyhcf101f3_0
appears to be corrupted. The path 'site-packages/jedi/third_party/typeshed/stubs/tinycss2/tinycss2/color5.pyi'
specified in the package manifest cannot be found.

CondaVerificationError: The package for jedi located at /home/raahimnawaz/miniforge3/pkgs/jedi-0.20.0-pyhcf101f3_0
appears to be corrupted. The path 'site-packages/jedi/third_party/typeshed/stubs/tinycss2/tinycss2/nth.pyi'
specified in the package manifest cannot be found.

CondaVerificationError: The package for jedi located at /home/raahimnawaz/miniforge3/pkgs/jedi-0.20.0-pyhcf101f3_0
appears to be corrupted. The path 'site-packages/jedi/third_party/typeshed/stubs/tinycss2/tinycss2/parser.pyi'
specified in the package manifest cannot be found.

CondaVerificationError: The package for jedi located at /home/raahimnawaz/miniforge3/pkgs/jedi-0.20.0-pyhcf101f3_0
appears to be corrupted. The path 'site-packages/jedi/third_party/typeshed/stubs/tinycss2/tinycss2/serializer.pyi'
specified in the package manifest cannot be found.

CondaVerificationError: The package for jedi located at /home/raahimnawaz/miniforge3/pkgs/jedi-0.20.0-pyhcf101f3_0
appears to be corrupted. The path 'site-packages/jedi/third_party/typeshed/stubs/tinycss2/tinycss2/tokenizer.pyi'
specified in the package manifest cannot be found.

CondaVerificationError: The package for jedi located at /home/raahimnawaz/miniforge3/pkgs/jedi-0.20.0-pyhcf101f3_0
appears to be corrupted. The path 'site-packages/jedi/third_party/typeshed/stubs/toml/toml/__init__.pyi'
specified in the package manifest cannot be found.

CondaVerificationError: The package for jedi located at /home/raahimnawaz/miniforge3/pkgs/jedi-0.20.0-pyhcf101f3_0
appears to be corrupted. The path 'site-packages/jedi/third_party/typeshed/stubs/toml/toml/decoder.pyi'
specified in the package manifest cannot be found.

CondaVerificationError: The package for jedi located at /home/raahimnawaz/miniforge3/pkgs/jedi-0.20.0-pyhcf101f3_0
appears to be corrupted. The path 'site-packages/jedi/third_party/typeshed/stubs/toml/toml/encoder.pyi'
specified in the package manifest cannot be found.

CondaVerificationError: The package for jedi located at /home/raahimnawaz/miniforge3/pkgs/jedi-0.20.0-pyhcf101f3_0
appears to be corrupted. The path 'site-packages/jedi/third_party/typeshed/stubs/toml/toml/ordered.pyi'
specified in the package manifest cannot be found.

CondaVerificationError: The package for jedi located at /home/raahimnawaz/miniforge3/pkgs/jedi-0.20.0-pyhcf101f3_0
appears to be corrupted. The path 'site-packages/jedi/third_party/typeshed/stubs/toml/toml/tz.pyi'
specified in the package manifest cannot be found.

CondaVerificationError: The package for jedi located at /home/raahimnawaz/miniforge3/pkgs/jedi-0.20.0-pyhcf101f3_0
appears to be corrupted. The path 'site-packages/jedi/third_party/typeshed/stubs/toposort/toposort.pyi'
specified in the package manifest cannot be found.

CondaVerificationError: The package for jedi located at /home/raahimnawaz/miniforge3/pkgs/jedi-0.20.0-pyhcf101f3_0
appears to be corrupted. The path 'site-packages/jedi/third_party/typeshed/stubs/tqdm/tqdm/__init__.pyi'
specified in the package manifest cannot be found.

CondaVerificationError: The package for jedi located at /home/raahimnawaz/miniforge3/pkgs/jedi-0.20.0-pyhcf101f3_0
appears to be corrupted. The path 'site-packages/jedi/third_party/typeshed/stubs/tqdm/tqdm/_main.pyi'
specified in the package manifest cannot be found.

CondaVerificationError: The package for jedi located at /home/raahimnawaz/miniforge3/pkgs/jedi-0.20.0-pyhcf101f3_0
appears to be corrupted. The path 'site-packages/jedi/third_party/typeshed/stubs/tqdm/tqdm/_monitor.pyi'
specified in the package manifest cannot be found.

CondaVerificationError: The package for jedi located at /home/raahimnawaz/miniforge3/pkgs/jedi-0.20.0-pyhcf101f3_0
appears to be corrupted. The path 'site-packages/jedi/third_party/typeshed/stubs/tqdm/tqdm/_tqdm.pyi'
specified in the package manifest cannot be found.

CondaVerificationError: The package for jedi located at /home/raahimnawaz/miniforge3/pkgs/jedi-0.20.0-pyhcf101f3_0
appears to be corrupted. The path 'site-packages/jedi/third_party/typeshed/stubs/tqdm/tqdm/_tqdm_gui.pyi'
specified in the package manifest cannot be found.

CondaVerificationError: The package for jedi located at /home/raahimnawaz/miniforge3/pkgs/jedi-0.20.0-pyhcf101f3_0
appears to be corrupted. The path 'site-packages/jedi/third_party/typeshed/stubs/tqdm/tqdm/_tqdm_notebook.pyi'
specified in the package manifest cannot be found.

CondaVerificationError: The package for jedi located at /home/raahimnawaz/miniforge3/pkgs/jedi-0.20.0-pyhcf101f3_0
appears to be corrupted. The path 'site-packages/jedi/third_party/typeshed/stubs/tqdm/tqdm/_tqdm_pandas.pyi'
specified in the package manifest cannot be found.

CondaVerificationError: The package for jedi located at /home/raahimnawaz/miniforge3/pkgs/jedi-0.20.0-pyhcf101f3_0
appears to be corrupted. The path 'site-packages/jedi/third_party/typeshed/stubs/tqdm/tqdm/_utils.pyi'
specified in the package manifest cannot be found.

CondaVerificationError: The package for jedi located at /home/raahimnawaz/miniforge3/pkgs/jedi-0.20.0-pyhcf101f3_0
appears to be corrupted. The path 'site-packages/jedi/third_party/typeshed/stubs/tqdm/tqdm/asyncio.pyi'
specified in the package manifest cannot be found.

CondaVerificationError: The package for jedi located at /home/raahimnawaz/miniforge3/pkgs/jedi-0.20.0-pyhcf101f3_0
appears to be corrupted. The path 'site-packages/jedi/third_party/typeshed/stubs/tqdm/tqdm/auto.pyi'
specified in the package manifest cannot be found.

CondaVerificationError: The package for jedi located at /home/raahimnawaz/miniforge3/pkgs/jedi-0.20.0-pyhcf101f3_0
appears to be corrupted. The path 'site-packages/jedi/third_party/typeshed/stubs/tqdm/tqdm/autonotebook.pyi'
specified in the package manifest cannot be found.

CondaVerificationError: The package for jedi located at /home/raahimnawaz/miniforge3/pkgs/jedi-0.20.0-pyhcf101f3_0
appears to be corrupted. The path 'site-packages/jedi/third_party/typeshed/stubs/tqdm/tqdm/cli.pyi'
specified in the package manifest cannot be found.

CondaVerificationError: The package for jedi located at /home/raahimnawaz/miniforge3/pkgs/jedi-0.20.0-pyhcf101f3_0
appears to be corrupted. The path 'site-packages/jedi/third_party/typeshed/stubs/tqdm/tqdm/contrib/__init__.pyi'
specified in the package manifest cannot be found.

CondaVerificationError: The package for jedi located at /home/raahimnawaz/miniforge3/pkgs/jedi-0.20.0-pyhcf101f3_0
appears to be corrupted. The path 'site-packages/jedi/third_party/typeshed/stubs/tqdm/tqdm/contrib/bells.pyi'
specified in the package manifest cannot be found.

CondaVerificationError: The package for jedi located at /home/raahimnawaz/miniforge3/pkgs/jedi-0.20.0-pyhcf101f3_0
appears to be corrupted. The path 'site-packages/jedi/third_party/typeshed/stubs/tqdm/tqdm/contrib/concurrent.pyi'
specified in the package manifest cannot be found.

CondaVerificationError: The package for jedi located at /home/raahimnawaz/miniforge3/pkgs/jedi-0.20.0-pyhcf101f3_0
appears to be corrupted. The path 'site-packages/jedi/third_party/typeshed/stubs/tqdm/tqdm/contrib/discord.pyi'
specified in the package manifest cannot be found.

CondaVerificationError: The package for jedi located at /home/raahimnawaz/miniforge3/pkgs/jedi-0.20.0-pyhcf101f3_0
appears to be corrupted. The path 'site-packages/jedi/third_party/typeshed/stubs/tqdm/tqdm/contrib/itertools.pyi'
specified in the package manifest cannot be found.

CondaVerificationError: The package for jedi located at /home/raahimnawaz/miniforge3/pkgs/jedi-0.20.0-pyhcf101f3_0
appears to be corrupted. The path 'site-packages/jedi/third_party/typeshed/stubs/tqdm/tqdm/contrib/logging.pyi'
specified in the package manifest cannot be found.

CondaVerificationError: The package for jedi located at /home/raahimnawaz/miniforge3/pkgs/jedi-0.20.0-pyhcf101f3_0
appears to be corrupted. The path 'site-packages/jedi/third_party/typeshed/stubs/tqdm/tqdm/contrib/slack.pyi'
specified in the package manifest cannot be found.

CondaVerificationError: The package for jedi located at /home/raahimnawaz/miniforge3/pkgs/jedi-0.20.0-pyhcf101f3_0
appears to be corrupted. The path 'site-packages/jedi/third_party/typeshed/stubs/tqdm/tqdm/contrib/telegram.pyi'
specified in the package manifest cannot be found.

CondaVerificationError: The package for jedi located at /home/raahimnawaz/miniforge3/pkgs/jedi-0.20.0-pyhcf101f3_0
appears to be corrupted. The path 'site-packages/jedi/third_party/typeshed/stubs/tqdm/tqdm/contrib/utils_worker.pyi'
specified in the package manifest cannot be found.

CondaVerificationError: The package for jedi located at /home/raahimnawaz/miniforge3/pkgs/jedi-0.20.0-pyhcf101f3_0
appears to be corrupted. The path 'site-packages/jedi/third_party/typeshed/stubs/tqdm/tqdm/dask.pyi'
specified in the package manifest cannot be found.

CondaVerificationError: The package for jedi located at /home/raahimnawaz/miniforge3/pkgs/jedi-0.20.0-pyhcf101f3_0
appears to be corrupted. The path 'site-packages/jedi/third_party/typeshed/stubs/tqdm/tqdm/gui.pyi'
specified in the package manifest cannot be found.

CondaVerificationError: The package for jedi located at /home/raahimnawaz/miniforge3/pkgs/jedi-0.20.0-pyhcf101f3_0
appears to be corrupted. The path 'site-packages/jedi/third_party/typeshed/stubs/tqdm/tqdm/keras.pyi'
specified in the package manifest cannot be found.

CondaVerificationError: The package for jedi located at /home/raahimnawaz/miniforge3/pkgs/jedi-0.20.0-pyhcf101f3_0
appears to be corrupted. The path 'site-packages/jedi/third_party/typeshed/stubs/tqdm/tqdm/notebook.pyi'
specified in the package manifest cannot be found.

CondaVerificationError: The package for jedi located at /home/raahimnawaz/miniforge3/pkgs/jedi-0.20.0-pyhcf101f3_0
appears to be corrupted. The path 'site-packages/jedi/third_party/typeshed/stubs/tqdm/tqdm/rich.pyi'
specified in the package manifest cannot be found.

CondaVerificationError: The package for jedi located at /home/raahimnawaz/miniforge3/pkgs/jedi-0.20.0-pyhcf101f3_0
appears to be corrupted. The path 'site-packages/jedi/third_party/typeshed/stubs/tqdm/tqdm/std.pyi'
specified in the package manifest cannot be found.

CondaVerificationError: The package for jedi located at /home/raahimnawaz/miniforge3/pkgs/jedi-0.20.0-pyhcf101f3_0
appears to be corrupted. The path 'site-packages/jedi/third_party/typeshed/stubs/tqdm/tqdm/tk.pyi'
specified in the package manifest cannot be found.

CondaVerificationError: The package for jedi located at /home/raahimnawaz/miniforge3/pkgs/jedi-0.20.0-pyhcf101f3_0
appears to be corrupted. The path 'site-packages/jedi/third_party/typeshed/stubs/tqdm/tqdm/utils.pyi'
specified in the package manifest cannot be found.

CondaVerificationError: The package for jedi located at /home/raahimnawaz/miniforge3/pkgs/jedi-0.20.0-pyhcf101f3_0
appears to be corrupted. The path 'site-packages/jedi/third_party/typeshed/stubs/tqdm/tqdm/version.pyi'
specified in the package manifest cannot be found.

CondaVerificationError: The package for jedi located at /home/raahimnawaz/miniforge3/pkgs/jedi-0.20.0-pyhcf101f3_0
appears to be corrupted. The path 'site-packages/jedi/third_party/typeshed/stubs/translationstring/translationstring/__init__.pyi'
specified in the package manifest cannot be found.

CondaVerificationError: The package for jedi located at /home/raahimnawaz/miniforge3/pkgs/jedi-0.20.0-pyhcf101f3_0
appears to be corrupted. The path 'site-packages/jedi/third_party/typeshed/stubs/ttkthemes/ttkthemes/__init__.pyi'
specified in the package manifest cannot be found.

CondaVerificationError: The package for jedi located at /home/raahimnawaz/miniforge3/pkgs/jedi-0.20.0-pyhcf101f3_0
appears to be corrupted. The path 'site-packages/jedi/third_party/typeshed/stubs/ttkthemes/ttkthemes/_imgops.pyi'
specified in the package manifest cannot be found.

CondaVerificationError: The package for jedi located at /home/raahimnawaz/miniforge3/pkgs/jedi-0.20.0-pyhcf101f3_0
appears to be corrupted. The path 'site-packages/jedi/third_party/typeshed/stubs/ttkthemes/ttkthemes/_utils.pyi'
specified in the package manifest cannot be found.

CondaVerificationError: The package for jedi located at /home/raahimnawaz/miniforge3/pkgs/jedi-0.20.0-pyhcf101f3_0
appears to be corrupted. The path 'site-packages/jedi/third_party/typeshed/stubs/ttkthemes/ttkthemes/_widget.pyi'
specified in the package manifest cannot be found.

CondaVerificationError: The package for jedi located at /home/raahimnawaz/miniforge3/pkgs/jedi-0.20.0-pyhcf101f3_0
appears to be corrupted. The path 'site-packages/jedi/third_party/typeshed/stubs/ttkthemes/ttkthemes/themed_style.pyi'
specified in the package manifest cannot be found.

CondaVerificationError: The package for jedi located at /home/raahimnawaz/miniforge3/pkgs/jedi-0.20.0-pyhcf101f3_0
appears to be corrupted. The path 'site-packages/jedi/third_party/typeshed/stubs/ttkthemes/ttkthemes/themed_tk.pyi'
specified in the package manifest cannot be found.

CondaVerificationError: The package for jedi located at /home/raahimnawaz/miniforge3/pkgs/jedi-0.20.0-pyhcf101f3_0
appears to be corrupted. The path 'site-packages/jedi/third_party/typeshed/stubs/tzdata/tzdata/__init__.pyi'
specified in the package manifest cannot be found.

CondaVerificationError: The package for jedi located at /home/raahimnawaz/miniforge3/pkgs/jedi-0.20.0-pyhcf101f3_0
appears to be corrupted. The path 'site-packages/jedi/third_party/typeshed/stubs/uWSGI/uwsgi.pyi'
specified in the package manifest cannot be found.

CondaVerificationError: The package for jedi located at /home/raahimnawaz/miniforge3/pkgs/jedi-0.20.0-pyhcf101f3_0
appears to be corrupted. The path 'site-packages/jedi/third_party/typeshed/stubs/uWSGI/uwsgidecorators.pyi'
specified in the package manifest cannot be found.

CondaVerificationError: The package for jedi located at /home/raahimnawaz/miniforge3/pkgs/jedi-0.20.0-pyhcf101f3_0
appears to be corrupted. The path 'site-packages/jedi/third_party/typeshed/stubs/unidiff/unidiff/__init__.pyi'
specified in the package manifest cannot be found.

CondaVerificationError: The package for jedi located at /home/raahimnawaz/miniforge3/pkgs/jedi-0.20.0-pyhcf101f3_0
appears to be corrupted. The path 'site-packages/jedi/third_party/typeshed/stubs/unidiff/unidiff/__version__.pyi'
specified in the package manifest cannot be found.

CondaVerificationError: The package for jedi located at /home/raahimnawaz/miniforge3/pkgs/jedi-0.20.0-pyhcf101f3_0
appears to be corrupted. The path 'site-packages/jedi/third_party/typeshed/stubs/unidiff/unidiff/constants.pyi'
specified in the package manifest cannot be found.

CondaVerificationError: The package for jedi located at /home/raahimnawaz/miniforge3/pkgs/jedi-0.20.0-pyhcf101f3_0
appears to be corrupted. The path 'site-packages/jedi/third_party/typeshed/stubs/unidiff/unidiff/errors.pyi'
specified in the package manifest cannot be found.

CondaVerificationError: The package for jedi located at /home/raahimnawaz/miniforge3/pkgs/jedi-0.20.0-pyhcf101f3_0
appears to be corrupted. The path 'site-packages/jedi/third_party/typeshed/stubs/unidiff/unidiff/patch.pyi'
specified in the package manifest cannot be found.

CondaVerificationError: The package for jedi located at /home/raahimnawaz/miniforge3/pkgs/jedi-0.20.0-pyhcf101f3_0
appears to be corrupted. The path 'site-packages/jedi/third_party/typeshed/stubs/untangle/untangle.pyi'
specified in the package manifest cannot be found.

CondaVerificationError: The package for jedi located at /home/raahimnawaz/miniforge3/pkgs/jedi-0.20.0-pyhcf101f3_0
appears to be corrupted. The path 'site-packages/jedi/third_party/typeshed/stubs/usersettings/usersettings.pyi'
specified in the package manifest cannot be found.

CondaVerificationError: The package for jedi located at /home/raahimnawaz/miniforge3/pkgs/jedi-0.20.0-pyhcf101f3_0
appears to be corrupted. The path 'site-packages/jedi/third_party/typeshed/stubs/vobject/vobject/__init__.pyi'
specified in the package manifest cannot be found.

CondaVerificationError: The package for jedi located at /home/raahimnawaz/miniforge3/pkgs/jedi-0.20.0-pyhcf101f3_0
appears to be corrupted. The path 'site-packages/jedi/third_party/typeshed/stubs/vobject/vobject/base.pyi'
specified in the package manifest cannot be found.

CondaVerificationError: The package for jedi located at /home/raahimnawaz/miniforge3/pkgs/jedi-0.20.0-pyhcf101f3_0
appears to be corrupted. The path 'site-packages/jedi/third_party/typeshed/stubs/vobject/vobject/behavior.pyi'
specified in the package manifest cannot be found.

CondaVerificationError: The package for jedi located at /home/raahimnawaz/miniforge3/pkgs/jedi-0.20.0-pyhcf101f3_0
appears to be corrupted. The path 'site-packages/jedi/third_party/typeshed/stubs/vobject/vobject/change_tz.pyi'
specified in the package manifest cannot be found.

CondaVerificationError: The package for jedi located at /home/raahimnawaz/miniforge3/pkgs/jedi-0.20.0-pyhcf101f3_0
appears to be corrupted. The path 'site-packages/jedi/third_party/typeshed/stubs/vobject/vobject/hcalendar.pyi'
specified in the package manifest cannot be found.

CondaVerificationError: The package for jedi located at /home/raahimnawaz/miniforge3/pkgs/jedi-0.20.0-pyhcf101f3_0
appears to be corrupted. The path 'site-packages/jedi/third_party/typeshed/stubs/vobject/vobject/icalendar.pyi'
specified in the package manifest cannot be found.

CondaVerificationError: The package for jedi located at /home/raahimnawaz/miniforge3/pkgs/jedi-0.20.0-pyhcf101f3_0
appears to be corrupted. The path 'site-packages/jedi/third_party/typeshed/stubs/vobject/vobject/ics_diff.pyi'
specified in the package manifest cannot be found.

CondaVerificationError: The package for jedi located at /home/raahimnawaz/miniforge3/pkgs/jedi-0.20.0-pyhcf101f3_0
appears to be corrupted. The path 'site-packages/jedi/third_party/typeshed/stubs/vobject/vobject/vcard.pyi'
specified in the package manifest cannot be found.

CondaVerificationError: The package for jedi located at /home/raahimnawaz/miniforge3/pkgs/jedi-0.20.0-pyhcf101f3_0
appears to be corrupted. The path 'site-packages/jedi/third_party/typeshed/stubs/vobject/vobject/win32tz.pyi'
specified in the package manifest cannot be found.

CondaVerificationError: The package for jedi located at /home/raahimnawaz/miniforge3/pkgs/jedi-0.20.0-pyhcf101f3_0
appears to be corrupted. The path 'site-packages/jedi/third_party/typeshed/stubs/waitress/waitress/__init__.pyi'
specified in the package manifest cannot be found.

CondaVerificationError: The package for jedi located at /home/raahimnawaz/miniforge3/pkgs/jedi-0.20.0-pyhcf101f3_0
appears to be corrupted. The path 'site-packages/jedi/third_party/typeshed/stubs/waitress/waitress/adjustments.pyi'
specified in the package manifest cannot be found.

CondaVerificationError: The package for jedi located at /home/raahimnawaz/miniforge3/pkgs/jedi-0.20.0-pyhcf101f3_0
appears to be corrupted. The path 'site-packages/jedi/third_party/typeshed/stubs/waitress/waitress/buffers.pyi'
specified in the package manifest cannot be found.

CondaVerificationError: The package for jedi located at /home/raahimnawaz/miniforge3/pkgs/jedi-0.20.0-pyhcf101f3_0
appears to be corrupted. The path 'site-packages/jedi/third_party/typeshed/stubs/waitress/waitress/channel.pyi'
specified in the package manifest cannot be found.

CondaVerificationError: The package for jedi located at /home/raahimnawaz/miniforge3/pkgs/jedi-0.20.0-pyhcf101f3_0
appears to be corrupted. The path 'site-packages/jedi/third_party/typeshed/stubs/waitress/waitress/compat.pyi'
specified in the package manifest cannot be found.

CondaVerificationError: The package for jedi located at /home/raahimnawaz/miniforge3/pkgs/jedi-0.20.0-pyhcf101f3_0
appears to be corrupted. The path 'site-packages/jedi/third_party/typeshed/stubs/waitress/waitress/parser.pyi'
specified in the package manifest cannot be found.

CondaVerificationError: The package for jedi located at /home/raahimnawaz/miniforge3/pkgs/jedi-0.20.0-pyhcf101f3_0
appears to be corrupted. The path 'site-packages/jedi/third_party/typeshed/stubs/waitress/waitress/proxy_headers.pyi'
specified in the package manifest cannot be found.

CondaVerificationError: The package for jedi located at /home/raahimnawaz/miniforge3/pkgs/jedi-0.20.0-pyhcf101f3_0
appears to be corrupted. The path 'site-packages/jedi/third_party/typeshed/stubs/waitress/waitress/receiver.pyi'
specified in the package manifest cannot be found.

CondaVerificationError: The package for jedi located at /home/raahimnawaz/miniforge3/pkgs/jedi-0.20.0-pyhcf101f3_0
appears to be corrupted. The path 'site-packages/jedi/third_party/typeshed/stubs/waitress/waitress/rfc7230.pyi'
specified in the package manifest cannot be found.

CondaVerificationError: The package for jedi located at /home/raahimnawaz/miniforge3/pkgs/jedi-0.20.0-pyhcf101f3_0
appears to be corrupted. The path 'site-packages/jedi/third_party/typeshed/stubs/waitress/waitress/runner.pyi'
specified in the package manifest cannot be found.

CondaVerificationError: The package for jedi located at /home/raahimnawaz/miniforge3/pkgs/jedi-0.20.0-pyhcf101f3_0
appears to be corrupted. The path 'site-packages/jedi/third_party/typeshed/stubs/waitress/waitress/server.pyi'
specified in the package manifest cannot be found.

CondaVerificationError: The package for jedi located at /home/raahimnawaz/miniforge3/pkgs/jedi-0.20.0-pyhcf101f3_0
appears to be corrupted. The path 'site-packages/jedi/third_party/typeshed/stubs/waitress/waitress/task.pyi'
specified in the package manifest cannot be found.

CondaVerificationError: The package for jedi located at /home/raahimnawaz/miniforge3/pkgs/jedi-0.20.0-pyhcf101f3_0
appears to be corrupted. The path 'site-packages/jedi/third_party/typeshed/stubs/waitress/waitress/trigger.pyi'
specified in the package manifest cannot be found.

CondaVerificationError: The package for jedi located at /home/raahimnawaz/miniforge3/pkgs/jedi-0.20.0-pyhcf101f3_0
appears to be corrupted. The path 'site-packages/jedi/third_party/typeshed/stubs/waitress/waitress/utilities.pyi'
specified in the package manifest cannot be found.

CondaVerificationError: The package for jedi located at /home/raahimnawaz/miniforge3/pkgs/jedi-0.20.0-pyhcf101f3_0
appears to be corrupted. The path 'site-packages/jedi/third_party/typeshed/stubs/waitress/waitress/wasyncore.pyi'
specified in the package manifest cannot be found.

CondaVerificationError: The package for jedi located at /home/raahimnawaz/miniforge3/pkgs/jedi-0.20.0-pyhcf101f3_0
appears to be corrupted. The path 'site-packages/jedi/third_party/typeshed/stubs/watchpoints/watchpoints/__init__.pyi'
specified in the package manifest cannot be found.

CondaVerificationError: The package for jedi located at /home/raahimnawaz/miniforge3/pkgs/jedi-0.20.0-pyhcf101f3_0
appears to be corrupted. The path 'site-packages/jedi/third_party/typeshed/stubs/watchpoints/watchpoints/ast_monkey.pyi'
specified in the package manifest cannot be found.

CondaVerificationError: The package for jedi located at /home/raahimnawaz/miniforge3/pkgs/jedi-0.20.0-pyhcf101f3_0
appears to be corrupted. The path 'site-packages/jedi/third_party/typeshed/stubs/watchpoints/watchpoints/util.pyi'
specified in the package manifest cannot be found.

CondaVerificationError: The package for jedi located at /home/raahimnawaz/miniforge3/pkgs/jedi-0.20.0-pyhcf101f3_0
appears to be corrupted. The path 'site-packages/jedi/third_party/typeshed/stubs/watchpoints/watchpoints/watch.pyi'
specified in the package manifest cannot be found.

CondaVerificationError: The package for jedi located at /home/raahimnawaz/miniforge3/pkgs/jedi-0.20.0-pyhcf101f3_0
appears to be corrupted. The path 'site-packages/jedi/third_party/typeshed/stubs/watchpoints/watchpoints/watch_element.pyi'
specified in the package manifest cannot be found.

CondaVerificationError: The package for jedi located at /home/raahimnawaz/miniforge3/pkgs/jedi-0.20.0-pyhcf101f3_0
appears to be corrupted. The path 'site-packages/jedi/third_party/typeshed/stubs/watchpoints/watchpoints/watch_print.pyi'
specified in the package manifest cannot be found.

CondaVerificationError: The package for jedi located at /home/raahimnawaz/miniforge3/pkgs/jedi-0.20.0-pyhcf101f3_0
appears to be corrupted. The path 'site-packages/jedi/third_party/typeshed/stubs/webencodings/webencodings/__init__.pyi'
specified in the package manifest cannot be found.

CondaVerificationError: The package for jedi located at /home/raahimnawaz/miniforge3/pkgs/jedi-0.20.0-pyhcf101f3_0
appears to be corrupted. The path 'site-packages/jedi/third_party/typeshed/stubs/webencodings/webencodings/labels.pyi'
specified in the package manifest cannot be found.

CondaVerificationError: The package for jedi located at /home/raahimnawaz/miniforge3/pkgs/jedi-0.20.0-pyhcf101f3_0
appears to be corrupted. The path 'site-packages/jedi/third_party/typeshed/stubs/webencodings/webencodings/mklabels.pyi'
specified in the package manifest cannot be found.

CondaVerificationError: The package for jedi located at /home/raahimnawaz/miniforge3/pkgs/jedi-0.20.0-pyhcf101f3_0
appears to be corrupted. The path 'site-packages/jedi/third_party/typeshed/stubs/webencodings/webencodings/x_user_defined.pyi'
specified in the package manifest cannot be found.

CondaVerificationError: The package for jedi located at /home/raahimnawaz/miniforge3/pkgs/jedi-0.20.0-pyhcf101f3_0
appears to be corrupted. The path 'site-packages/jedi/third_party/typeshed/stubs/whatthepatch/whatthepatch/__init__.pyi'
specified in the package manifest cannot be found.

CondaVerificationError: The package for jedi located at /home/raahimnawaz/miniforge3/pkgs/jedi-0.20.0-pyhcf101f3_0
appears to be corrupted. The path 'site-packages/jedi/third_party/typeshed/stubs/whatthepatch/whatthepatch/apply.pyi'
specified in the package manifest cannot be found.

CondaVerificationError: The package for jedi located at /home/raahimnawaz/miniforge3/pkgs/jedi-0.20.0-pyhcf101f3_0
appears to be corrupted. The path 'site-packages/jedi/third_party/typeshed/stubs/whatthepatch/whatthepatch/exceptions.pyi'
specified in the package manifest cannot be found.

CondaVerificationError: The package for jedi located at /home/raahimnawaz/miniforge3/pkgs/jedi-0.20.0-pyhcf101f3_0
appears to be corrupted. The path 'site-packages/jedi/third_party/typeshed/stubs/whatthepatch/whatthepatch/patch.pyi'
specified in the package manifest cannot be found.

CondaVerificationError: The package for jedi located at /home/raahimnawaz/miniforge3/pkgs/jedi-0.20.0-pyhcf101f3_0
appears to be corrupted. The path 'site-packages/jedi/third_party/typeshed/stubs/whatthepatch/whatthepatch/snippets.pyi'
specified in the package manifest cannot be found.

CondaVerificationError: The package for jedi located at /home/raahimnawaz/miniforge3/pkgs/jedi-0.20.0-pyhcf101f3_0
appears to be corrupted. The path 'site-packages/jedi/third_party/typeshed/stubs/workalendar/workalendar/__init__.pyi'
specified in the package manifest cannot be found.

CondaVerificationError: The package for jedi located at /home/raahimnawaz/miniforge3/pkgs/jedi-0.20.0-pyhcf101f3_0
appears to be corrupted. The path 'site-packages/jedi/third_party/typeshed/stubs/workalendar/workalendar/africa/__init__.pyi'
specified in the package manifest cannot be found.

CondaVerificationError: The package for jedi located at /home/raahimnawaz/miniforge3/pkgs/jedi-0.20.0-pyhcf101f3_0
appears to be corrupted. The path 'site-packages/jedi/third_party/typeshed/stubs/workalendar/workalendar/africa/algeria.pyi'
specified in the package manifest cannot be found.

CondaVerificationError: The package for jedi located at /home/raahimnawaz/miniforge3/pkgs/jedi-0.20.0-pyhcf101f3_0
appears to be corrupted. The path 'site-packages/jedi/third_party/typeshed/stubs/workalendar/workalendar/africa/angola.pyi'
specified in the package manifest cannot be found.

CondaVerificationError: The package for jedi located at /home/raahimnawaz/miniforge3/pkgs/jedi-0.20.0-pyhcf101f3_0
appears to be corrupted. The path 'site-packages/jedi/third_party/typeshed/stubs/workalendar/workalendar/africa/benin.pyi'
specified in the package manifest cannot be found.

CondaVerificationError: The package for jedi located at /home/raahimnawaz/miniforge3/pkgs/jedi-0.20.0-pyhcf101f3_0
appears to be corrupted. The path 'site-packages/jedi/third_party/typeshed/stubs/workalendar/workalendar/africa/ivory_coast.pyi'
specified in the package manifest cannot be found.

CondaVerificationError: The package for jedi located at /home/raahimnawaz/miniforge3/pkgs/jedi-0.20.0-pyhcf101f3_0
appears to be corrupted. The path 'site-packages/jedi/third_party/typeshed/stubs/workalendar/workalendar/africa/kenya.pyi'
specified in the package manifest cannot be found.

CondaVerificationError: The package for jedi located at /home/raahimnawaz/miniforge3/pkgs/jedi-0.20.0-pyhcf101f3_0
appears to be corrupted. The path 'site-packages/jedi/third_party/typeshed/stubs/workalendar/workalendar/africa/madagascar.pyi'
specified in the package manifest cannot be found.

CondaVerificationError: The package for jedi located at /home/raahimnawaz/miniforge3/pkgs/jedi-0.20.0-pyhcf101f3_0
appears to be corrupted. The path 'site-packages/jedi/third_party/typeshed/stubs/workalendar/workalendar/africa/mozambique.pyi'
specified in the package manifest cannot be found.

CondaVerificationError: The package for jedi located at /home/raahimnawaz/miniforge3/pkgs/jedi-0.20.0-pyhcf101f3_0
appears to be corrupted. The path 'site-packages/jedi/third_party/typeshed/stubs/workalendar/workalendar/africa/nigeria.pyi'
specified in the package manifest cannot be found.

CondaVerificationError: The package for jedi located at /home/raahimnawaz/miniforge3/pkgs/jedi-0.20.0-pyhcf101f3_0
appears to be corrupted. The path 'site-packages/jedi/third_party/typeshed/stubs/workalendar/workalendar/africa/sao_tome.pyi'
specified in the package manifest cannot be found.

CondaVerificationError: The package for jedi located at /home/raahimnawaz/miniforge3/pkgs/jedi-0.20.0-pyhcf101f3_0
appears to be corrupted. The path 'site-packages/jedi/third_party/typeshed/stubs/workalendar/workalendar/africa/south_africa.pyi'
specified in the package manifest cannot be found.

CondaVerificationError: The package for jedi located at /home/raahimnawaz/miniforge3/pkgs/jedi-0.20.0-pyhcf101f3_0
appears to be corrupted. The path 'site-packages/jedi/third_party/typeshed/stubs/workalendar/workalendar/africa/tunisia.pyi'
specified in the package manifest cannot be found.

CondaVerificationError: The package for jedi located at /home/raahimnawaz/miniforge3/pkgs/jedi-0.20.0-pyhcf101f3_0
appears to be corrupted. The path 'site-packages/jedi/third_party/typeshed/stubs/workalendar/workalendar/america/__init__.pyi'
specified in the package manifest cannot be found.

CondaVerificationError: The package for jedi located at /home/raahimnawaz/miniforge3/pkgs/jedi-0.20.0-pyhcf101f3_0
appears to be corrupted. The path 'site-packages/jedi/third_party/typeshed/stubs/workalendar/workalendar/america/argentina.pyi'
specified in the package manifest cannot be found.

CondaVerificationError: The package for jedi located at /home/raahimnawaz/miniforge3/pkgs/jedi-0.20.0-pyhcf101f3_0
appears to be corrupted. The path 'site-packages/jedi/third_party/typeshed/stubs/workalendar/workalendar/america/barbados.pyi'
specified in the package manifest cannot be found.

CondaVerificationError: The package for jedi located at /home/raahimnawaz/miniforge3/pkgs/jedi-0.20.0-pyhcf101f3_0
appears to be corrupted. The path 'site-packages/jedi/third_party/typeshed/stubs/workalendar/workalendar/america/brazil.pyi'
specified in the package manifest cannot be found.

CondaVerificationError: The package for jedi located at /home/raahimnawaz/miniforge3/pkgs/jedi-0.20.0-pyhcf101f3_0
appears to be corrupted. The path 'site-packages/jedi/third_party/typeshed/stubs/workalendar/workalendar/america/canada.pyi'
specified in the package manifest cannot be found.

CondaVerificationError: The package for jedi located at /home/raahimnawaz/miniforge3/pkgs/jedi-0.20.0-pyhcf101f3_0
appears to be corrupted. The path 'site-packages/jedi/third_party/typeshed/stubs/workalendar/workalendar/america/chile.pyi'
specified in the package manifest cannot be found.

CondaVerificationError: The package for jedi located at /home/raahimnawaz/miniforge3/pkgs/jedi-0.20.0-pyhcf101f3_0
appears to be corrupted. The path 'site-packages/jedi/third_party/typeshed/stubs/workalendar/workalendar/america/colombia.pyi'
specified in the package manifest cannot be found.

CondaVerificationError: The package for jedi located at /home/raahimnawaz/miniforge3/pkgs/jedi-0.20.0-pyhcf101f3_0
appears to be corrupted. The path 'site-packages/jedi/third_party/typeshed/stubs/workalendar/workalendar/america/el_salvador.pyi'
specified in the package manifest cannot be found.

CondaVerificationError: The package for jedi located at /home/raahimnawaz/miniforge3/pkgs/jedi-0.20.0-pyhcf101f3_0
appears to be corrupted. The path 'site-packages/jedi/third_party/typeshed/stubs/workalendar/workalendar/america/mexico.pyi'
specified in the package manifest cannot be found.

CondaVerificationError: The package for jedi located at /home/raahimnawaz/miniforge3/pkgs/jedi-0.20.0-pyhcf101f3_0
appears to be corrupted. The path 'site-packages/jedi/third_party/typeshed/stubs/workalendar/workalendar/america/panama.pyi'
specified in the package manifest cannot be found.

CondaVerificationError: The package for jedi located at /home/raahimnawaz/miniforge3/pkgs/jedi-0.20.0-pyhcf101f3_0
appears to be corrupted. The path 'site-packages/jedi/third_party/typeshed/stubs/workalendar/workalendar/america/paraguay.pyi'
specified in the package manifest cannot be found.

CondaVerificationError: The package for jedi located at /home/raahimnawaz/miniforge3/pkgs/jedi-0.20.0-pyhcf101f3_0
appears to be corrupted. The path 'site-packages/jedi/third_party/typeshed/stubs/workalendar/workalendar/asia/__init__.pyi'
specified in the package manifest cannot be found.

CondaVerificationError: The package for jedi located at /home/raahimnawaz/miniforge3/pkgs/jedi-0.20.0-pyhcf101f3_0
appears to be corrupted. The path 'site-packages/jedi/third_party/typeshed/stubs/workalendar/workalendar/asia/china.pyi'
specified in the package manifest cannot be found.

CondaVerificationError: The package for jedi located at /home/raahimnawaz/miniforge3/pkgs/jedi-0.20.0-pyhcf101f3_0
appears to be corrupted. The path 'site-packages/jedi/third_party/typeshed/stubs/workalendar/workalendar/asia/hong_kong.pyi'
specified in the package manifest cannot be found.

CondaVerificationError: The package for jedi located at /home/raahimnawaz/miniforge3/pkgs/jedi-0.20.0-pyhcf101f3_0
appears to be corrupted. The path 'site-packages/jedi/third_party/typeshed/stubs/workalendar/workalendar/asia/israel.pyi'
specified in the package manifest cannot be found.

CondaVerificationError: The package for jedi located at /home/raahimnawaz/miniforge3/pkgs/jedi-0.20.0-pyhcf101f3_0
appears to be corrupted. The path 'site-packages/jedi/third_party/typeshed/stubs/workalendar/workalendar/asia/japan.pyi'
specified in the package manifest cannot be found.

CondaVerificationError: The package for jedi located at /home/raahimnawaz/miniforge3/pkgs/jedi-0.20.0-pyhcf101f3_0
appears to be corrupted. The path 'site-packages/jedi/third_party/typeshed/stubs/workalendar/workalendar/asia/kazakhstan.pyi'
specified in the package manifest cannot be found.

CondaVerificationError: The package for jedi located at /home/raahimnawaz/miniforge3/pkgs/jedi-0.20.0-pyhcf101f3_0
appears to be corrupted. The path 'site-packages/jedi/third_party/typeshed/stubs/workalendar/workalendar/asia/malaysia.pyi'
specified in the package manifest cannot be found.

CondaVerificationError: The package for jedi located at /home/raahimnawaz/miniforge3/pkgs/jedi-0.20.0-pyhcf101f3_0
appears to be corrupted. The path 'site-packages/jedi/third_party/typeshed/stubs/workalendar/workalendar/asia/philippines.pyi'
specified in the package manifest cannot be found.

CondaVerificationError: The package for jedi located at /home/raahimnawaz/miniforge3/pkgs/jedi-0.20.0-pyhcf101f3_0
appears to be corrupted. The path 'site-packages/jedi/third_party/typeshed/stubs/workalendar/workalendar/asia/qatar.pyi'
specified in the package manifest cannot be found.

CondaVerificationError: The package for jedi located at /home/raahimnawaz/miniforge3/pkgs/jedi-0.20.0-pyhcf101f3_0
appears to be corrupted. The path 'site-packages/jedi/third_party/typeshed/stubs/workalendar/workalendar/asia/singapore.pyi'
specified in the package manifest cannot be found.

CondaVerificationError: The package for jedi located at /home/raahimnawaz/miniforge3/pkgs/jedi-0.20.0-pyhcf101f3_0
appears to be corrupted. The path 'site-packages/jedi/third_party/typeshed/stubs/workalendar/workalendar/asia/south_korea.pyi'
specified in the package manifest cannot be found.

CondaVerificationError: The package for jedi located at /home/raahimnawaz/miniforge3/pkgs/jedi-0.20.0-pyhcf101f3_0
appears to be corrupted. The path 'site-packages/jedi/third_party/typeshed/stubs/workalendar/workalendar/asia/taiwan.pyi'
specified in the package manifest cannot be found.

CondaVerificationError: The package for jedi located at /home/raahimnawaz/miniforge3/pkgs/jedi-0.20.0-pyhcf101f3_0
appears to be corrupted. The path 'site-packages/jedi/third_party/typeshed/stubs/workalendar/workalendar/astronomy.pyi'
specified in the package manifest cannot be found.

CondaVerificationError: The package for jedi located at /home/raahimnawaz/miniforge3/pkgs/jedi-0.20.0-pyhcf101f3_0
appears to be corrupted. The path 'site-packages/jedi/third_party/typeshed/stubs/workalendar/workalendar/core.pyi'
specified in the package manifest cannot be found.

CondaVerificationError: The package for jedi located at /home/raahimnawaz/miniforge3/pkgs/jedi-0.20.0-pyhcf101f3_0
appears to be corrupted. The path 'site-packages/jedi/third_party/typeshed/stubs/workalendar/workalendar/europe/__init__.pyi'
specified in the package manifest cannot be found.

CondaVerificationError: The package for jedi located at /home/raahimnawaz/miniforge3/pkgs/jedi-0.20.0-pyhcf101f3_0
appears to be corrupted. The path 'site-packages/jedi/third_party/typeshed/stubs/workalendar/workalendar/europe/austria.pyi'
specified in the package manifest cannot be found.

CondaVerificationError: The package for jedi located at /home/raahimnawaz/miniforge3/pkgs/jedi-0.20.0-pyhcf101f3_0
appears to be corrupted. The path 'site-packages/jedi/third_party/typeshed/stubs/workalendar/workalendar/europe/belarus.pyi'
specified in the package manifest cannot be found.

CondaVerificationError: The package for jedi located at /home/raahimnawaz/miniforge3/pkgs/jedi-0.20.0-pyhcf101f3_0
appears to be corrupted. The path 'site-packages/jedi/third_party/typeshed/stubs/workalendar/workalendar/europe/belgium.pyi'
specified in the package manifest cannot be found.

CondaVerificationError: The package for jedi located at /home/raahimnawaz/miniforge3/pkgs/jedi-0.20.0-pyhcf101f3_0
appears to be corrupted. The path 'site-packages/jedi/third_party/typeshed/stubs/workalendar/workalendar/europe/bulgaria.pyi'
specified in the package manifest cannot be found.

CondaVerificationError: The package for jedi located at /home/raahimnawaz/miniforge3/pkgs/jedi-0.20.0-pyhcf101f3_0
appears to be corrupted. The path 'site-packages/jedi/third_party/typeshed/stubs/workalendar/workalendar/europe/cayman_islands.pyi'
specified in the package manifest cannot be found.

CondaVerificationError: The package for jedi located at /home/raahimnawaz/miniforge3/pkgs/jedi-0.20.0-pyhcf101f3_0
appears to be corrupted. The path 'site-packages/jedi/third_party/typeshed/stubs/workalendar/workalendar/europe/croatia.pyi'
specified in the package manifest cannot be found.

CondaVerificationError: The package for jedi located at /home/raahimnawaz/miniforge3/pkgs/jedi-0.20.0-pyhcf101f3_0
appears to be corrupted. The path 'site-packages/jedi/third_party/typeshed/stubs/workalendar/workalendar/europe/cyprus.pyi'
specified in the package manifest cannot be found.

CondaVerificationError: The package for jedi located at /home/raahimnawaz/miniforge3/pkgs/jedi-0.20.0-pyhcf101f3_0
appears to be corrupted. The path 'site-packages/jedi/third_party/typeshed/stubs/workalendar/workalendar/europe/czech_republic.pyi'
specified in the package manifest cannot be found.

CondaVerificationError: The package for jedi located at /home/raahimnawaz/miniforge3/pkgs/jedi-0.20.0-pyhcf101f3_0
appears to be corrupted. The path 'site-packages/jedi/third_party/typeshed/stubs/workalendar/workalendar/europe/denmark.pyi'
specified in the package manifest cannot be found.

CondaVerificationError: The package for jedi located at /home/raahimnawaz/miniforge3/pkgs/jedi-0.20.0-pyhcf101f3_0
appears to be corrupted. The path 'site-packages/jedi/third_party/typeshed/stubs/workalendar/workalendar/europe/estonia.pyi'
specified in the package manifest cannot be found.

CondaVerificationError: The package for jedi located at /home/raahimnawaz/miniforge3/pkgs/jedi-0.20.0-pyhcf101f3_0
appears to be corrupted. The path 'site-packages/jedi/third_party/typeshed/stubs/workalendar/workalendar/europe/european_central_bank.pyi'
specified in the package manifest cannot be found.

CondaVerificationError: The package for jedi located at /home/raahimnawaz/miniforge3/pkgs/jedi-0.20.0-pyhcf101f3_0
appears to be corrupted. The path 'site-packages/jedi/third_party/typeshed/stubs/workalendar/workalendar/europe/finland.pyi'
specified in the package manifest cannot be found.

CondaVerificationError: The package for jedi located at /home/raahimnawaz/miniforge3/pkgs/jedi-0.20.0-pyhcf101f3_0
appears to be corrupted. The path 'site-packages/jedi/third_party/typeshed/stubs/workalendar/workalendar/europe/france.pyi'
specified in the package manifest cannot be found.

CondaVerificationError: The package for jedi located at /home/raahimnawaz/miniforge3/pkgs/jedi-0.20.0-pyhcf101f3_0
appears to be corrupted. The path 'site-packages/jedi/third_party/typeshed/stubs/workalendar/workalendar/europe/georgia.pyi'
specified in the package manifest cannot be found.

CondaVerificationError: The package for jedi located at /home/raahimnawaz/miniforge3/pkgs/jedi-0.20.0-pyhcf101f3_0
appears to be corrupted. The path 'site-packages/jedi/third_party/typeshed/stubs/workalendar/workalendar/europe/germany.pyi'
specified in the package manifest cannot be found.

CondaVerificationError: The package for jedi located at /home/raahimnawaz/miniforge3/pkgs/jedi-0.20.0-pyhcf101f3_0
appears to be corrupted. The path 'site-packages/jedi/third_party/typeshed/stubs/workalendar/workalendar/europe/greece.pyi'
specified in the package manifest cannot be found.

CondaVerificationError: The package for jedi located at /home/raahimnawaz/miniforge3/pkgs/jedi-0.20.0-pyhcf101f3_0
appears to be corrupted. The path 'site-packages/jedi/third_party/typeshed/stubs/workalendar/workalendar/europe/guernsey.pyi'
specified in the package manifest cannot be found.

CondaVerificationError: The package for jedi located at /home/raahimnawaz/miniforge3/pkgs/jedi-0.20.0-pyhcf101f3_0
appears to be corrupted. The path 'site-packages/jedi/third_party/typeshed/stubs/workalendar/workalendar/europe/hungary.pyi'
specified in the package manifest cannot be found.

CondaVerificationError: The package for jedi located at /home/raahimnawaz/miniforge3/pkgs/jedi-0.20.0-pyhcf101f3_0
appears to be corrupted. The path 'site-packages/jedi/third_party/typeshed/stubs/workalendar/workalendar/europe/iceland.pyi'
specified in the package manifest cannot be found.

CondaVerificationError: The package for jedi located at /home/raahimnawaz/miniforge3/pkgs/jedi-0.20.0-pyhcf101f3_0
appears to be corrupted. The path 'site-packages/jedi/third_party/typeshed/stubs/workalendar/workalendar/europe/ireland.pyi'
specified in the package manifest cannot be found.

CondaVerificationError: The package for jedi located at /home/raahimnawaz/miniforge3/pkgs/jedi-0.20.0-pyhcf101f3_0
appears to be corrupted. The path 'site-packages/jedi/third_party/typeshed/stubs/workalendar/workalendar/europe/italy.pyi'
specified in the package manifest cannot be found.

CondaVerificationError: The package for jedi located at /home/raahimnawaz/miniforge3/pkgs/jedi-0.20.0-pyhcf101f3_0
appears to be corrupted. The path 'site-packages/jedi/third_party/typeshed/stubs/workalendar/workalendar/europe/latvia.pyi'
specified in the package manifest cannot be found.

CondaVerificationError: The package for jedi located at /home/raahimnawaz/miniforge3/pkgs/jedi-0.20.0-pyhcf101f3_0
appears to be corrupted. The path 'site-packages/jedi/third_party/typeshed/stubs/workalendar/workalendar/europe/lithuania.pyi'
specified in the package manifest cannot be found.

CondaVerificationError: The package for jedi located at /home/raahimnawaz/miniforge3/pkgs/jedi-0.20.0-pyhcf101f3_0
appears to be corrupted. The path 'site-packages/jedi/third_party/typeshed/stubs/workalendar/workalendar/europe/luxembourg.pyi'
specified in the package manifest cannot be found.

CondaVerificationError: The package for jedi located at /home/raahimnawaz/miniforge3/pkgs/jedi-0.20.0-pyhcf101f3_0
appears to be corrupted. The path 'site-packages/jedi/third_party/typeshed/stubs/workalendar/workalendar/europe/malta.pyi'
specified in the package manifest cannot be found.

CondaVerificationError: The package for jedi located at /home/raahimnawaz/miniforge3/pkgs/jedi-0.20.0-pyhcf101f3_0
appears to be corrupted. The path 'site-packages/jedi/third_party/typeshed/stubs/workalendar/workalendar/europe/monaco.pyi'
specified in the package manifest cannot be found.

CondaVerificationError: The package for jedi located at /home/raahimnawaz/miniforge3/pkgs/jedi-0.20.0-pyhcf101f3_0
appears to be corrupted. The path 'site-packages/jedi/third_party/typeshed/stubs/workalendar/workalendar/europe/netherlands.pyi'
specified in the package manifest cannot be found.

CondaVerificationError: The package for jedi located at /home/raahimnawaz/miniforge3/pkgs/jedi-0.20.0-pyhcf101f3_0
appears to be corrupted. The path 'site-packages/jedi/third_party/typeshed/stubs/workalendar/workalendar/europe/norway.pyi'
specified in the package manifest cannot be found.

CondaVerificationError: The package for jedi located at /home/raahimnawaz/miniforge3/pkgs/jedi-0.20.0-pyhcf101f3_0
appears to be corrupted. The path 'site-packages/jedi/third_party/typeshed/stubs/workalendar/workalendar/europe/poland.pyi'
specified in the package manifest cannot be found.

CondaVerificationError: The package for jedi located at /home/raahimnawaz/miniforge3/pkgs/jedi-0.20.0-pyhcf101f3_0
appears to be corrupted. The path 'site-packages/jedi/third_party/typeshed/stubs/workalendar/workalendar/europe/portugal.pyi'
specified in the package manifest cannot be found.

CondaVerificationError: The package for jedi located at /home/raahimnawaz/miniforge3/pkgs/jedi-0.20.0-pyhcf101f3_0
appears to be corrupted. The path 'site-packages/jedi/third_party/typeshed/stubs/workalendar/workalendar/europe/romania.pyi'
specified in the package manifest cannot be found.

CondaVerificationError: The package for jedi located at /home/raahimnawaz/miniforge3/pkgs/jedi-0.20.0-pyhcf101f3_0
appears to be corrupted. The path 'site-packages/jedi/third_party/typeshed/stubs/workalendar/workalendar/europe/russia.pyi'
specified in the package manifest cannot be found.

CondaVerificationError: The package for jedi located at /home/raahimnawaz/miniforge3/pkgs/jedi-0.20.0-pyhcf101f3_0
appears to be corrupted. The path 'site-packages/jedi/third_party/typeshed/stubs/workalendar/workalendar/europe/scotland/__init__.pyi'
specified in the package manifest cannot be found.

CondaVerificationError: The package for jedi located at /home/raahimnawaz/miniforge3/pkgs/jedi-0.20.0-pyhcf101f3_0
appears to be corrupted. The path 'site-packages/jedi/third_party/typeshed/stubs/workalendar/workalendar/europe/scotland/mixins/__init__.pyi'
specified in the package manifest cannot be found.

CondaVerificationError: The package for jedi located at /home/raahimnawaz/miniforge3/pkgs/jedi-0.20.0-pyhcf101f3_0
appears to be corrupted. The path 'site-packages/jedi/third_party/typeshed/stubs/workalendar/workalendar/europe/scotland/mixins/autumn_holiday.pyi'
specified in the package manifest cannot be found.

CondaVerificationError: The package for jedi located at /home/raahimnawaz/miniforge3/pkgs/jedi-0.20.0-pyhcf101f3_0
appears to be corrupted. The path 'site-packages/jedi/third_party/typeshed/stubs/workalendar/workalendar/europe/scotland/mixins/fair_holiday.pyi'
specified in the package manifest cannot be found.

CondaVerificationError: The package for jedi located at /home/raahimnawaz/miniforge3/pkgs/jedi-0.20.0-pyhcf101f3_0
appears to be corrupted. The path 'site-packages/jedi/third_party/typeshed/stubs/workalendar/workalendar/europe/scotland/mixins/spring_holiday.pyi'
specified in the package manifest cannot be found.

CondaVerificationError: The package for jedi located at /home/raahimnawaz/miniforge3/pkgs/jedi-0.20.0-pyhcf101f3_0
appears to be corrupted. The path 'site-packages/jedi/third_party/typeshed/stubs/workalendar/workalendar/europe/scotland/mixins/victoria_day.pyi'
specified in the package manifest cannot be found.

CondaVerificationError: The package for jedi located at /home/raahimnawaz/miniforge3/pkgs/jedi-0.20.0-pyhcf101f3_0
appears to be corrupted. The path 'site-packages/jedi/third_party/typeshed/stubs/workalendar/workalendar/europe/serbia.pyi'
specified in the package manifest cannot be found.

CondaVerificationError: The package for jedi located at /home/raahimnawaz/miniforge3/pkgs/jedi-0.20.0-pyhcf101f3_0
appears to be corrupted. The path 'site-packages/jedi/third_party/typeshed/stubs/workalendar/workalendar/europe/slovakia.pyi'
specified in the package manifest cannot be found.

CondaVerificationError: The package for jedi located at /home/raahimnawaz/miniforge3/pkgs/jedi-0.20.0-pyhcf101f3_0
appears to be corrupted. The path 'site-packages/jedi/third_party/typeshed/stubs/workalendar/workalendar/europe/slovenia.pyi'
specified in the package manifest cannot be found.

CondaVerificationError: The package for jedi located at /home/raahimnawaz/miniforge3/pkgs/jedi-0.20.0-pyhcf101f3_0
appears to be corrupted. The path 'site-packages/jedi/third_party/typeshed/stubs/workalendar/workalendar/europe/spain.pyi'
specified in the package manifest cannot be found.

CondaVerificationError: The package for jedi located at /home/raahimnawaz/miniforge3/pkgs/jedi-0.20.0-pyhcf101f3_0
appears to be corrupted. The path 'site-packages/jedi/third_party/typeshed/stubs/workalendar/workalendar/europe/sweden.pyi'
specified in the package manifest cannot be found.

CondaVerificationError: The package for jedi located at /home/raahimnawaz/miniforge3/pkgs/jedi-0.20.0-pyhcf101f3_0
appears to be corrupted. The path 'site-packages/jedi/third_party/typeshed/stubs/workalendar/workalendar/europe/switzerland.pyi'
specified in the package manifest cannot be found.

CondaVerificationError: The package for jedi located at /home/raahimnawaz/miniforge3/pkgs/jedi-0.20.0-pyhcf101f3_0
appears to be corrupted. The path 'site-packages/jedi/third_party/typeshed/stubs/workalendar/workalendar/europe/turkey.pyi'
specified in the package manifest cannot be found.

CondaVerificationError: The package for jedi located at /home/raahimnawaz/miniforge3/pkgs/jedi-0.20.0-pyhcf101f3_0
appears to be corrupted. The path 'site-packages/jedi/third_party/typeshed/stubs/workalendar/workalendar/europe/ukraine.pyi'
specified in the package manifest cannot be found.

CondaVerificationError: The package for jedi located at /home/raahimnawaz/miniforge3/pkgs/jedi-0.20.0-pyhcf101f3_0
appears to be corrupted. The path 'site-packages/jedi/third_party/typeshed/stubs/workalendar/workalendar/europe/united_kingdom.pyi'
specified in the package manifest cannot be found.

CondaVerificationError: The package for jedi located at /home/raahimnawaz/miniforge3/pkgs/jedi-0.20.0-pyhcf101f3_0
appears to be corrupted. The path 'site-packages/jedi/third_party/typeshed/stubs/workalendar/workalendar/exceptions.pyi'
specified in the package manifest cannot be found.

CondaVerificationError: The package for jedi located at /home/raahimnawaz/miniforge3/pkgs/jedi-0.20.0-pyhcf101f3_0
appears to be corrupted. The path 'site-packages/jedi/third_party/typeshed/stubs/workalendar/workalendar/oceania/__init__.pyi'
specified in the package manifest cannot be found.

CondaVerificationError: The package for jedi located at /home/raahimnawaz/miniforge3/pkgs/jedi-0.20.0-pyhcf101f3_0
appears to be corrupted. The path 'site-packages/jedi/third_party/typeshed/stubs/workalendar/workalendar/oceania/australia.pyi'
specified in the package manifest cannot be found.

CondaVerificationError: The package for jedi located at /home/raahimnawaz/miniforge3/pkgs/jedi-0.20.0-pyhcf101f3_0
appears to be corrupted. The path 'site-packages/jedi/third_party/typeshed/stubs/workalendar/workalendar/oceania/marshall_islands.pyi'
specified in the package manifest cannot be found.

CondaVerificationError: The package for jedi located at /home/raahimnawaz/miniforge3/pkgs/jedi-0.20.0-pyhcf101f3_0
appears to be corrupted. The path 'site-packages/jedi/third_party/typeshed/stubs/workalendar/workalendar/oceania/new_zealand.pyi'
specified in the package manifest cannot be found.

CondaVerificationError: The package for jedi located at /home/raahimnawaz/miniforge3/pkgs/jedi-0.20.0-pyhcf101f3_0
appears to be corrupted. The path 'site-packages/jedi/third_party/typeshed/stubs/workalendar/workalendar/precomputed_astronomy.pyi'
specified in the package manifest cannot be found.

CondaVerificationError: The package for jedi located at /home/raahimnawaz/miniforge3/pkgs/jedi-0.20.0-pyhcf101f3_0
appears to be corrupted. The path 'site-packages/jedi/third_party/typeshed/stubs/workalendar/workalendar/registry.pyi'
specified in the package manifest cannot be found.

CondaVerificationError: The package for jedi located at /home/raahimnawaz/miniforge3/pkgs/jedi-0.20.0-pyhcf101f3_0
appears to be corrupted. The path 'site-packages/jedi/third_party/typeshed/stubs/workalendar/workalendar/registry_tools.pyi'
specified in the package manifest cannot be found.

CondaVerificationError: The package for jedi located at /home/raahimnawaz/miniforge3/pkgs/jedi-0.20.0-pyhcf101f3_0
appears to be corrupted. The path 'site-packages/jedi/third_party/typeshed/stubs/workalendar/workalendar/skyfield_astronomy.pyi'
specified in the package manifest cannot be found.

CondaVerificationError: The package for jedi located at /home/raahimnawaz/miniforge3/pkgs/jedi-0.20.0-pyhcf101f3_0
appears to be corrupted. The path 'site-packages/jedi/third_party/typeshed/stubs/workalendar/workalendar/usa/__init__.pyi'
specified in the package manifest cannot be found.

CondaVerificationError: The package for jedi located at /home/raahimnawaz/miniforge3/pkgs/jedi-0.20.0-pyhcf101f3_0
appears to be corrupted. The path 'site-packages/jedi/third_party/typeshed/stubs/workalendar/workalendar/usa/alabama.pyi'
specified in the package manifest cannot be found.

CondaVerificationError: The package for jedi located at /home/raahimnawaz/miniforge3/pkgs/jedi-0.20.0-pyhcf101f3_0
appears to be corrupted. The path 'site-packages/jedi/third_party/typeshed/stubs/workalendar/workalendar/usa/alaska.pyi'
specified in the package manifest cannot be found.

CondaVerificationError: The package for jedi located at /home/raahimnawaz/miniforge3/pkgs/jedi-0.20.0-pyhcf101f3_0
appears to be corrupted. The path 'site-packages/jedi/third_party/typeshed/stubs/workalendar/workalendar/usa/american_samoa.pyi'
specified in the package manifest cannot be found.

CondaVerificationError: The package for jedi located at /home/raahimnawaz/miniforge3/pkgs/jedi-0.20.0-pyhcf101f3_0
appears to be corrupted. The path 'site-packages/jedi/third_party/typeshed/stubs/workalendar/workalendar/usa/arizona.pyi'
specified in the package manifest cannot be found.

CondaVerificationError: The package for jedi located at /home/raahimnawaz/miniforge3/pkgs/jedi-0.20.0-pyhcf101f3_0
appears to be corrupted. The path 'site-packages/jedi/third_party/typeshed/stubs/workalendar/workalendar/usa/arkansas.pyi'
specified in the package manifest cannot be found.

CondaVerificationError: The package for jedi located at /home/raahimnawaz/miniforge3/pkgs/jedi-0.20.0-pyhcf101f3_0
appears to be corrupted. The path 'site-packages/jedi/third_party/typeshed/stubs/workalendar/workalendar/usa/california.pyi'
specified in the package manifest cannot be found.

CondaVerificationError: The package for jedi located at /home/raahimnawaz/miniforge3/pkgs/jedi-0.20.0-pyhcf101f3_0
appears to be corrupted. The path 'site-packages/jedi/third_party/typeshed/stubs/workalendar/workalendar/usa/colorado.pyi'
specified in the package manifest cannot be found.

CondaVerificationError: The package for jedi located at /home/raahimnawaz/miniforge3/pkgs/jedi-0.20.0-pyhcf101f3_0
appears to be corrupted. The path 'site-packages/jedi/third_party/typeshed/stubs/workalendar/workalendar/usa/connecticut.pyi'
specified in the package manifest cannot be found.

CondaVerificationError: The package for jedi located at /home/raahimnawaz/miniforge3/pkgs/jedi-0.20.0-pyhcf101f3_0
appears to be corrupted. The path 'site-packages/jedi/third_party/typeshed/stubs/workalendar/workalendar/usa/core.pyi'
specified in the package manifest cannot be found.

CondaVerificationError: The package for jedi located at /home/raahimnawaz/miniforge3/pkgs/jedi-0.20.0-pyhcf101f3_0
appears to be corrupted. The path 'site-packages/jedi/third_party/typeshed/stubs/workalendar/workalendar/usa/delaware.pyi'
specified in the package manifest cannot be found.

CondaVerificationError: The package for jedi located at /home/raahimnawaz/miniforge3/pkgs/jedi-0.20.0-pyhcf101f3_0
appears to be corrupted. The path 'site-packages/jedi/third_party/typeshed/stubs/workalendar/workalendar/usa/district_columbia.pyi'
specified in the package manifest cannot be found.

CondaVerificationError: The package for jedi located at /home/raahimnawaz/miniforge3/pkgs/jedi-0.20.0-pyhcf101f3_0
appears to be corrupted. The path 'site-packages/jedi/third_party/typeshed/stubs/workalendar/workalendar/usa/florida.pyi'
specified in the package manifest cannot be found.

CondaVerificationError: The package for jedi located at /home/raahimnawaz/miniforge3/pkgs/jedi-0.20.0-pyhcf101f3_0
appears to be corrupted. The path 'site-packages/jedi/third_party/typeshed/stubs/workalendar/workalendar/usa/georgia.pyi'
specified in the package manifest cannot be found.

CondaVerificationError: The package for jedi located at /home/raahimnawaz/miniforge3/pkgs/jedi-0.20.0-pyhcf101f3_0
appears to be corrupted. The path 'site-packages/jedi/third_party/typeshed/stubs/workalendar/workalendar/usa/guam.pyi'
specified in the package manifest cannot be found.

CondaVerificationError: The package for jedi located at /home/raahimnawaz/miniforge3/pkgs/jedi-0.20.0-pyhcf101f3_0
appears to be corrupted. The path 'site-packages/jedi/third_party/typeshed/stubs/workalendar/workalendar/usa/hawaii.pyi'
specified in the package manifest cannot be found.

CondaVerificationError: The package for jedi located at /home/raahimnawaz/miniforge3/pkgs/jedi-0.20.0-pyhcf101f3_0
appears to be corrupted. The path 'site-packages/jedi/third_party/typeshed/stubs/workalendar/workalendar/usa/idaho.pyi'
specified in the package manifest cannot be found.

CondaVerificationError: The package for jedi located at /home/raahimnawaz/miniforge3/pkgs/jedi-0.20.0-pyhcf101f3_0
appears to be corrupted. The path 'site-packages/jedi/third_party/typeshed/stubs/workalendar/workalendar/usa/illinois.pyi'
specified in the package manifest cannot be found.

CondaVerificationError: The package for jedi located at /home/raahimnawaz/miniforge3/pkgs/jedi-0.20.0-pyhcf101f3_0
appears to be corrupted. The path 'site-packages/jedi/third_party/typeshed/stubs/workalendar/workalendar/usa/indiana.pyi'
specified in the package manifest cannot be found.

CondaVerificationError: The package for jedi located at /home/raahimnawaz/miniforge3/pkgs/jedi-0.20.0-pyhcf101f3_0
appears to be corrupted. The path 'site-packages/jedi/third_party/typeshed/stubs/workalendar/workalendar/usa/iowa.pyi'
specified in the package manifest cannot be found.

CondaVerificationError: The package for jedi located at /home/raahimnawaz/miniforge3/pkgs/jedi-0.20.0-pyhcf101f3_0
appears to be corrupted. The path 'site-packages/jedi/third_party/typeshed/stubs/workalendar/workalendar/usa/kansas.pyi'
specified in the package manifest cannot be found.

CondaVerificationError: The package for jedi located at /home/raahimnawaz/miniforge3/pkgs/jedi-0.20.0-pyhcf101f3_0
appears to be corrupted. The path 'site-packages/jedi/third_party/typeshed/stubs/workalendar/workalendar/usa/kentucky.pyi'
specified in the package manifest cannot be found.

CondaVerificationError: The package for jedi located at /home/raahimnawaz/miniforge3/pkgs/jedi-0.20.0-pyhcf101f3_0
appears to be corrupted. The path 'site-packages/jedi/third_party/typeshed/stubs/workalendar/workalendar/usa/louisiana.pyi'
specified in the package manifest cannot be found.

CondaVerificationError: The package for jedi located at /home/raahimnawaz/miniforge3/pkgs/jedi-0.20.0-pyhcf101f3_0
appears to be corrupted. The path 'site-packages/jedi/third_party/typeshed/stubs/workalendar/workalendar/usa/maine.pyi'
specified in the package manifest cannot be found.

CondaVerificationError: The package for jedi located at /home/raahimnawaz/miniforge3/pkgs/jedi-0.20.0-pyhcf101f3_0
appears to be corrupted. The path 'site-packages/jedi/third_party/typeshed/stubs/workalendar/workalendar/usa/maryland.pyi'
specified in the package manifest cannot be found.

CondaVerificationError: The package for jedi located at /home/raahimnawaz/miniforge3/pkgs/jedi-0.20.0-pyhcf101f3_0
appears to be corrupted. The path 'site-packages/jedi/third_party/typeshed/stubs/workalendar/workalendar/usa/massachusetts.pyi'
specified in the package manifest cannot be found.

CondaVerificationError: The package for jedi located at /home/raahimnawaz/miniforge3/pkgs/jedi-0.20.0-pyhcf101f3_0
appears to be corrupted. The path 'site-packages/jedi/third_party/typeshed/stubs/workalendar/workalendar/usa/michigan.pyi'
specified in the package manifest cannot be found.

CondaVerificationError: The package for jedi located at /home/raahimnawaz/miniforge3/pkgs/jedi-0.20.0-pyhcf101f3_0
appears to be corrupted. The path 'site-packages/jedi/third_party/typeshed/stubs/workalendar/workalendar/usa/minnesota.pyi'
specified in the package manifest cannot be found.

CondaVerificationError: The package for jedi located at /home/raahimnawaz/miniforge3/pkgs/jedi-0.20.0-pyhcf101f3_0
appears to be corrupted. The path 'site-packages/jedi/third_party/typeshed/stubs/workalendar/workalendar/usa/mississippi.pyi'
specified in the package manifest cannot be found.

CondaVerificationError: The package for jedi located at /home/raahimnawaz/miniforge3/pkgs/jedi-0.20.0-pyhcf101f3_0
appears to be corrupted. The path 'site-packages/jedi/third_party/typeshed/stubs/workalendar/workalendar/usa/missouri.pyi'
specified in the package manifest cannot be found.

CondaVerificationError: The package for jedi located at /home/raahimnawaz/miniforge3/pkgs/jedi-0.20.0-pyhcf101f3_0
appears to be corrupted. The path 'site-packages/jedi/third_party/typeshed/stubs/workalendar/workalendar/usa/montana.pyi'
specified in the package manifest cannot be found.

CondaVerificationError: The package for jedi located at /home/raahimnawaz/miniforge3/pkgs/jedi-0.20.0-pyhcf101f3_0
appears to be corrupted. The path 'site-packages/jedi/third_party/typeshed/stubs/workalendar/workalendar/usa/nebraska.pyi'
specified in the package manifest cannot be found.

CondaVerificationError: The package for jedi located at /home/raahimnawaz/miniforge3/pkgs/jedi-0.20.0-pyhcf101f3_0
appears to be corrupted. The path 'site-packages/jedi/third_party/typeshed/stubs/workalendar/workalendar/usa/nevada.pyi'
specified in the package manifest cannot be found.

CondaVerificationError: The package for jedi located at /home/raahimnawaz/miniforge3/pkgs/jedi-0.20.0-pyhcf101f3_0
appears to be corrupted. The path 'site-packages/jedi/third_party/typeshed/stubs/workalendar/workalendar/usa/new_hampshire.pyi'
specified in the package manifest cannot be found.

CondaVerificationError: The package for jedi located at /home/raahimnawaz/miniforge3/pkgs/jedi-0.20.0-pyhcf101f3_0
appears to be corrupted. The path 'site-packages/jedi/third_party/typeshed/stubs/workalendar/workalendar/usa/new_jersey.pyi'
specified in the package manifest cannot be found.

CondaVerificationError: The package for jedi located at /home/raahimnawaz/miniforge3/pkgs/jedi-0.20.0-pyhcf101f3_0
appears to be corrupted. The path 'site-packages/jedi/third_party/typeshed/stubs/workalendar/workalendar/usa/new_mexico.pyi'
specified in the package manifest cannot be found.

CondaVerificationError: The package for jedi located at /home/raahimnawaz/miniforge3/pkgs/jedi-0.20.0-pyhcf101f3_0
appears to be corrupted. The path 'site-packages/jedi/third_party/typeshed/stubs/workalendar/workalendar/usa/new_york.pyi'
specified in the package manifest cannot be found.

CondaVerificationError: The package for jedi located at /home/raahimnawaz/miniforge3/pkgs/jedi-0.20.0-pyhcf101f3_0
appears to be corrupted. The path 'site-packages/jedi/third_party/typeshed/stubs/workalendar/workalendar/usa/north_carolina.pyi'
specified in the package manifest cannot be found.

CondaVerificationError: The package for jedi located at /home/raahimnawaz/miniforge3/pkgs/jedi-0.20.0-pyhcf101f3_0
appears to be corrupted. The path 'site-packages/jedi/third_party/typeshed/stubs/workalendar/workalendar/usa/north_dakota.pyi'
specified in the package manifest cannot be found.

CondaVerificationError: The package for jedi located at /home/raahimnawaz/miniforge3/pkgs/jedi-0.20.0-pyhcf101f3_0
appears to be corrupted. The path 'site-packages/jedi/third_party/typeshed/stubs/workalendar/workalendar/usa/ohio.pyi'
specified in the package manifest cannot be found.

CondaVerificationError: The package for jedi located at /home/raahimnawaz/miniforge3/pkgs/jedi-0.20.0-pyhcf101f3_0
appears to be corrupted. The path 'site-packages/jedi/third_party/typeshed/stubs/workalendar/workalendar/usa/oklahoma.pyi'
specified in the package manifest cannot be found.

CondaVerificationError: The package for jedi located at /home/raahimnawaz/miniforge3/pkgs/jedi-0.20.0-pyhcf101f3_0
appears to be corrupted. The path 'site-packages/jedi/third_party/typeshed/stubs/workalendar/workalendar/usa/oregon.pyi'
specified in the package manifest cannot be found.

CondaVerificationError: The package for jedi located at /home/raahimnawaz/miniforge3/pkgs/jedi-0.20.0-pyhcf101f3_0
appears to be corrupted. The path 'site-packages/jedi/third_party/typeshed/stubs/workalendar/workalendar/usa/pennsylvania.pyi'
specified in the package manifest cannot be found.

CondaVerificationError: The package for jedi located at /home/raahimnawaz/miniforge3/pkgs/jedi-0.20.0-pyhcf101f3_0
appears to be corrupted. The path 'site-packages/jedi/third_party/typeshed/stubs/workalendar/workalendar/usa/rhode_island.pyi'
specified in the package manifest cannot be found.

CondaVerificationError: The package for jedi located at /home/raahimnawaz/miniforge3/pkgs/jedi-0.20.0-pyhcf101f3_0
appears to be corrupted. The path 'site-packages/jedi/third_party/typeshed/stubs/workalendar/workalendar/usa/south_carolina.pyi'
specified in the package manifest cannot be found.

CondaVerificationError: The package for jedi located at /home/raahimnawaz/miniforge3/pkgs/jedi-0.20.0-pyhcf101f3_0
appears to be corrupted. The path 'site-packages/jedi/third_party/typeshed/stubs/workalendar/workalendar/usa/south_dakota.pyi'
specified in the package manifest cannot be found.

CondaVerificationError: The package for jedi located at /home/raahimnawaz/miniforge3/pkgs/jedi-0.20.0-pyhcf101f3_0
appears to be corrupted. The path 'site-packages/jedi/third_party/typeshed/stubs/workalendar/workalendar/usa/tennessee.pyi'
specified in the package manifest cannot be found.

CondaVerificationError: The package for jedi located at /home/raahimnawaz/miniforge3/pkgs/jedi-0.20.0-pyhcf101f3_0
appears to be corrupted. The path 'site-packages/jedi/third_party/typeshed/stubs/workalendar/workalendar/usa/texas.pyi'
specified in the package manifest cannot be found.

CondaVerificationError: The package for jedi located at /home/raahimnawaz/miniforge3/pkgs/jedi-0.20.0-pyhcf101f3_0
appears to be corrupted. The path 'site-packages/jedi/third_party/typeshed/stubs/workalendar/workalendar/usa/utah.pyi'
specified in the package manifest cannot be found.

CondaVerificationError: The package for jedi located at /home/raahimnawaz/miniforge3/pkgs/jedi-0.20.0-pyhcf101f3_0
appears to be corrupted. The path 'site-packages/jedi/third_party/typeshed/stubs/workalendar/workalendar/usa/vermont.pyi'
specified in the package manifest cannot be found.

CondaVerificationError: The package for jedi located at /home/raahimnawaz/miniforge3/pkgs/jedi-0.20.0-pyhcf101f3_0
appears to be corrupted. The path 'site-packages/jedi/third_party/typeshed/stubs/workalendar/workalendar/usa/virginia.pyi'
specified in the package manifest cannot be found.

CondaVerificationError: The package for jedi located at /home/raahimnawaz/miniforge3/pkgs/jedi-0.20.0-pyhcf101f3_0
appears to be corrupted. The path 'site-packages/jedi/third_party/typeshed/stubs/workalendar/workalendar/usa/washington.pyi'
specified in the package manifest cannot be found.

CondaVerificationError: The package for jedi located at /home/raahimnawaz/miniforge3/pkgs/jedi-0.20.0-pyhcf101f3_0
appears to be corrupted. The path 'site-packages/jedi/third_party/typeshed/stubs/workalendar/workalendar/usa/west_virginia.pyi'
specified in the package manifest cannot be found.

CondaVerificationError: The package for jedi located at /home/raahimnawaz/miniforge3/pkgs/jedi-0.20.0-pyhcf101f3_0
appears to be corrupted. The path 'site-packages/jedi/third_party/typeshed/stubs/workalendar/workalendar/usa/wisconsin.pyi'
specified in the package manifest cannot be found.

CondaVerificationError: The package for jedi located at /home/raahimnawaz/miniforge3/pkgs/jedi-0.20.0-pyhcf101f3_0
appears to be corrupted. The path 'site-packages/jedi/third_party/typeshed/stubs/workalendar/workalendar/usa/wyoming.pyi'
specified in the package manifest cannot be found.

CondaVerificationError: The package for jedi located at /home/raahimnawaz/miniforge3/pkgs/jedi-0.20.0-pyhcf101f3_0
appears to be corrupted. The path 'site-packages/jedi/third_party/typeshed/stubs/wurlitzer/wurlitzer.pyi'
specified in the package manifest cannot be found.

CondaVerificationError: The package for jedi located at /home/raahimnawaz/miniforge3/pkgs/jedi-0.20.0-pyhcf101f3_0
appears to be corrupted. The path 'site-packages/jedi/third_party/typeshed/stubs/www-authenticate/www_authenticate.pyi'
specified in the package manifest cannot be found.

CondaVerificationError: The package for jedi located at /home/raahimnawaz/miniforge3/pkgs/jedi-0.20.0-pyhcf101f3_0
appears to be corrupted. The path 'site-packages/jedi/third_party/typeshed/stubs/xdgenvpy/xdgenvpy/__init__.pyi'
specified in the package manifest cannot be found.

CondaVerificationError: The package for jedi located at /home/raahimnawaz/miniforge3/pkgs/jedi-0.20.0-pyhcf101f3_0
appears to be corrupted. The path 'site-packages/jedi/third_party/typeshed/stubs/xdgenvpy/xdgenvpy/_defaults.pyi'
specified in the package manifest cannot be found.

CondaVerificationError: The package for jedi located at /home/raahimnawaz/miniforge3/pkgs/jedi-0.20.0-pyhcf101f3_0
appears to be corrupted. The path 'site-packages/jedi/third_party/typeshed/stubs/xdgenvpy/xdgenvpy/xdgenv.pyi'
specified in the package manifest cannot be found.

CondaVerificationError: The package for jedi located at /home/raahimnawaz/miniforge3/pkgs/jedi-0.20.0-pyhcf101f3_0
appears to be corrupted. The path 'site-packages/jedi/third_party/typeshed/stubs/xlrd/xlrd/__init__.pyi'
specified in the package manifest cannot be found.

CondaVerificationError: The package for jedi located at /home/raahimnawaz/miniforge3/pkgs/jedi-0.20.0-pyhcf101f3_0
appears to be corrupted. The path 'site-packages/jedi/third_party/typeshed/stubs/xlrd/xlrd/biffh.pyi'
specified in the package manifest cannot be found.

CondaVerificationError: The package for jedi located at /home/raahimnawaz/miniforge3/pkgs/jedi-0.20.0-pyhcf101f3_0
appears to be corrupted. The path 'site-packages/jedi/third_party/typeshed/stubs/xlrd/xlrd/book.pyi'
specified in the package manifest cannot be found.

CondaVerificationError: The package for jedi located at /home/raahimnawaz/miniforge3/pkgs/jedi-0.20.0-pyhcf101f3_0
appears to be corrupted. The path 'site-packages/jedi/third_party/typeshed/stubs/xlrd/xlrd/compdoc.pyi'
specified in the package manifest cannot be found.

CondaVerificationError: The package for jedi located at /home/raahimnawaz/miniforge3/pkgs/jedi-0.20.0-pyhcf101f3_0
appears to be corrupted. The path 'site-packages/jedi/third_party/typeshed/stubs/xlrd/xlrd/formatting.pyi'
specified in the package manifest cannot be found.

CondaVerificationError: The package for jedi located at /home/raahimnawaz/miniforge3/pkgs/jedi-0.20.0-pyhcf101f3_0
appears to be corrupted. The path 'site-packages/jedi/third_party/typeshed/stubs/xlrd/xlrd/formula.pyi'
specified in the package manifest cannot be found.

CondaVerificationError: The package for jedi located at /home/raahimnawaz/miniforge3/pkgs/jedi-0.20.0-pyhcf101f3_0
appears to be corrupted. The path 'site-packages/jedi/third_party/typeshed/stubs/xlrd/xlrd/info.pyi'
specified in the package manifest cannot be found.

CondaVerificationError: The package for jedi located at /home/raahimnawaz/miniforge3/pkgs/jedi-0.20.0-pyhcf101f3_0
appears to be corrupted. The path 'site-packages/jedi/third_party/typeshed/stubs/xlrd/xlrd/sheet.pyi'
specified in the package manifest cannot be found.

CondaVerificationError: The package for jedi located at /home/raahimnawaz/miniforge3/pkgs/jedi-0.20.0-pyhcf101f3_0
appears to be corrupted. The path 'site-packages/jedi/third_party/typeshed/stubs/xlrd/xlrd/timemachine.pyi'
specified in the package manifest cannot be found.

CondaVerificationError: The package for jedi located at /home/raahimnawaz/miniforge3/pkgs/jedi-0.20.0-pyhcf101f3_0
appears to be corrupted. The path 'site-packages/jedi/third_party/typeshed/stubs/xlrd/xlrd/xldate.pyi'
specified in the package manifest cannot be found.

CondaVerificationError: The package for jedi located at /home/raahimnawaz/miniforge3/pkgs/jedi-0.20.0-pyhcf101f3_0
appears to be corrupted. The path 'site-packages/jedi/third_party/typeshed/stubs/xmldiff/xmldiff/__init__.pyi'
specified in the package manifest cannot be found.

CondaVerificationError: The package for jedi located at /home/raahimnawaz/miniforge3/pkgs/jedi-0.20.0-pyhcf101f3_0
appears to be corrupted. The path 'site-packages/jedi/third_party/typeshed/stubs/xmldiff/xmldiff/actions.pyi'
specified in the package manifest cannot be found.

CondaVerificationError: The package for jedi located at /home/raahimnawaz/miniforge3/pkgs/jedi-0.20.0-pyhcf101f3_0
appears to be corrupted. The path 'site-packages/jedi/third_party/typeshed/stubs/xmldiff/xmldiff/diff.pyi'
specified in the package manifest cannot be found.

CondaVerificationError: The package for jedi located at /home/raahimnawaz/miniforge3/pkgs/jedi-0.20.0-pyhcf101f3_0
appears to be corrupted. The path 'site-packages/jedi/third_party/typeshed/stubs/xmldiff/xmldiff/diff_match_patch.pyi'
specified in the package manifest cannot be found.

CondaVerificationError: The package for jedi located at /home/raahimnawaz/miniforge3/pkgs/jedi-0.20.0-pyhcf101f3_0
appears to be corrupted. The path 'site-packages/jedi/third_party/typeshed/stubs/xmldiff/xmldiff/formatting.pyi'
specified in the package manifest cannot be found.

CondaVerificationError: The package for jedi located at /home/raahimnawaz/miniforge3/pkgs/jedi-0.20.0-pyhcf101f3_0
appears to be corrupted. The path 'site-packages/jedi/third_party/typeshed/stubs/xmldiff/xmldiff/main.pyi'
specified in the package manifest cannot be found.

CondaVerificationError: The package for jedi located at /home/raahimnawaz/miniforge3/pkgs/jedi-0.20.0-pyhcf101f3_0
appears to be corrupted. The path 'site-packages/jedi/third_party/typeshed/stubs/xmldiff/xmldiff/patch.pyi'
specified in the package manifest cannot be found.

CondaVerificationError: The package for jedi located at /home/raahimnawaz/miniforge3/pkgs/jedi-0.20.0-pyhcf101f3_0
appears to be corrupted. The path 'site-packages/jedi/third_party/typeshed/stubs/xmldiff/xmldiff/utils.pyi'
specified in the package manifest cannot be found.

CondaVerificationError: The package for jedi located at /home/raahimnawaz/miniforge3/pkgs/jedi-0.20.0-pyhcf101f3_0
appears to be corrupted. The path 'site-packages/jedi/third_party/typeshed/stubs/xmltodict/xmltodict.pyi'
specified in the package manifest cannot be found.

CondaVerificationError: The package for jedi located at /home/raahimnawaz/miniforge3/pkgs/jedi-0.20.0-pyhcf101f3_0
appears to be corrupted. The path 'site-packages/jedi/third_party/typeshed/stubs/yt-dlp/yt_dlp/YoutubeDL.pyi'
specified in the package manifest cannot be found.

CondaVerificationError: The package for jedi located at /home/raahimnawaz/miniforge3/pkgs/jedi-0.20.0-pyhcf101f3_0
appears to be corrupted. The path 'site-packages/jedi/third_party/typeshed/stubs/yt-dlp/yt_dlp/__init__.pyi'
specified in the package manifest cannot be found.

CondaVerificationError: The package for jedi located at /home/raahimnawaz/miniforge3/pkgs/jedi-0.20.0-pyhcf101f3_0
appears to be corrupted. The path 'site-packages/jedi/third_party/typeshed/stubs/yt-dlp/yt_dlp/aes.pyi'
specified in the package manifest cannot be found.

CondaVerificationError: The package for jedi located at /home/raahimnawaz/miniforge3/pkgs/jedi-0.20.0-pyhcf101f3_0
appears to be corrupted. The path 'site-packages/jedi/third_party/typeshed/stubs/yt-dlp/yt_dlp/cache.pyi'
specified in the package manifest cannot be found.

CondaVerificationError: The package for jedi located at /home/raahimnawaz/miniforge3/pkgs/jedi-0.20.0-pyhcf101f3_0
appears to be corrupted. The path 'site-packages/jedi/third_party/typeshed/stubs/yt-dlp/yt_dlp/compat/__init__.pyi'
specified in the package manifest cannot be found.

CondaVerificationError: The package for jedi located at /home/raahimnawaz/miniforge3/pkgs/jedi-0.20.0-pyhcf101f3_0
appears to be corrupted. The path 'site-packages/jedi/third_party/typeshed/stubs/yt-dlp/yt_dlp/compat/compat_utils.pyi'
specified in the package manifest cannot be found.

CondaVerificationError: The package for jedi located at /home/raahimnawaz/miniforge3/pkgs/jedi-0.20.0-pyhcf101f3_0
appears to be corrupted. The path 'site-packages/jedi/third_party/typeshed/stubs/yt-dlp/yt_dlp/compat/imghdr.pyi'
specified in the package manifest cannot be found.

CondaVerificationError: The package for jedi located at /home/raahimnawaz/miniforge3/pkgs/jedi-0.20.0-pyhcf101f3_0
appears to be corrupted. The path 'site-packages/jedi/third_party/typeshed/stubs/yt-dlp/yt_dlp/cookies.pyi'
specified in the package manifest cannot be found.

CondaVerificationError: The package for jedi located at /home/raahimnawaz/miniforge3/pkgs/jedi-0.20.0-pyhcf101f3_0
appears to be corrupted. The path 'site-packages/jedi/third_party/typeshed/stubs/yt-dlp/yt_dlp/downloader/__init__.pyi'
specified in the package manifest cannot be found.

CondaVerificationError: The package for jedi located at /home/raahimnawaz/miniforge3/pkgs/jedi-0.20.0-pyhcf101f3_0
appears to be corrupted. The path 'site-packages/jedi/third_party/typeshed/stubs/yt-dlp/yt_dlp/downloader/bunnycdn.pyi'
specified in the package manifest cannot be found.

CondaVerificationError: The package for jedi located at /home/raahimnawaz/miniforge3/pkgs/jedi-0.20.0-pyhcf101f3_0
appears to be corrupted. The path 'site-packages/jedi/third_party/typeshed/stubs/yt-dlp/yt_dlp/downloader/common.pyi'
specified in the package manifest cannot be found.

CondaVerificationError: The package for jedi located at /home/raahimnawaz/miniforge3/pkgs/jedi-0.20.0-pyhcf101f3_0
appears to be corrupted. The path 'site-packages/jedi/third_party/typeshed/stubs/yt-dlp/yt_dlp/downloader/dash.pyi'
specified in the package manifest cannot be found.

CondaVerificationError: The package for jedi located at /home/raahimnawaz/miniforge3/pkgs/jedi-0.20.0-pyhcf101f3_0
appears to be corrupted. The path 'site-packages/jedi/third_party/typeshed/stubs/yt-dlp/yt_dlp/downloader/external.pyi'
specified in the package manifest cannot be found.

CondaVerificationError: The package for jedi located at /home/raahimnawaz/miniforge3/pkgs/jedi-0.20.0-pyhcf101f3_0
appears to be corrupted. The path 'site-packages/jedi/third_party/typeshed/stubs/yt-dlp/yt_dlp/downloader/f4m.pyi'
specified in the package manifest cannot be found.

CondaVerificationError: The package for jedi located at /home/raahimnawaz/miniforge3/pkgs/jedi-0.20.0-pyhcf101f3_0
appears to be corrupted. The path 'site-packages/jedi/third_party/typeshed/stubs/yt-dlp/yt_dlp/downloader/fc2.pyi'
specified in the package manifest cannot be found.

CondaVerificationError: The package for jedi located at /home/raahimnawaz/miniforge3/pkgs/jedi-0.20.0-pyhcf101f3_0
appears to be corrupted. The path 'site-packages/jedi/third_party/typeshed/stubs/yt-dlp/yt_dlp/downloader/fragment.pyi'
specified in the package manifest cannot be found.

CondaVerificationError: The package for jedi located at /home/raahimnawaz/miniforge3/pkgs/jedi-0.20.0-pyhcf101f3_0
appears to be corrupted. The path 'site-packages/jedi/third_party/typeshed/stubs/yt-dlp/yt_dlp/downloader/hls.pyi'
specified in the package manifest cannot be found.

CondaVerificationError: The package for jedi located at /home/raahimnawaz/miniforge3/pkgs/jedi-0.20.0-pyhcf101f3_0
appears to be corrupted. The path 'site-packages/jedi/third_party/typeshed/stubs/yt-dlp/yt_dlp/downloader/http.pyi'
specified in the package manifest cannot be found.

CondaVerificationError: The package for jedi located at /home/raahimnawaz/miniforge3/pkgs/jedi-0.20.0-pyhcf101f3_0
appears to be corrupted. The path 'site-packages/jedi/third_party/typeshed/stubs/yt-dlp/yt_dlp/downloader/ism.pyi'
specified in the package manifest cannot be found.

CondaVerificationError: The package for jedi located at /home/raahimnawaz/miniforge3/pkgs/jedi-0.20.0-pyhcf101f3_0
appears to be corrupted. The path 'site-packages/jedi/third_party/typeshed/stubs/yt-dlp/yt_dlp/downloader/mhtml.pyi'
specified in the package manifest cannot be found.

CondaVerificationError: The package for jedi located at /home/raahimnawaz/miniforge3/pkgs/jedi-0.20.0-pyhcf101f3_0
appears to be corrupted. The path 'site-packages/jedi/third_party/typeshed/stubs/yt-dlp/yt_dlp/downloader/niconico.pyi'
specified in the package manifest cannot be found.

CondaVerificationError: The package for jedi located at /home/raahimnawaz/miniforge3/pkgs/jedi-0.20.0-pyhcf101f3_0
appears to be corrupted. The path 'site-packages/jedi/third_party/typeshed/stubs/yt-dlp/yt_dlp/downloader/rtmp.pyi'
specified in the package manifest cannot be found.

CondaVerificationError: The package for jedi located at /home/raahimnawaz/miniforge3/pkgs/jedi-0.20.0-pyhcf101f3_0
appears to be corrupted. The path 'site-packages/jedi/third_party/typeshed/stubs/yt-dlp/yt_dlp/downloader/rtsp.pyi'
specified in the package manifest cannot be found.

CondaVerificationError: The package for jedi located at /home/raahimnawaz/miniforge3/pkgs/jedi-0.20.0-pyhcf101f3_0
appears to be corrupted. The path 'site-packages/jedi/third_party/typeshed/stubs/yt-dlp/yt_dlp/downloader/soop.pyi'
specified in the package manifest cannot be found.

CondaVerificationError: The package for jedi located at /home/raahimnawaz/miniforge3/pkgs/jedi-0.20.0-pyhcf101f3_0
appears to be corrupted. The path 'site-packages/jedi/third_party/typeshed/stubs/yt-dlp/yt_dlp/downloader/websocket.pyi'
specified in the package manifest cannot be found.

CondaVerificationError: The package for jedi located at /home/raahimnawaz/miniforge3/pkgs/jedi-0.20.0-pyhcf101f3_0
appears to be corrupted. The path 'site-packages/jedi/third_party/typeshed/stubs/yt-dlp/yt_dlp/downloader/youtube_live_chat.pyi'
specified in the package manifest cannot be found.

CondaVerificationError: The package for jedi located at /home/raahimnawaz/miniforge3/pkgs/jedi-0.20.0-pyhcf101f3_0
appears to be corrupted. The path 'site-packages/jedi/third_party/typeshed/stubs/yt-dlp/yt_dlp/extractor/__init__.pyi'
specified in the package manifest cannot be found.

CondaVerificationError: The package for jedi located at /home/raahimnawaz/miniforge3/pkgs/jedi-0.20.0-pyhcf101f3_0
appears to be corrupted. The path 'site-packages/jedi/third_party/typeshed/stubs/yt-dlp/yt_dlp/extractor/common.pyi'
specified in the package manifest cannot be found.

CondaVerificationError: The package for jedi located at /home/raahimnawaz/miniforge3/pkgs/jedi-0.20.0-pyhcf101f3_0
appears to be corrupted. The path 'site-packages/jedi/third_party/typeshed/stubs/yt-dlp/yt_dlp/extractor/commonmistakes.pyi'
specified in the package manifest cannot be found.

CondaVerificationError: The package for jedi located at /home/raahimnawaz/miniforge3/pkgs/jedi-0.20.0-pyhcf101f3_0
appears to be corrupted. The path 'site-packages/jedi/third_party/typeshed/stubs/yt-dlp/yt_dlp/extractor/commonprotocols.pyi'
specified in the package manifest cannot be found.

CondaVerificationError: The package for jedi located at /home/raahimnawaz/miniforge3/pkgs/jedi-0.20.0-pyhcf101f3_0
appears to be corrupted. The path 'site-packages/jedi/third_party/typeshed/stubs/yt-dlp/yt_dlp/globals.pyi'
specified in the package manifest cannot be found.

CondaVerificationError: The package for jedi located at /home/raahimnawaz/miniforge3/pkgs/jedi-0.20.0-pyhcf101f3_0
appears to be corrupted. The path 'site-packages/jedi/third_party/typeshed/stubs/yt-dlp/yt_dlp/jsinterp.pyi'
specified in the package manifest cannot be found.

CondaVerificationError: The package for jedi located at /home/raahimnawaz/miniforge3/pkgs/jedi-0.20.0-pyhcf101f3_0
appears to be corrupted. The path 'site-packages/jedi/third_party/typeshed/stubs/yt-dlp/yt_dlp/minicurses.pyi'
specified in the package manifest cannot be found.

CondaVerificationError: The package for jedi located at /home/raahimnawaz/miniforge3/pkgs/jedi-0.20.0-pyhcf101f3_0
appears to be corrupted. The path 'site-packages/jedi/third_party/typeshed/stubs/yt-dlp/yt_dlp/networking/__init__.pyi'
specified in the package manifest cannot be found.

CondaVerificationError: The package for jedi located at /home/raahimnawaz/miniforge3/pkgs/jedi-0.20.0-pyhcf101f3_0
appears to be corrupted. The path 'site-packages/jedi/third_party/typeshed/stubs/yt-dlp/yt_dlp/networking/_helper.pyi'
specified in the package manifest cannot be found.

CondaVerificationError: The package for jedi located at /home/raahimnawaz/miniforge3/pkgs/jedi-0.20.0-pyhcf101f3_0
appears to be corrupted. The path 'site-packages/jedi/third_party/typeshed/stubs/yt-dlp/yt_dlp/networking/common.pyi'
specified in the package manifest cannot be found.

CondaVerificationError: The package for jedi located at /home/raahimnawaz/miniforge3/pkgs/jedi-0.20.0-pyhcf101f3_0
appears to be corrupted. The path 'site-packages/jedi/third_party/typeshed/stubs/yt-dlp/yt_dlp/networking/exceptions.pyi'
specified in the package manifest cannot be found.

CondaVerificationError: The package for jedi located at /home/raahimnawaz/miniforge3/pkgs/jedi-0.20.0-pyhcf101f3_0
appears to be corrupted. The path 'site-packages/jedi/third_party/typeshed/stubs/yt-dlp/yt_dlp/networking/impersonate.pyi'
specified in the package manifest cannot be found.

CondaVerificationError: The package for jedi located at /home/raahimnawaz/miniforge3/pkgs/jedi-0.20.0-pyhcf101f3_0
appears to be corrupted. The path 'site-packages/jedi/third_party/typeshed/stubs/yt-dlp/yt_dlp/networking/websocket.pyi'
specified in the package manifest cannot be found.

CondaVerificationError: The package for jedi located at /home/raahimnawaz/miniforge3/pkgs/jedi-0.20.0-pyhcf101f3_0
appears to be corrupted. The path 'site-packages/jedi/third_party/typeshed/stubs/yt-dlp/yt_dlp/options.pyi'
specified in the package manifest cannot be found.

CondaVerificationError: The package for jedi located at /home/raahimnawaz/miniforge3/pkgs/jedi-0.20.0-pyhcf101f3_0
appears to be corrupted. The path 'site-packages/jedi/third_party/typeshed/stubs/yt-dlp/yt_dlp/plugins.pyi'
specified in the package manifest cannot be found.

CondaVerificationError: The package for jedi located at /home/raahimnawaz/miniforge3/pkgs/jedi-0.20.0-pyhcf101f3_0
appears to be corrupted. The path 'site-packages/jedi/third_party/typeshed/stubs/yt-dlp/yt_dlp/postprocessor/__init__.pyi'
specified in the package manifest cannot be found.

CondaVerificationError: The package for jedi located at /home/raahimnawaz/miniforge3/pkgs/jedi-0.20.0-pyhcf101f3_0
appears to be corrupted. The path 'site-packages/jedi/third_party/typeshed/stubs/yt-dlp/yt_dlp/postprocessor/common.pyi'
specified in the package manifest cannot be found.

CondaVerificationError: The package for jedi located at /home/raahimnawaz/miniforge3/pkgs/jedi-0.20.0-pyhcf101f3_0
appears to be corrupted. The path 'site-packages/jedi/third_party/typeshed/stubs/yt-dlp/yt_dlp/socks.pyi'
specified in the package manifest cannot be found.

CondaVerificationError: The package for jedi located at /home/raahimnawaz/miniforge3/pkgs/jedi-0.20.0-pyhcf101f3_0
appears to be corrupted. The path 'site-packages/jedi/third_party/typeshed/stubs/yt-dlp/yt_dlp/update.pyi'
specified in the package manifest cannot be found.

CondaVerificationError: The package for jedi located at /home/raahimnawaz/miniforge3/pkgs/jedi-0.20.0-pyhcf101f3_0
appears to be corrupted. The path 'site-packages/jedi/third_party/typeshed/stubs/yt-dlp/yt_dlp/utils/__init__.pyi'
specified in the package manifest cannot be found.

CondaVerificationError: The package for jedi located at /home/raahimnawaz/miniforge3/pkgs/jedi-0.20.0-pyhcf101f3_0
appears to be corrupted. The path 'site-packages/jedi/third_party/typeshed/stubs/yt-dlp/yt_dlp/utils/_deprecated.pyi'
specified in the package manifest cannot be found.

CondaVerificationError: The package for jedi located at /home/raahimnawaz/miniforge3/pkgs/jedi-0.20.0-pyhcf101f3_0
appears to be corrupted. The path 'site-packages/jedi/third_party/typeshed/stubs/yt-dlp/yt_dlp/utils/_jsruntime.pyi'
specified in the package manifest cannot be found.

CondaVerificationError: The package for jedi located at /home/raahimnawaz/miniforge3/pkgs/jedi-0.20.0-pyhcf101f3_0
appears to be corrupted. The path 'site-packages/jedi/third_party/typeshed/stubs/yt-dlp/yt_dlp/utils/_legacy.pyi'
specified in the package manifest cannot be found.

CondaVerificationError: The package for jedi located at /home/raahimnawaz/miniforge3/pkgs/jedi-0.20.0-pyhcf101f3_0
appears to be corrupted. The path 'site-packages/jedi/third_party/typeshed/stubs/yt-dlp/yt_dlp/utils/_utils.pyi'
specified in the package manifest cannot be found.

CondaVerificationError: The package for jedi located at /home/raahimnawaz/miniforge3/pkgs/jedi-0.20.0-pyhcf101f3_0
appears to be corrupted. The path 'site-packages/jedi/third_party/typeshed/stubs/yt-dlp/yt_dlp/utils/jslib/__init__.pyi'
specified in the package manifest cannot be found.

CondaVerificationError: The package for jedi located at /home/raahimnawaz/miniforge3/pkgs/jedi-0.20.0-pyhcf101f3_0
appears to be corrupted. The path 'site-packages/jedi/third_party/typeshed/stubs/yt-dlp/yt_dlp/utils/jslib/devalue.pyi'
specified in the package manifest cannot be found.

CondaVerificationError: The package for jedi located at /home/raahimnawaz/miniforge3/pkgs/jedi-0.20.0-pyhcf101f3_0
appears to be corrupted. The path 'site-packages/jedi/third_party/typeshed/stubs/yt-dlp/yt_dlp/utils/networking.pyi'
specified in the package manifest cannot be found.

CondaVerificationError: The package for jedi located at /home/raahimnawaz/miniforge3/pkgs/jedi-0.20.0-pyhcf101f3_0
appears to be corrupted. The path 'site-packages/jedi/third_party/typeshed/stubs/yt-dlp/yt_dlp/utils/progress.pyi'
specified in the package manifest cannot be found.

CondaVerificationError: The package for jedi located at /home/raahimnawaz/miniforge3/pkgs/jedi-0.20.0-pyhcf101f3_0
appears to be corrupted. The path 'site-packages/jedi/third_party/typeshed/stubs/yt-dlp/yt_dlp/utils/traversal.pyi'
specified in the package manifest cannot be found.

CondaVerificationError: The package for jedi located at /home/raahimnawaz/miniforge3/pkgs/jedi-0.20.0-pyhcf101f3_0
appears to be corrupted. The path 'site-packages/jedi/third_party/typeshed/stubs/yt-dlp/yt_dlp/version.pyi'
specified in the package manifest cannot be found.

CondaVerificationError: The package for jedi located at /home/raahimnawaz/miniforge3/pkgs/jedi-0.20.0-pyhcf101f3_0
appears to be corrupted. The path 'site-packages/jedi/third_party/typeshed/stubs/yt-dlp/yt_dlp/webvtt.pyi'
specified in the package manifest cannot be found.

CondaVerificationError: The package for jedi located at /home/raahimnawaz/miniforge3/pkgs/jedi-0.20.0-pyhcf101f3_0
appears to be corrupted. The path 'site-packages/jedi/third_party/typeshed/stubs/zstd/zstd.pyi'
specified in the package manifest cannot be found.

CondaVerificationError: The package for jedi located at /home/raahimnawaz/miniforge3/pkgs/jedi-0.20.0-pyhcf101f3_0
appears to be corrupted. The path 'site-packages/jedi/third_party/typeshed/stubs/zxcvbn/zxcvbn/__init__.pyi'
specified in the package manifest cannot be found.

CondaVerificationError: The package for jedi located at /home/raahimnawaz/miniforge3/pkgs/jedi-0.20.0-pyhcf101f3_0
appears to be corrupted. The path 'site-packages/jedi/third_party/typeshed/stubs/zxcvbn/zxcvbn/adjacency_graphs.pyi'
specified in the package manifest cannot be found.

CondaVerificationError: The package for jedi located at /home/raahimnawaz/miniforge3/pkgs/jedi-0.20.0-pyhcf101f3_0
appears to be corrupted. The path 'site-packages/jedi/third_party/typeshed/stubs/zxcvbn/zxcvbn/feedback.pyi'
specified in the package manifest cannot be found.

CondaVerificationError: The package for jedi located at /home/raahimnawaz/miniforge3/pkgs/jedi-0.20.0-pyhcf101f3_0
appears to be corrupted. The path 'site-packages/jedi/third_party/typeshed/stubs/zxcvbn/zxcvbn/frequency_lists.pyi'
specified in the package manifest cannot be found.

CondaVerificationError: The package for jedi located at /home/raahimnawaz/miniforge3/pkgs/jedi-0.20.0-pyhcf101f3_0
appears to be corrupted. The path 'site-packages/jedi/third_party/typeshed/stubs/zxcvbn/zxcvbn/matching.pyi'
specified in the package manifest cannot be found.

CondaVerificationError: The package for jedi located at /home/raahimnawaz/miniforge3/pkgs/jedi-0.20.0-pyhcf101f3_0
appears to be corrupted. The path 'site-packages/jedi/third_party/typeshed/stubs/zxcvbn/zxcvbn/scoring.pyi'
specified in the package manifest cannot be found.

CondaVerificationError: The package for jedi located at /home/raahimnawaz/miniforge3/pkgs/jedi-0.20.0-pyhcf101f3_0
appears to be corrupted. The path 'site-packages/jedi/third_party/typeshed/stubs/zxcvbn/zxcvbn/time_estimates.pyi'
specified in the package manifest cannot be found.

CondaVerificationError: The package for jedi located at /home/raahimnawaz/miniforge3/pkgs/jedi-0.20.0-pyhcf101f3_0
appears to be corrupted. The path 'site-packages/jedi/utils.py'
specified in the package manifest cannot be found.

CondaVerificationError: The package for jedi located at /home/raahimnawaz/miniforge3/pkgs/jedi-0.20.0-pyhcf101f3_0
appears to be corrupted. The path 'site-packages/jedi-0.20.0.dist-info/INSTALLER'
specified in the package manifest cannot be found.

CondaVerificationError: The package for jedi located at /home/raahimnawaz/miniforge3/pkgs/jedi-0.20.0-pyhcf101f3_0
appears to be corrupted. The path 'site-packages/jedi-0.20.0.dist-info/METADATA'
specified in the package manifest cannot be found.

CondaVerificationError: The package for jedi located at /home/raahimnawaz/miniforge3/pkgs/jedi-0.20.0-pyhcf101f3_0
appears to be corrupted. The path 'site-packages/jedi-0.20.0.dist-info/RECORD'
specified in the package manifest cannot be found.

CondaVerificationError: The package for jedi located at /home/raahimnawaz/miniforge3/pkgs/jedi-0.20.0-pyhcf101f3_0
appears to be corrupted. The path 'site-packages/jedi-0.20.0.dist-info/REQUESTED'
specified in the package manifest cannot be found.

CondaVerificationError: The package for jedi located at /home/raahimnawaz/miniforge3/pkgs/jedi-0.20.0-pyhcf101f3_0
appears to be corrupted. The path 'site-packages/jedi-0.20.0.dist-info/WHEEL'
specified in the package manifest cannot be found.

CondaVerificationError: The package for jedi located at /home/raahimnawaz/miniforge3/pkgs/jedi-0.20.0-pyhcf101f3_0
appears to be corrupted. The path 'site-packages/jedi-0.20.0.dist-info/direct_url.json'
specified in the package manifest cannot be found.

CondaVerificationError: The package for jedi located at /home/raahimnawaz/miniforge3/pkgs/jedi-0.20.0-pyhcf101f3_0
appears to be corrupted. The path 'site-packages/jedi-0.20.0.dist-info/licenses/AUTHORS.txt'
specified in the package manifest cannot be found.

CondaVerificationError: The package for jedi located at /home/raahimnawaz/miniforge3/pkgs/jedi-0.20.0-pyhcf101f3_0
appears to be corrupted. The path 'site-packages/jedi-0.20.0.dist-info/licenses/LICENSE.txt'
specified in the package manifest cannot be found.

CondaVerificationError: The package for jedi located at /home/raahimnawaz/miniforge3/pkgs/jedi-0.20.0-pyhcf101f3_0
appears to be corrupted. The path 'site-packages/jedi-0.20.0.dist-info/top_level.txt'
specified in the package manifest cannot be found.

CondaVerificationError: The package for openldap located at /home/raahimnawaz/miniforge3/pkgs/openldap-2.6.13-hbde042b_0
appears to be corrupted. The path 'bin/ldapcompare'
specified in the package manifest cannot be found.

CondaVerificationError: The package for openldap located at /home/raahimnawaz/miniforge3/pkgs/openldap-2.6.13-hbde042b_0
appears to be corrupted. The path 'bin/ldapmodify'
specified in the package manifest cannot be found.

CondaVerificationError: The package for openldap located at /home/raahimnawaz/miniforge3/pkgs/openldap-2.6.13-hbde042b_0
appears to be corrupted. The path 'bin/ldapsearch'
specified in the package manifest cannot be found.

CondaVerificationError: The package for openldap located at /home/raahimnawaz/miniforge3/pkgs/openldap-2.6.13-hbde042b_0
appears to be corrupted. The path 'bin/ldapurl'
specified in the package manifest cannot be found.

CondaVerificationError: The package for openldap located at /home/raahimnawaz/miniforge3/pkgs/openldap-2.6.13-hbde042b_0
appears to be corrupted. The path 'bin/ldapwhoami'
specified in the package manifest cannot be found.

CondaVerificationError: The package for openldap located at /home/raahimnawaz/miniforge3/pkgs/openldap-2.6.13-hbde042b_0
appears to be corrupted. The path 'include/lber.h'
specified in the package manifest cannot be found.

CondaVerificationError: The package for openldap located at /home/raahimnawaz/miniforge3/pkgs/openldap-2.6.13-hbde042b_0
appears to be corrupted. The path 'include/lber_types.h'
specified in the package manifest cannot be found.

CondaVerificationError: The package for openldap located at /home/raahimnawaz/miniforge3/pkgs/openldap-2.6.13-hbde042b_0
appears to be corrupted. The path 'include/ldap.h'
specified in the package manifest cannot be found.

CondaVerificationError: The package for openldap located at /home/raahimnawaz/miniforge3/pkgs/openldap-2.6.13-hbde042b_0
appears to be corrupted. The path 'include/ldap_features.h'
specified in the package manifest cannot be found.

CondaVerificationError: The package for openldap located at /home/raahimnawaz/miniforge3/pkgs/openldap-2.6.13-hbde042b_0
appears to be corrupted. The path 'include/ldap_schema.h'
specified in the package manifest cannot be found.

CondaVerificationError: The package for openldap located at /home/raahimnawaz/miniforge3/pkgs/openldap-2.6.13-hbde042b_0
appears to be corrupted. The path 'include/ldap_utf8.h'
specified in the package manifest cannot be found.

CondaVerificationError: The package for openldap located at /home/raahimnawaz/miniforge3/pkgs/openldap-2.6.13-hbde042b_0
appears to be corrupted. The path 'include/openldap.h'
specified in the package manifest cannot be found.

CondaVerificationError: The package for openldap located at /home/raahimnawaz/miniforge3/pkgs/openldap-2.6.13-hbde042b_0
appears to be corrupted. The path 'lib/liblber.so'
specified in the package manifest cannot be found.

CondaVerificationError: The package for openldap located at /home/raahimnawaz/miniforge3/pkgs/openldap-2.6.13-hbde042b_0
appears to be corrupted. The path 'lib/liblber.so.2'
specified in the package manifest cannot be found.

CondaVerificationError: The package for openldap located at /home/raahimnawaz/miniforge3/pkgs/openldap-2.6.13-hbde042b_0
appears to be corrupted. The path 'lib/libldap.so.2.0.200'
specified in the package manifest cannot be found.

CondaVerificationError: The package for openldap located at /home/raahimnawaz/miniforge3/pkgs/openldap-2.6.13-hbde042b_0
appears to be corrupted. The path 'share/man/man1/ldapcompare.1'
specified in the package manifest cannot be found.

CondaVerificationError: The package for openldap located at /home/raahimnawaz/miniforge3/pkgs/openldap-2.6.13-hbde042b_0
appears to be corrupted. The path 'share/man/man1/ldapvc.1'
specified in the package manifest cannot be found.

CondaVerificationError: The package for openldap located at /home/raahimnawaz/miniforge3/pkgs/openldap-2.6.13-hbde042b_0
appears to be corrupted. The path 'share/man/man1/ldapwhoami.1'
specified in the package manifest cannot be found.

CondaVerificationError: The package for openldap located at /home/raahimnawaz/miniforge3/pkgs/openldap-2.6.13-hbde042b_0
appears to be corrupted. The path 'share/man/man3/ber_alloc_t.3'
specified in the package manifest cannot be found.

CondaVerificationError: The package for openldap located at /home/raahimnawaz/miniforge3/pkgs/openldap-2.6.13-hbde042b_0
appears to be corrupted. The path 'share/man/man3/ber_bvarray_add.3'
specified in the package manifest cannot be found.

CondaVerificationError: The package for openldap located at /home/raahimnawaz/miniforge3/pkgs/openldap-2.6.13-hbde042b_0
appears to be corrupted. The path 'share/man/man3/ber_bvarray_free.3'
specified in the package manifest cannot be found.

CondaVerificationError: The package for openldap located at /home/raahimnawaz/miniforge3/pkgs/openldap-2.6.13-hbde042b_0
appears to be corrupted. The path 'share/man/man3/ber_bvfree.3'
specified in the package manifest cannot be found.

CondaVerificationError: The package for openldap located at /home/raahimnawaz/miniforge3/pkgs/openldap-2.6.13-hbde042b_0
appears to be corrupted. The path 'share/man/man3/ber_bvstr.3'
specified in the package manifest cannot be found.

CondaVerificationError: The package for openldap located at /home/raahimnawaz/miniforge3/pkgs/openldap-2.6.13-hbde042b_0
appears to be corrupted. The path 'share/man/man3/ber_dupbv.3'
specified in the package manifest cannot be found.

CondaVerificationError: The package for openldap located at /home/raahimnawaz/miniforge3/pkgs/openldap-2.6.13-hbde042b_0
appears to be corrupted. The path 'share/man/man3/ber_first_element.3'
specified in the package manifest cannot be found.

CondaVerificationError: The package for openldap located at /home/raahimnawaz/miniforge3/pkgs/openldap-2.6.13-hbde042b_0
appears to be corrupted. The path 'share/man/man3/ber_flush.3'
specified in the package manifest cannot be found.

CondaVerificationError: The package for openldap located at /home/raahimnawaz/miniforge3/pkgs/openldap-2.6.13-hbde042b_0
appears to be corrupted. The path 'share/man/man3/ber_get_boolean.3'
specified in the package manifest cannot be found.

CondaVerificationError: The package for openldap located at /home/raahimnawaz/miniforge3/pkgs/openldap-2.6.13-hbde042b_0
appears to be corrupted. The path 'share/man/man3/ber_get_enum.3'
specified in the package manifest cannot be found.

CondaVerificationError: The package for openldap located at /home/raahimnawaz/miniforge3/pkgs/openldap-2.6.13-hbde042b_0
appears to be corrupted. The path 'share/man/man3/ber_get_int.3'
specified in the package manifest cannot be found.

CondaVerificationError: The package for openldap located at /home/raahimnawaz/miniforge3/pkgs/openldap-2.6.13-hbde042b_0
appears to be corrupted. The path 'share/man/man3/ber_get_stringa.3'
specified in the package manifest cannot be found.

CondaVerificationError: The package for openldap located at /home/raahimnawaz/miniforge3/pkgs/openldap-2.6.13-hbde042b_0
appears to be corrupted. The path 'share/man/man3/ber_next_element.3'
specified in the package manifest cannot be found.

CondaVerificationError: The package for openldap located at /home/raahimnawaz/miniforge3/pkgs/openldap-2.6.13-hbde042b_0
appears to be corrupted. The path 'share/man/man3/ber_put_ostring.3'
specified in the package manifest cannot be found.

CondaVerificationError: The package for openldap located at /home/raahimnawaz/miniforge3/pkgs/openldap-2.6.13-hbde042b_0
appears to be corrupted. The path 'share/man/man3/ber_put_seq.3'
specified in the package manifest cannot be found.

CondaVerificationError: The package for openldap located at /home/raahimnawaz/miniforge3/pkgs/openldap-2.6.13-hbde042b_0
appears to be corrupted. The path 'share/man/man3/ber_put_set.3'
specified in the package manifest cannot be found.

CondaVerificationError: The package for openldap located at /home/raahimnawaz/miniforge3/pkgs/openldap-2.6.13-hbde042b_0
appears to be corrupted. The path 'share/man/man3/ber_scanf.3'
specified in the package manifest cannot be found.

CondaVerificationError: The package for openldap located at /home/raahimnawaz/miniforge3/pkgs/openldap-2.6.13-hbde042b_0
appears to be corrupted. The path 'share/man/man3/ber_skip_tag.3'
specified in the package manifest cannot be found.

CondaVerificationError: The package for openldap located at /home/raahimnawaz/miniforge3/pkgs/openldap-2.6.13-hbde042b_0
appears to be corrupted. The path 'share/man/man3/ber_str2bv.3'
specified in the package manifest cannot be found.

CondaVerificationError: The package for openldap located at /home/raahimnawaz/miniforge3/pkgs/openldap-2.6.13-hbde042b_0
appears to be corrupted. The path 'share/man/man3/lber-memory.3'
specified in the package manifest cannot be found.

CondaVerificationError: The package for openldap located at /home/raahimnawaz/miniforge3/pkgs/openldap-2.6.13-hbde042b_0
appears to be corrupted. The path 'share/man/man3/lber-sockbuf.3'
specified in the package manifest cannot be found.

CondaVerificationError: The package for openldap located at /home/raahimnawaz/miniforge3/pkgs/openldap-2.6.13-hbde042b_0
appears to be corrupted. The path 'share/man/man3/ldap_add_s.3'
specified in the package manifest cannot be found.

CondaVerificationError: The package for openldap located at /home/raahimnawaz/miniforge3/pkgs/openldap-2.6.13-hbde042b_0
appears to be corrupted. The path 'share/man/man3/ldap_attributetype2name.3'
specified in the package manifest cannot be found.

CondaVerificationError: The package for openldap located at /home/raahimnawaz/miniforge3/pkgs/openldap-2.6.13-hbde042b_0
appears to be corrupted. The path 'share/man/man3/ldap_compare.3'
specified in the package manifest cannot be found.

CondaVerificationError: The package for openldap located at /home/raahimnawaz/miniforge3/pkgs/openldap-2.6.13-hbde042b_0
appears to be corrupted. The path 'share/man/man3/ldap_compare_ext.3'
specified in the package manifest cannot be found.

CondaVerificationError: The package for openldap located at /home/raahimnawaz/miniforge3/pkgs/openldap-2.6.13-hbde042b_0
appears to be corrupted. The path 'share/man/man3/ldap_compare_ext_s.3'
specified in the package manifest cannot be found.

CondaVerificationError: The package for openldap located at /home/raahimnawaz/miniforge3/pkgs/openldap-2.6.13-hbde042b_0
appears to be corrupted. The path 'share/man/man3/ldap_control_dup.3'
specified in the package manifest cannot be found.

CondaVerificationError: The package for openldap located at /home/raahimnawaz/miniforge3/pkgs/openldap-2.6.13-hbde042b_0
appears to be corrupted. The path 'share/man/man3/ldap_control_free.3'
specified in the package manifest cannot be found.

CondaVerificationError: The package for openldap located at /home/raahimnawaz/miniforge3/pkgs/openldap-2.6.13-hbde042b_0
appears to be corrupted. The path 'share/man/man3/ldap_controls.3'
specified in the package manifest cannot be found.

CondaVerificationError: The package for openldap located at /home/raahimnawaz/miniforge3/pkgs/openldap-2.6.13-hbde042b_0
appears to be corrupted. The path 'share/man/man3/ldap_count_values.3'
specified in the package manifest cannot be found.

CondaVerificationError: The package for openldap located at /home/raahimnawaz/miniforge3/pkgs/openldap-2.6.13-hbde042b_0
appears to be corrupted. The path 'share/man/man3/ldap_count_values_len.3'
specified in the package manifest cannot be found.

CondaVerificationError: The package for openldap located at /home/raahimnawaz/miniforge3/pkgs/openldap-2.6.13-hbde042b_0
appears to be corrupted. The path 'share/man/man3/ldap_dcedn2dn.3'
specified in the package manifest cannot be found.

CondaVerificationError: The package for openldap located at /home/raahimnawaz/miniforge3/pkgs/openldap-2.6.13-hbde042b_0
appears to be corrupted. The path 'share/man/man3/ldap_delete.3'
specified in the package manifest cannot be found.

CondaVerificationError: The package for openldap located at /home/raahimnawaz/miniforge3/pkgs/openldap-2.6.13-hbde042b_0
appears to be corrupted. The path 'share/man/man3/ldap_delete_ext.3'
specified in the package manifest cannot be found.

CondaVerificationError: The package for openldap located at /home/raahimnawaz/miniforge3/pkgs/openldap-2.6.13-hbde042b_0
appears to be corrupted. The path 'share/man/man3/ldap_delete_s.3'
specified in the package manifest cannot be found.

CondaVerificationError: The package for openldap located at /home/raahimnawaz/miniforge3/pkgs/openldap-2.6.13-hbde042b_0
appears to be corrupted. The path 'share/man/man3/ldap_dnfree.3'
specified in the package manifest cannot be found.

CondaVerificationError: The package for openldap located at /home/raahimnawaz/miniforge3/pkgs/openldap-2.6.13-hbde042b_0
appears to be corrupted. The path 'share/man/man3/ldap_dup.3'
specified in the package manifest cannot be found.

CondaVerificationError: The package for openldap located at /home/raahimnawaz/miniforge3/pkgs/openldap-2.6.13-hbde042b_0
appears to be corrupted. The path 'share/man/man3/ldap_error.3'
specified in the package manifest cannot be found.

CondaVerificationError: The package for openldap located at /home/raahimnawaz/miniforge3/pkgs/openldap-2.6.13-hbde042b_0
appears to be corrupted. The path 'share/man/man3/ldap_explode_rdn.3'
specified in the package manifest cannot be found.

CondaVerificationError: The package for openldap located at /home/raahimnawaz/miniforge3/pkgs/openldap-2.6.13-hbde042b_0
appears to be corrupted. The path 'share/man/man3/ldap_extended_operation.3'
specified in the package manifest cannot be found.

CondaVerificationError: The package for openldap located at /home/raahimnawaz/miniforge3/pkgs/openldap-2.6.13-hbde042b_0
appears to be corrupted. The path 'share/man/man3/ldap_first_reference.3'
specified in the package manifest cannot be found.

CondaVerificationError: The package for openldap located at /home/raahimnawaz/miniforge3/pkgs/openldap-2.6.13-hbde042b_0
appears to be corrupted. The path 'share/man/man3/ldap_free_urldesc.3'
specified in the package manifest cannot be found.

CondaVerificationError: The package for openldap located at /home/raahimnawaz/miniforge3/pkgs/openldap-2.6.13-hbde042b_0
appears to be corrupted. The path 'share/man/man3/ldap_get_values.3'
specified in the package manifest cannot be found.

CondaVerificationError: The package for openldap located at /home/raahimnawaz/miniforge3/pkgs/openldap-2.6.13-hbde042b_0
appears to be corrupted. The path 'share/man/man3/ldap_get_values_len.3'
specified in the package manifest cannot be found.

CondaVerificationError: The package for openldap located at /home/raahimnawaz/miniforge3/pkgs/openldap-2.6.13-hbde042b_0
appears to be corrupted. The path 'share/man/man3/ldap_matchingrule2str.3'
specified in the package manifest cannot be found.

CondaVerificationError: The package for openldap located at /home/raahimnawaz/miniforge3/pkgs/openldap-2.6.13-hbde042b_0
appears to be corrupted. The path 'share/man/man3/ldap_modify.3'
specified in the package manifest cannot be found.

CondaVerificationError: The package for openldap located at /home/raahimnawaz/miniforge3/pkgs/openldap-2.6.13-hbde042b_0
appears to be corrupted. The path 'share/man/man3/ldap_modify_ext_s.3'
specified in the package manifest cannot be found.

CondaVerificationError: The package for openldap located at /home/raahimnawaz/miniforge3/pkgs/openldap-2.6.13-hbde042b_0
appears to be corrupted. The path 'share/man/man3/ldap_modrdn.3'
specified in the package manifest cannot be found.

CondaVerificationError: The package for openldap located at /home/raahimnawaz/miniforge3/pkgs/openldap-2.6.13-hbde042b_0
appears to be corrupted. The path 'share/man/man3/ldap_modrdn_s.3'
specified in the package manifest cannot be found.

CondaVerificationError: The package for openldap located at /home/raahimnawaz/miniforge3/pkgs/openldap-2.6.13-hbde042b_0
appears to be corrupted. The path 'share/man/man3/ldap_mods_free.3'
specified in the package manifest cannot be found.

CondaVerificationError: The package for openldap located at /home/raahimnawaz/miniforge3/pkgs/openldap-2.6.13-hbde042b_0
appears to be corrupted. The path 'share/man/man3/ldap_msgfree.3'
specified in the package manifest cannot be found.

CondaVerificationError: The package for openldap located at /home/raahimnawaz/miniforge3/pkgs/openldap-2.6.13-hbde042b_0
appears to be corrupted. The path 'share/man/man3/ldap_next_entry.3'
specified in the package manifest cannot be found.

CondaVerificationError: The package for openldap located at /home/raahimnawaz/miniforge3/pkgs/openldap-2.6.13-hbde042b_0
appears to be corrupted. The path 'share/man/man3/ldap_next_message.3'
specified in the package manifest cannot be found.

CondaVerificationError: The package for openldap located at /home/raahimnawaz/miniforge3/pkgs/openldap-2.6.13-hbde042b_0
appears to be corrupted. The path 'share/man/man3/ldap_next_reference.3'
specified in the package manifest cannot be found.

CondaVerificationError: The package for openldap located at /home/raahimnawaz/miniforge3/pkgs/openldap-2.6.13-hbde042b_0
appears to be corrupted. The path 'share/man/man3/ldap_parse_intermediate.3'
specified in the package manifest cannot be found.

CondaVerificationError: The package for openldap located at /home/raahimnawaz/miniforge3/pkgs/openldap-2.6.13-hbde042b_0
appears to be corrupted. The path 'share/man/man3/ldap_parse_result.3'
specified in the package manifest cannot be found.

CondaVerificationError: The package for openldap located at /home/raahimnawaz/miniforge3/pkgs/openldap-2.6.13-hbde042b_0
appears to be corrupted. The path 'share/man/man3/ldap_parse_sasl_bind_result.3'
specified in the package manifest cannot be found.

CondaVerificationError: The package for openldap located at /home/raahimnawaz/miniforge3/pkgs/openldap-2.6.13-hbde042b_0
appears to be corrupted. The path 'share/man/man3/ldap_rename.3'
specified in the package manifest cannot be found.

CondaVerificationError: The package for openldap located at /home/raahimnawaz/miniforge3/pkgs/openldap-2.6.13-hbde042b_0
appears to be corrupted. The path 'share/man/man3/ldap_rename_s.3'
specified in the package manifest cannot be found.

CondaVerificationError: The package for openldap located at /home/raahimnawaz/miniforge3/pkgs/openldap-2.6.13-hbde042b_0
appears to be corrupted. The path 'share/man/man3/ldap_sasl_bind.3'
specified in the package manifest cannot be found.

CondaVerificationError: The package for openldap located at /home/raahimnawaz/miniforge3/pkgs/openldap-2.6.13-hbde042b_0
appears to be corrupted. The path 'share/man/man3/ldap_sasl_bind_s.3'
specified in the package manifest cannot be found.

CondaVerificationError: The package for openldap located at /home/raahimnawaz/miniforge3/pkgs/openldap-2.6.13-hbde042b_0
appears to be corrupted. The path 'share/man/man3/ldap_schema.3'
specified in the package manifest cannot be found.

CondaVerificationError: The package for openldap located at /home/raahimnawaz/miniforge3/pkgs/openldap-2.6.13-hbde042b_0
appears to be corrupted. The path 'share/man/man3/ldap_search.3'
specified in the package manifest cannot be found.

CondaVerificationError: The package for openldap located at /home/raahimnawaz/miniforge3/pkgs/openldap-2.6.13-hbde042b_0
appears to be corrupted. The path 'share/man/man3/ldap_search_ext.3'
specified in the package manifest cannot be found.

CondaVerificationError: The package for openldap located at /home/raahimnawaz/miniforge3/pkgs/openldap-2.6.13-hbde042b_0
appears to be corrupted. The path 'share/man/man3/ldap_search_ext_s.3'
specified in the package manifest cannot be found.

CondaVerificationError: The package for openldap located at /home/raahimnawaz/miniforge3/pkgs/openldap-2.6.13-hbde042b_0
appears to be corrupted. The path 'share/man/man3/ldap_search_st.3'
specified in the package manifest cannot be found.

CondaVerificationError: The package for openldap located at /home/raahimnawaz/miniforge3/pkgs/openldap-2.6.13-hbde042b_0
appears to be corrupted. The path 'share/man/man3/ldap_set_rebind_proc.3'
specified in the package manifest cannot be found.

CondaVerificationError: The package for openldap located at /home/raahimnawaz/miniforge3/pkgs/openldap-2.6.13-hbde042b_0
appears to be corrupted. The path 'share/man/man3/ldap_sort.3'
specified in the package manifest cannot be found.

CondaVerificationError: The package for openldap located at /home/raahimnawaz/miniforge3/pkgs/openldap-2.6.13-hbde042b_0
appears to be corrupted. The path 'share/man/man3/ldap_start_tls.3'
specified in the package manifest cannot be found.

CondaVerificationError: The package for openldap located at /home/raahimnawaz/miniforge3/pkgs/openldap-2.6.13-hbde042b_0
appears to be corrupted. The path 'share/man/man3/ldap_str2dn.3'
specified in the package manifest cannot be found.

CondaVerificationError: The package for openldap located at /home/raahimnawaz/miniforge3/pkgs/openldap-2.6.13-hbde042b_0
appears to be corrupted. The path 'share/man/man3/ldap_str2objectclass.3'
specified in the package manifest cannot be found.

CondaVerificationError: The package for openldap located at /home/raahimnawaz/miniforge3/pkgs/openldap-2.6.13-hbde042b_0
appears to be corrupted. The path 'share/man/man3/ldap_str2syntax.3'
specified in the package manifest cannot be found.

CondaVerificationError: The package for openldap located at /home/raahimnawaz/miniforge3/pkgs/openldap-2.6.13-hbde042b_0
appears to be corrupted. The path 'share/man/man3/ldap_sync.3'
specified in the package manifest cannot be found.

CondaVerificationError: The package for openldap located at /home/raahimnawaz/miniforge3/pkgs/openldap-2.6.13-hbde042b_0
appears to be corrupted. The path 'share/man/man3/ldap_syntax2str.3'
specified in the package manifest cannot be found.

CondaVerificationError: The package for openldap located at /home/raahimnawaz/miniforge3/pkgs/openldap-2.6.13-hbde042b_0
appears to be corrupted. The path 'share/man/man3/ldap_syntax_free.3'
specified in the package manifest cannot be found.

CondaVerificationError: The package for openldap located at /home/raahimnawaz/miniforge3/pkgs/openldap-2.6.13-hbde042b_0
appears to be corrupted. The path 'share/man/man3/ldap_tls_inplace.3'
specified in the package manifest cannot be found.

CondaVerificationError: The package for openldap located at /home/raahimnawaz/miniforge3/pkgs/openldap-2.6.13-hbde042b_0
appears to be corrupted. The path 'share/man/man3/ldap_unbind.3'
specified in the package manifest cannot be found.

CondaVerificationError: The package for openldap located at /home/raahimnawaz/miniforge3/pkgs/openldap-2.6.13-hbde042b_0
appears to be corrupted. The path 'share/man/man3/ldap_unbind_ext.3'
specified in the package manifest cannot be found.

CondaVerificationError: The package for openldap located at /home/raahimnawaz/miniforge3/pkgs/openldap-2.6.13-hbde042b_0
appears to be corrupted. The path 'share/man/man5/lloadd.conf.5'
specified in the package manifest cannot be found.

CondaVerificationError: The package for openldap located at /home/raahimnawaz/miniforge3/pkgs/openldap-2.6.13-hbde042b_0
appears to be corrupted. The path 'share/man/man5/slapd-config.5'
specified in the package manifest cannot be found.

CondaVerificationError: The package for openldap located at /home/raahimnawaz/miniforge3/pkgs/openldap-2.6.13-hbde042b_0
appears to be corrupted. The path 'share/man/man5/slapd-meta.5'
specified in the package manifest cannot be found.

CondaVerificationError: The package for openldap located at /home/raahimnawaz/miniforge3/pkgs/openldap-2.6.13-hbde042b_0
appears to be corrupted. The path 'share/man/man5/slapd-monitor.5'
specified in the package manifest cannot be found.

CondaVerificationError: The package for openldap located at /home/raahimnawaz/miniforge3/pkgs/openldap-2.6.13-hbde042b_0
appears to be corrupted. The path 'share/man/man5/slapd-passwd.5'
specified in the package manifest cannot be found.

CondaVerificationError: The package for openldap located at /home/raahimnawaz/miniforge3/pkgs/openldap-2.6.13-hbde042b_0
appears to be corrupted. The path 'share/man/man5/slapd-sock.5'
specified in the package manifest cannot be found.

CondaVerificationError: The package for openldap located at /home/raahimnawaz/miniforge3/pkgs/openldap-2.6.13-hbde042b_0
appears to be corrupted. The path 'share/man/man5/slapd.conf.5'
specified in the package manifest cannot be found.

CondaVerificationError: The package for openldap located at /home/raahimnawaz/miniforge3/pkgs/openldap-2.6.13-hbde042b_0
appears to be corrupted. The path 'share/man/man5/slapd.overlays.5'
specified in the package manifest cannot be found.

CondaVerificationError: The package for openldap located at /home/raahimnawaz/miniforge3/pkgs/openldap-2.6.13-hbde042b_0
appears to be corrupted. The path 'share/man/man5/slapd.plugin.5'
specified in the package manifest cannot be found.

CondaVerificationError: The package for openldap located at /home/raahimnawaz/miniforge3/pkgs/openldap-2.6.13-hbde042b_0
appears to be corrupted. The path 'share/man/man5/slapo-auditlog.5'
specified in the package manifest cannot be found.

CondaVerificationError: The package for openldap located at /home/raahimnawaz/miniforge3/pkgs/openldap-2.6.13-hbde042b_0
appears to be corrupted. The path 'share/man/man5/slapo-collect.5'
specified in the package manifest cannot be found.

CondaVerificationError: The package for openldap located at /home/raahimnawaz/miniforge3/pkgs/openldap-2.6.13-hbde042b_0
appears to be corrupted. The path 'share/man/man5/slapo-constraint.5'
specified in the package manifest cannot be found.

CondaVerificationError: The package for openldap located at /home/raahimnawaz/miniforge3/pkgs/openldap-2.6.13-hbde042b_0
appears to be corrupted. The path 'share/man/man5/slapo-deref.5'
specified in the package manifest cannot be found.

CondaVerificationError: The package for openldap located at /home/raahimnawaz/miniforge3/pkgs/openldap-2.6.13-hbde042b_0
appears to be corrupted. The path 'share/man/man5/slapo-homedir.5'
specified in the package manifest cannot be found.

CondaVerificationError: The package for openldap located at /home/raahimnawaz/miniforge3/pkgs/openldap-2.6.13-hbde042b_0
appears to be corrupted. The path 'share/man/man5/slapo-nestgroup.5'
specified in the package manifest cannot be found.

CondaVerificationError: The package for openldap located at /home/raahimnawaz/miniforge3/pkgs/openldap-2.6.13-hbde042b_0
appears to be corrupted. The path 'share/man/man5/slapo-otp.5'
specified in the package manifest cannot be found.

CondaVerificationError: The package for openldap located at /home/raahimnawaz/miniforge3/pkgs/openldap-2.6.13-hbde042b_0
appears to be corrupted. The path 'share/man/man5/slapo-pcache.5'
specified in the package manifest cannot be found.

CondaVerificationError: The package for openldap located at /home/raahimnawaz/miniforge3/pkgs/openldap-2.6.13-hbde042b_0
appears to be corrupted. The path 'share/man/man5/slapo-ppolicy.5'
specified in the package manifest cannot be found.

CondaVerificationError: The package for openldap located at /home/raahimnawaz/miniforge3/pkgs/openldap-2.6.13-hbde042b_0
appears to be corrupted. The path 'share/man/man5/slapo-remoteauth.5'
specified in the package manifest cannot be found.

CondaVerificationError: The package for openldap located at /home/raahimnawaz/miniforge3/pkgs/openldap-2.6.13-hbde042b_0
appears to be corrupted. The path 'share/man/man5/slapo-retcode.5'
specified in the package manifest cannot be found.

CondaVerificationError: The package for openldap located at /home/raahimnawaz/miniforge3/pkgs/openldap-2.6.13-hbde042b_0
appears to be corrupted. The path 'share/man/man5/slapo-sock.5'
specified in the package manifest cannot be found.

CondaVerificationError: The package for openldap located at /home/raahimnawaz/miniforge3/pkgs/openldap-2.6.13-hbde042b_0
appears to be corrupted. The path 'share/man/man5/slapo-valsort.5'
specified in the package manifest cannot be found.

CondaVerificationError: The package for openldap located at /home/raahimnawaz/miniforge3/pkgs/openldap-2.6.13-hbde042b_0
appears to be corrupted. The path 'share/man/man8/slapacl.8'
specified in the package manifest cannot be found.

CondaVerificationError: The package for openldap located at /home/raahimnawaz/miniforge3/pkgs/openldap-2.6.13-hbde042b_0
appears to be corrupted. The path 'share/man/man8/slapauth.8'
specified in the package manifest cannot be found.

CondaVerificationError: The package for openldap located at /home/raahimnawaz/miniforge3/pkgs/openldap-2.6.13-hbde042b_0
appears to be corrupted. The path 'share/man/man8/slapcat.8'
specified in the package manifest cannot be found.

CondaVerificationError: The package for openldap located at /home/raahimnawaz/miniforge3/pkgs/openldap-2.6.13-hbde042b_0
appears to be corrupted. The path 'share/man/man8/slapdn.8'
specified in the package manifest cannot be found.

CondaVerificationError: The package for openldap located at /home/raahimnawaz/miniforge3/pkgs/openldap-2.6.13-hbde042b_0
appears to be corrupted. The path 'share/man/man8/slapindex.8'
specified in the package manifest cannot be found.

CondaVerificationError: The package for openldap located at /home/raahimnawaz/miniforge3/pkgs/openldap-2.6.13-hbde042b_0
appears to be corrupted. The path 'share/man/man8/slapmodify.8'
specified in the package manifest cannot be found.

CondaVerificationError: The package for openldap located at /home/raahimnawaz/miniforge3/pkgs/openldap-2.6.13-hbde042b_0
appears to be corrupted. The path 'share/man/man8/slaptest.8'
specified in the package manifest cannot be found.


